2,1,Nikki's Pinky,,S,,A,,A,,A,A,,,,Start,
,2,??,,,,,,,,,,,,,,
,3,??,,,,,,,,,,,,,,
3,4,Sporty Teenager,,S,,A,,A,,S,,A,Unisex,,"Store, Mystery, Fantasy",
3,5,Untamed Heart,,S,,S,,A,,A,,S,Unisex,,Customize,
3,6,Rising Star,,A,,S,,S,,B,,S,Unisex,,Customize,
2,7,Elegant Nobleman,,B,,A,,S,,B,,S,Unisex,,"Stage, Mystery",
2,8,Brother Next Door,,S,,S,A,,,C,,A,Unisex,,Customize,
2,9,Snow Wolf,A,,A,,C,,S,,,A,Unisex,,Customize,
2,10,Perfect Senior,,S,,B,,A,,A,,A,Unisex,,"Store, Stage, Mystery",
2,11,Mysterious Guest,,S,A,,A,,,A,,A,Unisex,,Customize,
2,12,Fantasy Emissary,,S,,S,,A,,C,,S,Unisex,,Customize,
2,13,Scientist,,S,B,,,A,,C,,S,Unisex,,"Store, Stage, Mystery",
2,14,Coffee Shop Owner,,S,S,,,A,,C,,A,Unisex,,Customize,
,15,??,,,,,,,,,,,,,,
3,16,Silver-wings Hero,A,,,S,S,,A,,S,,Unisex,,"Store, Mystery, Fantasy",
3,17,Shallow Laziness,,A,B,,,S,,S,,A,,,"Recipe, Mystery",
3,18,Golden Glow,A,,,A,,S,A,,,A,,,Customize,
3,19,Wine Red,S,,C,,,S,A,,,S,,,Customize,Tabby Cat
5,20,Pinky-White Curls,SS,,,S,,A,B,,SS,,,,Mystery,
5,21,Golden-Beige Curls,S,,S,,,A,,A,S,,,,Customize,
5,22,Dark-Blue Curls,S,,S,,S,,S,,S,,,,Customize,
3,23,Teddy Bear-Brown,,A,,S,,A,,S,,A,,,Mystery,
3,24,Teddy Bear-Pink,,A,,S,,A,,S,A,,,,Customize,
3,25,Teddy Bear-Black,,A,A,,A,,,S,A,,,,Customize,Marshmallow Teddy
5,26,Floating Kite-Blue,A,,SS,,SS,,S,,,S,,,Recipe,
5,27,Floating Kite-Gray,S,,SS,,A,,,B,,S,,,Customize,
5,28,Floating Kite-White,SS,,S,,S,,A,,,S,,,Customize,
5,29,Floating Kite-Gold,S,,A,,,A,,S,,S,,,Customize,Divine Kite Elf
3,30,Byzantium's Song-Red,S,,A,,A,,A,,A,,,,"mystery, fantasy",
4,31,Byzantium's Song-Yellow,S,,S,,S,,,S,A,,,,Customize,
2,32,Ice Warrior,,S,B,B,,,A,,,A,Unisex,,"Stage, Mystery",
2,33,Cute Boy,,S,,A,,A,,A,,A,Unisex,,Customize,
2,34,Autumn Maple,,S,C,,,A,,A,,A,Unisex,,Customize,
4,35,Rose Maiden- Gold,B,,B,,,S,,SS,S,,,,Stage/Achievement,
4,36,Rose Maiden- Pink,B,,A,,,SS,S,,S,,,,Customize,
4,37,Rose Maiden- Silver,,A,S,,A,,,S,A,,,,Customize,
4,38,Rose Maiden- Black,,A,S,,,S,,S,A,,,,Customize,
5,39,Victoria,S,,S,,,S,S,,,S,Lady,,Exchange,Age of Steam
5,40,Young Warbler- Verdant,A,,SS,,,B,S,,S,,,,Fantasy,Pigeon Duke's Daughter
5,41,Young Warbler- Red,,,?,,,,?,,,,,,Customize,
4,42,Rich Lady,,A,S,,S,,S,,,S,European,,Fantasy,
5,43,Elf-Gold,SS,,SS,,,B,,A,B,,,,Recipe,
5,44,Elf-White,S,,SS,,S,,S,,B,,,,Customize,
,45,,,,,,,,,,,,,,,
3,46,Pretty Pony Tail,,S,A,,,A,,B,,S,,,Recipe,
,47,,,,,,,,,,,,,,,
3,48,Violet Poeny,,A,,S,S,,A,,,C,,,Customize,
3,49,Pink Poeny,,A,,A,,S,A,,A,,,,Customize,
3,50,Carelessness,,S,A,,,B,,A,,A,,,"Mystery, Fantasy, Sign in/",
3,51,Carefree-Pale,,A,S,,,A,,S,A,,,,Customize,
3,52,Carefree-Black,,S,B,,,B,,S,S,,,,Customize,
4,53,Sunflower,C,,,SS,,SS,,S,,B,,,"Mystery, Fantasy, Achievement",
4,54,Rice Butterfly,B,,,S,,A,,SS,,B,,,Customize,
4,55,Childhood Heart,,S,A,,,B,,S,,S,,,Customize,
4,56,Innocent Years,,S,S,,,B,,A,S,,,,"Mystery, Fantasy",
4,57,Cloud Dancer,SS,,A,,SS,,,A,B,,Chinese Classical,Dance,Store,
5,58,Light Tone,S,,,S,,S,,S,B,,,,Fantasy,
5,59,Glaze Melody,S,,,A,,SS,,S,S,,,,Customize,Glossing Rose
4,60,Pretty Lady-Black,,S,SS,,,C,,S,A,,,,"Tutorial (store), Mystery, Fantasy",
4,61,Iceworld Whisper,B,,B,,,SS,,S,,SS,,,Store,
,62,,,,,,,,,,,,,,,
5,63,Angel Bunny,,B,,S,,S,,A,,A,,,"VIP, Fantasy",Cutie Strawberry
1,64,Gourds,,B,,A,,A,,B,,A,Chinese Classical,,Stage,
2,65,Gourd Bell,,A,,A,,A,,A,,A,Chinese Classical,,Evolution,
3,66,Gourd Bells,A,,,S,,A,,S,,A,Chinese Classical,,Evolution,
3,67,Music Princess,S,,,S,,S,,A,,B,,,Stage,
3,68,Wasteland Jewel,S,,S,,,S,A,,,S,Bohemia,,Stage,
4,69,Wasteland Jewel-Rare,S,,SS,,,B,S,,B,,Bohemia,,Evolution,
5,70,Wasteland Jewel-Epic,SS,,SS,,,B,S,,B,,Bohemia,,Evolution,Wilds Flower
2,71,School Maid,,A,,B,,C,,A,,A,,,Stage,
,72,School Girl-Rare,,S,A,,A,,,S,,C,,,Evolution,
,73,,,,,,,,,,,,,,,
4,74,Doll-Gold,S,,,SS,,SS,,B,A,,,,Store,Bunny Girl
,75,,,,,,,,,,,,,,,
3,76,Cutie,A,,S,,,C,,S,A,,,,Stage,
4,77,Cutie-Rare,S,,S,,A,,,S,S,,,,Evolution,
2,78,Wild,A,,,A,,A,A,,,S,Rock,,stage,
3,79,Wild-Rare,A,,,S,A,,S,,,A,Rock,,Evolution,
2,80,Tranquil Time,,A,S,A,,,,A,,C,Kimono,,"Stage (4-11, M)",
3,81,Tranquil Time-Rare,,A,S,,,B,,S,S,,Kimono,,"Evolution, Fantasy",
4,82,Tranquil Time-Epic,,B,S,,,B,,S,S,,Kimono,,Evolution,
5,83,Pigeon Song-Brown,S,,SS,,B,,,S,,S,Lady,,Customize,
5,84,Pigeon Song-Blue,S,,A,,,S,,S,,S,Lady,,Customize,
,85,,,,,,,,,,,,,,,
,86,,,,,,,,,,,,,,,
,87,,,,,,,,,,,,,,,
,88,,,,,,,,,,,,,,,
,89,,,,,,,,,,,,,,,
,90,,,,,,,,,,,,,,,
3,91,Flower Bud,,S,,S,,S,,S,,C,,,"Stage (5-11,m)",
4,92,Flower Bud-Rare,,S,,B,,SS,,S,,B,,,Evolution,
3,93,Little Lion,B,,,S,,S,,S,,B,,,Store,
2,94,Wheat Ears,,B,,B,,SS,,S,,B,,,"Stage (6-7,m)",
4,95,Wheat Ears-Rare,,A,,B,,A,,SS,S,,,,Evolution,
,96,,,,,,,,,,,,,,,
2,97,Red Bean Kiss,,A,,A,,A,,A,,A,,,"Stage (4-.3,m)",
3,98,Kiss of the Red Bean,,S,,B,,A,,S,S,,,,Evolution,
3,99,Citrus,,S,,C,,S,,S,S,,,,Store,
3,100,Reind,,S,,B,,B,,B,S,,,,"Stage (5-9), Exchange",
,101,,,,,,,,,,,,,,,
1,102,Pretty Girl,,A,,A,,A,,A,,C,,,Achievement,
1,103,Baby Face,,A,,C,,S,,S,,C,,,Store,
2,104,Beauty,,A,S,,S,,A,,,A,Paramedics,Office,"Store, Mystery",
4,105,Willow,,A,,A,,S,,S,,S,Chinese Classical,,"Mystery, Fantasy, Stage (2-7,p)",
5,106,Willow-Rare,S,,SS,,,S,,S,,B,Chinese Classical,,Evolution,Green Willow
3,107,Vintage England,B,,S,,SS,,A,,,B,Britain,,"Store, Mystery, Fantasy",
3,108,Little Nurse,,A,S,,A,,,A,,A,Paramedics,Office,Store,Angel in White
3,109,Musical Notes-Black,,S,,A,,A,,S,,S,Office,,Recipe,Fragrance Villa
3,110,Golden Rice,S,,S,,B,,,B,,S,,,Recipe,
3,111,Western Maiden,S,,B,,,B,S,,,S,,,"Mystery, Fantasy, Stage (3-9,p)",
4,112,Western Maiden-Rare,S,,S,,A,,S,,S,,,,Evolution,Cowboy Style
3,113,Cheese Cake,,A,A,,,S,,S,,A,,,"Stage, Mystery, Fantasy",
4,114,Cheese Cake-Rare,,S,S,,,A,,S,A,,,,"Evolution, Mystery, Fantasy",
5,115,Cheese Cake-Epic,B,,,S,,SS,,A,SS,,,,Evolution,Chocolate Housemaid
2,116,Legal Belle,,S,S,,C,,,C,,S,,,"Store, Mystery",
3,117,Whole City,,A,S,,A,,,S,,A,,,"Mystery, Fantasy, Stage (1-4,p)",
4,118,Whole City-Rare,S,,A,,,B,,SS,S,,,,"Evolution, Mystery, Fantasy",
5,119,Whole City-Epic,,,S,SS,,B,,S,S,,,,Evolution,Story of Shanghai
3,120,Dreamland,,A,S,,,S,,A,A,,,,Store,Apple - Panda Dreamland
4,121,Wild-Epic,S,,,A,A,,S,,,S,Rock,,Evolution,Sexy Bad Girl
5,122,Tender Charm,C,,S,,S,,A,,A,,,,"VIP, Fantasy",Dancing Queen
4,123,Moon Destiny,S,,,A,,S,,S,,C,,,,
4,124,Bambi,S,,,A,,S,,S,,C,,,Store,Mori Girl and Reindeer
6,125,Star of Dancing,SS,,SS,,S,,A,,S,,,,Recipe,Star Sea
4,126,Gothic Lolita,S,,,S,,A,S,,,C,Gothic,Lolita,Recipe,Gothic Lolita
5,127,Butterfly-Epic,A,,S,,,A,,S,SS,,Chinese Classical,,Evolution,Phalaenopsis-Pink
5,128,Purple Butterfly,B,,SS,,SS,,,A,S,,Chinese Classical,,Customize,
3,129,Watery,,A,,A,,S,,S,,A,Fairy,,"Mystery, Fantasy, Stage (2-1,p), Exchange",
5,130,Watery-Rare,A,,S,,S,,,S,S,,Fairy,,Evolution,Princess Jellyfish
5,131,Dragon Maiden,B,,S,,S,,,SS,B,,Chinese Classical,,Recipe,Dragon Maiden
4,132,Vanilla,B,,S,,S,,,SS,,A,,,Mystery,Riverside Vanilla
3,133,Maple,,A,,S,,S,C,,,S,,,"Mystery, Fantasy, (3-3,7-8,p)",
4,134,Maple-Rare,,A,,S,,S,B,,,S,,,"Evolution, Mystery, Fantasy",
5,135,Maple-Epic,S,,S,,,S,B,,S,,,,Evolution,Maple Leaf Ninja
3,136,Higanbana,,A,,B,,A,,S,,S,Kimono,,"Mystery, Fantasy (3-2,4-11,p)",
4,137,Geisha-Rare,C,,,A,,A,,SS,,S,Kimono,,"Evolution, Mystery, Fantasy",
5,138,Geisha-Epic,SS,,SS,,B,,,SS,B,,Kimono,,Evolution,Higanbana Princess
,139,,,,,,,,,,,,,,,
3,140,Butterfly,A,,B,,,A,,S,,S,Chinese Classical,,"Mystery, Fantasy, Stage (2-5,p)",
4,141,Butterfly-Rare,C,,S,,,S,,S,,A,,,"Evolution, Mystery, Fantasy",
5,142,Bird Song,S,,S,,S,,S,,,,Chinese Classical,,"Mystery, Fantasy",Flying Peafowl
4,143,Romeo,,S,,S,,S,,A,,S,Unisex,,Store,Romeo
,144,Tender April,,S,A,,,A,,A,,A,,,Recipe,Tender April
5,145,Imperial Maid,S,,S,,S,,,S,,A,Chinese Classical,,Exchange,Royal Beauty
4,146,Orchis,,A,S,,S,,,B,,S,,,Recipe,Orchid's Chant
3,147,Stunning Visage,,A,,C,,S,,S,S,,,,Recipe,
3,148,Little Red Riding Hood,,A,,S,,A,,A,,A,,,"Mystery, Fantasy, Stage (1-9,p)",
4,149,Red Hat-Rare,,A,,S,,S,,A,,S,,,"Evolution, Mystery, Fantasy",
5,150,Red Hat-Epic,,A,,A,,S,,S,S,,,,Evolution,Red Hood's Adventure
,151,,,,,,,,,,,,,,,
3,152,Dream Seeker,S,,S,,,B,S,,,B,,,Store,
2,153,Haste,,S,,A,,A,,B,,A,,,Achievement,
4,154,Western Dancer,S,,S,,S,,,C,,S,Dance,,Recipe,Western Dancer
3,155,Sweetie,,C,,SS,,S,,C,,S,,,Store,Sweet Pastry Cook
3,156,Sweetie-Silver,,C,,S,,A,,S,,A,,,Customize,
,157,,,,,,,,,,,,,,,
,158,,,,,,,,,,,,,,,
3,159,Energetic Cutie,,A,,A,,S,,S,,A,,,"Store, Mystery, Fantasy",
3,160,Gentle Waiter,,C,SS,,A,,A,,,A,Unisex,,Recipe,
3,161,Polite Waiter,,A,SS,,A,,A,,,A,Unisex,,Customize,
,162,,,,,,,,,,,,,,,
3,163,Obedient Waiter,,A,S,,A,,,S,,A,Unisex,,Customize,
5,164,Night Rhythm,A,,,,A,A,,A,A,,Lady,,7-day Login,Apple - Bright Galaxy
3,165,Fresh Pomelo,S,,,B,,S,,A,,S,,,Recipe,Fast Food Waitress
3,166,Benevolence,,A,S,,A,A,,,,S,Office,,Store,Sacred Doctor
4,167,Alice,,S,,A,,S,,S,S,,,,Exchange,Alice in Wonderland
4,168,Little Sailor,,S,,A,,S,,S,,S,,,Mystery,Seal Sailor
4,169,Flower Hairpin,,A,,A,,S,,S,,S,,,"Store, Mystery, Fantasy",
4,170,Lovely Lady,,S,S,,S,,A,,S,,,,Achievement,Blossom Season
3,171,Fruit Jam,,A,,S,,A,,A,,A,,,Achievement,Cake Manor
4,172,Vortex,S,,,S,,S,,A,,S,,,Exchange,Nikki Mechanical
2,173,Tiny Puff,S,,,A,,A,,C,,S,,,Exchange,Miss Puff
5,174,Night Seer,,B,S,,,S,,SS,S,,,,"Mystery, Fantasy",Star Seer
,175,,,,,,,,,,,,,,,
,176,,,,,,,,,,,,,,,
,177,,,,,,,,,,,,,,,
3,178,Kids Show Host,,A,,A,,S,,A,,S,,,"Mystery, Fantasy",
3,179,Rock Girl-Red,A,,,S,A,,S,,,B,Rock,,"Store, Fantasy",Apple - Rock Singer
3,180,Rock Girl-Purple,A,,A,,A,,S,,,S,Rock,,Customize,
3,181,Sunset Song-Brown,,A,A,,A,,,A,A,,,,Store,
,182,,,,,,,,,,,,,,,
3,183,Sunset Song-Gold,,S,S,,B,,,B,B,,,,Customize,
3,184,Sunset Song-Purple,,S,S,,,B,,S,A,,,,Customize,
4,185,Ahoge-Black,,B,,A,A,,,SS,,SS,,,Store,
4,186,Ahoge-Gold,,A,,A,A,,,A,,SS,,,Customize,
2,187,Rebellious Girl,,A,B,,,A,,A,,A,,,"Store, Mystery",
2,188,River Stream,,A,A,,,A,,A,,A,,,Customize,
3,189,Ship Island,S,,,S,,S,,C,,A,,,"Store, Fantasy",
2,190,Timi's Bob,,S,,C,,A,,A,,A,,,Achievement,
,191,,,,,,,,,,,,,,,
2,192,Transfer Student-Brown,,A,,A,,A,,A,,A,,,"Store, Mystery, Stage (3-8,10-7, 11-4, 14-5m)",
2,193,Transfer Student-Gold,,C,,S,,A,,A,,A,,,Customize,
3,194,Small Poem,,A,,,,,,S,,,,,Recipe,
5,195,Butterfly Flowers,S,,SS,,A,,,S,S,,,,Achievement,Madam Butterfly
3,196,Hat Addict,,S,,A,,B,,S,,B,,,Fantasy,
,197,,,,,,,,,,,,,,,
,198,Momika,,?,,,,,,?,,,,,Unavailable,
4,199,Silver Radiance,,SS,A,,,B,,A,,S,,,"Mystery, Fantasy",
3,200,Gentle Sister,,S,A,,A,,A,,,A,,,Recipe,
3,201,Tea Tune,,S,A,,,B,,S,S,,,,Fantasy,Dreamland Teatime
4,202,Night Shade,A,,S,,,S,,B,S,,,,Fantasy,Night Lolita
,203,,,,,,,,,,,,,,,
3,204,Polite Assistant,,S,A,,C,,S,,,S,,,Stage (1-6),Prime Secretary
4,205,Locco,,S,,S,,S,,A,,S,,,Exchange,Locco's Tea Party
4,206,Beautiful Agent,A,,A,,A,,S,,,S,Rock,,Store,Beautiful Agent
4,207,Cloud Ink,,S,,A,,S,,S,,S,Modern China,,Recipe,
4,208,Rosy Clouds,,S,,S,,S,,A,,S,Modern China,,Customize,Afterglow
4,209,Poetic Dream,,S,,S,,S,,A,,S,Modern China,,Customize,
5,210,Flower Field Girl,,B,C,,,B,,A,,B,,,Friend Invite,Flower Field
,211,,,,,,,,,,,,,,,
,212,,,,,,,,,,,,,,,
,213,,,,,,,,,,,,,,,
5,214,Admiration,A,,S,,,A,,B,A,,,,VIP,Apple - Winter Angel
5,215,Warmness,A,,B,,,A,,A,A,,,,Mystery,Winter Miracle
,216,,,,,,,,,,,,,,,
4,217,Warmness-Brown,,B,B,,,S,,SS,S,,,,Fantasy,
,218,,,,,,,,,,,,,,,
4,219,Waving Veil,A,,,SS,,B,,S,,A,,,Unavailable,Sheer Dance
4,220,Waving Veil-Gold,,B,S,,,S,,S,S,,,,Fantasy,
,221,,,,,,,,,,,,,,,
,222,,,,,,,,,,,,,,,
,223,,,,,,,,,,,,,,,
,224,,,,,,,,,,,,,,,
,225,,,,,,,,,,,,,,,
5,226,Brocade Heart,A,,,A,,A,,A,,A,,,Login Bonus,
,227,Lady Wu Mei,,,?,,,,,?,,,,,Suit Completion,
,228,Heavenly Emperor,?,,?,,,,,,,,,,"VIP, Fantasy",
,229,,,,,,,,,,,,,,,
,230,,,,,,,,,,,,,,,
,231,,,,,,,,,,,,,,,
2,232,Pigeon Boy,,A,A,,A,,,A,,A,,,Mystery,
2,233,Apple Pie,,A,A,,S,,,C,A,,,,Mystery,
3,234,Bang Hair Vivi,,A,S,,S,,,A,,S,,,Exchange,
3,235,Upstyle Lisa,,B,S,,A,,S,,,S,,,Exchange,
3,236,Siren,,C,S,,A,,S,,S,,,,Exchange,
,237,,,,,,,,,,,,,,,
4,238,Kiki,,B,B,,S,,S,,,S,,,Achievement,
4,239,Marionette-Black,S,,B,,S,,S,,S,,,,Store,
3,240,Linen Maiden,S,,S,,,S,,S,,B,,,Fantasy,
4,241,Marionette-Brown,S,,B,,S,,S,,S,,,,Customize,
4,242,Romeo-Black,,S,S,,C,,,S,,S,Unisex,,Customize,
,243,,,,,,,,,,,,,,,
4,244,Romeo-Gold,,S,S,,B,,,S,,S,Unisex,,Customize,
,245,,,,,,,,,,,,,,,
3,246,Dream Seeker-White,S,,,B,,S,,S,,B,,,Customize,
2,247,Haste-Brown,,S,,C,,A,,A,,A,,,Customize,
2,248,Haste-Gold,,A,,A,,A,,A,,A,,,Customize,
1,249,Gourds-Black,,B,,A,,B,,A,,A,Chinese Classical,,Customize,
,250,,,,,,,,,,,,,,,
,251,,,,,,,,,,,,,,,
,252,,,,,,,,,,,,,,,
,253,,,,,,,,,,,,,,,
2,254,Gourd Bell-Black,,A,,A,,A,,A,,A,Chinese Classical,,Customize,
3,255,Gourd Bells-Pink,A,,,A,,A,,A,,S,Chinese Classical,,Customize,
3,256,Gourd Bells-Black,A,,,A,,A,,A,,A,Chinese Classical,,Customize,
,257,,,,,,,,,,,,,,,
3,258,Wasteland Jewel-Purple,,B,S,,,S,,S,,C,Bohemia,,Customize,
,259,,,,,,,,,,,,,,,
4,260,Wasteland Jewel-Brown,,B,S,,SS,,,B,S,,Bohemia,,Customize,
5,261,Wasteland Jewel-Silver,SS,,S,,B,,,S,S,,Bohemia,,Customize,
5,262,Wasteland Jewel-Gold,,A,SS,,A,,,A,SS,,Bohemia,,Customize,
,263,,,,,,,,,,,,,,,
,264,,,,,,,,,,,,,,,
,265,,,,,,,,,,,,,,,
,266,,,,,,,,,,,,,,,
,267,,,,,,,,,,,,,,,
,268,,,,,,,,,,,,,,,
,269,,,,,,,,,,,,,,,
,270,,,,,,,,,,,,,,,
,271,,,,,,,,,,,,,,,
5,272,Cloud Dancer-Black,SS,,B,,SS,,SS,,B,,Chinese Classical,Dance,Customize,
5,273,Cloud Dancer-Pink,S,,S,,S,,S,,S,,Chinese Classical,Dance,Customize,
5,274,Cloud Dancer-Gold,S,,B,,S,,S,,S,,Chinese Classical,Dance,Customize,
2,275,Mushroom Hair,,A,,A,,S,,A,,C,,,Store,
,276,,,,,,,,,,,,,,,
,277,,,,,,,,,,,,,,,
,278,,,,,,,,,,,,,,,
,279,,,,,,,,,,,,,,,
,280,,,,,,,,,,,,,,,
3,281,Cutie-Brown,A,,S,,,A,,S,A,,,,Customize,
,282,,,,,,,,,,,,,,,
,283,,,,,,,,,,,,,,,
,284,,,,,,,,,,,,,,,
4,285,Cutie-Silver,S,,S,,,B,,S,S,,,,"Customize, Sign in?",
5,286,Light Tone-Purple,SS,,,B,,SS,,S,S,,,,Customize,
5,287,Light Tone-Brown,S,,,S,,S,,S,S,,,,Customize,
,288,,,,,,,,,,,,,,,
,289,,,,,,,,,,,,,,,
,290,,,,,,,,,,,,,,,
,291,,,,,,,,,,,,,,,
4,292,Iceworld Whisper-Brown,,S,A,,,S,,S,,S,,,Customize,
3,293,Little Lion-Brown,B,,,S,,S,,S,,C,,,Customize,
3,294,Little Lion-Light Brown,B,,,S,,S,,S,,B,,,Customize,
3,295,Little Lion-Gold,B,,,S,,S,,S,,S,,,Customize,
,296,,,,,,,,,,,,,,,
,297,,,,,,,,,,,,,,,
,298,,,,,,,,,,,,,,,
,299,,,,,,,,,,,,,,,
,300,,,,,,,,,,,,,,,
,301,,,,,,,,,,,,,,,
,302,,,,,,,,,,,,,,,
3,303,Little Nurse-Brown,,A,A,,A,,A,,,A,Paramedic,Office,,
3,304,Little Nurse-Light,,A,A,,A,,A,,,A,Paramedic,Office,,
3,305,Little Nurse-White,,C,A,,S,,A,,,A,Paramedic,Office,,
,306,,,,,,,,,,,,,,,
,307,,,,,,,,,,,,,,,
,308,,,,,,,,,,,,,,,
,309,,,,,,,,,,,,,,,
,310,,,,,,,,,,,,,,,
,311,,,,,,,,,,,,,,,
,312,,,,,,,,,,,,,,,
,313,,,,,,,,,,,,,,,
,314,,,,,,,,,,,,,,,
2,315,Legal Belle-Gold,,A,A,,A,,,A,,A,,,,
2,316,Legal Belle-Platinum,,A,A,,A,,,A,,A,,,,
,317,,,,,,,,,,,,,,,
,318,,,,,,,,,,,,,,,
,319,,,,,,,,,,,,,,,
,320,,,,,,,,,,,,,,,
,321,,,,,,,,,,,,,,,
,322,,,,,,,,,,,,,,,
,323,,,,,,,,,,,,,,,
5,324,Mature Sister-Brown,,B,S,,S,,S,,S,,,,,
5,325,Mature Sister-Gold,,B,SS,,SS,,S,,B,,,,,
,326,,,,,,,,,,,,,,,
,327,,,,,,,,,,,,,,,
,328,,,,,,,,,,,,,,,
,329,,,,,,,,,,,,,,,
,330,,,,,,,,,,,,,,,
,331,,,,,,,,,,,,,,,
,332,,,,,,,,,,,,,,,
,333,,,,,,,,,,,,,,,
,334,,,,,,,,,,,,,,,
3,335,Blue Storm,S,,,A,A,,A,,,A,Rock,,,
3,336,Black Storm,A,,,A,A,,A,,,S,Rock,,,
3,337,Neon Storm,S,,,A,S,,S,,,A,Rock,,,
4,338,Black Storm-Rare,S,,,S,S,,S,,S,,Rock,,,
,339,,,,,,,,,,,,,,,
3,340,Purple Storm,A,,,S,S,,S,,S,,Rock,,,
2,341,Wild-Silver,A,,,A,A,,A,,,A,Rock,,,
2,342,Wild-Black,A,,,A,C,,A,,,A,Rock,,,
,343,,,,,,,,,,,,,,,
2,344,Tranquil Time-Gold,,A,A,,,A,,A,,A,Kimono,,,
,345,,,,,,,,,,,,,,,
,346,,,,,,,,,,,,,,,
,347,,,,,,,,,,,,,,,
,348,,,,,,,,,,,,,,,
,349,,,,,,,,,,,,,,,
4,350,Tranquil Time-Pink,,B,S,,S,,,S,S,,Kimono,,,
,351,,,,,,,,,,,,,,,
,352,,,,,,,,,,,,,,,
3,353,Raspberry Ice,,S,C,,,A,,A,,S,,,Store,
3,354,Raspberry Ice-Brown,,S,C,,,A,,S,,S,,,,
,355,,,,,,,,,,,,,,,
,356,,,,,,,,,,,,,,,
3,357,Double Ponytails,,S,,C,,S,,S,,B,,,Store,
,358,,,,,,,,,,,,,,,
3,359,Vigorous Girl,,S,,A,,A,,A,,A,,,"Stage (5-10,m)",
,360,,,,,,,,,,,,,,,
,361,,,,,,,,,,,,,,,
,362,,,,,,,,,,,,,,,
2,363,Double-Ponytail Girl,,A,,A,,A,,A,,A,,,Mystery,
,364,,,,,,,,,,,,,,,
2,365,Future Girl-Gold,A,,,C,,A,,A,,A,,,,
,366,,,,,,,,,,,,,,,
2,367,Future Girl-Green,A,,,C,,S,,A,,S,,,,
,368,,,,,,,,,,,,,,,
3,369,Flower Bud-Gold,S,,,B,,S,,S,,B,,,,
3,370,Flower Bud-Flaxen,S,,,B,,S,,S,,B,,,,
4,371,Flower Bud-Brown,S,,S,,,S,,S,,B,,,,
,372,,,,,,,,,,,,,,,
,373,,,,,,,,,,,,,,,
,374,,,,,,,,,,,,,,,
,375,,,,,,,,,,,,,,,
,376,,,,,,,,,,,,,,,
,377,,,,,,,,,,,,,,,
,378,,,,,,,,,,,,,,,
,379,,,,,,,,,,,,,,,
3,380,Wheat Ear-Sun,S,,S,,,B,,S,B,,,,,
3,381,Wheat Ear-Ballad,A,,A,,,S,,A,A,,,,Customize,
3,382,Wheat Ear-Pastorale,A,,S,,A,,,A,S,,,,Customize,
,383,,,,,,,,,,,,,,,
,384,,,,,,,,,,,,,,,
2,385,Red Bean Kiss-Black,,A,,A,,A,,A,,A,,,,
3,386,Red Bean Kiss-Blue,,B,,S,,S,,S,,B,,,,
,387,,,,,,,,,,,,,,,
3,388,Red Bean's Kiss-Black,,B,,B,,S,,S,,B,,,,
3,389,Citrus-Purple,,A,S,,,A,,S,,C,,,,
3,390,Citrus-Gold,,S,A,,,S,,S,,C,,,,
3,391,Citrus-Pink,,S,S,,,S,,S,,C,,,,
,392,,,,,,,,,,,,,,,
,393,,,,,,,,,,,,,,,
,394,,,,,,,,,,,,,,,
,395,,,,,,,,,,,,,,,
3,396,Music Princess-Gold,S,,,A,,B,,S,S,,,,,
,397,,,,,,,,,,,,,,,
,398,,,,,,,,,,,,,,,
,399,,,,,,,,,,,,,,,
,400,,,,,,,,,,,,,,,
,401,,,,,,,,,,,,,,,
5,402,Angel Bunny-Purple,,S,,S,,S,,S,,S,,,,
,403,,,,,,,,,,,,,,,
,404,,,,,,,,,,,,,,,
,405,,,,,,,,,,,,,,,
,406,,,,,,,,,,,,,,,
,407,,,,,,,,,,,,,,,
,408,,,,,,,,,,,,,,,
,409,,,,,,,,,,,,,,,
,410,,,,,,,,,,,,,,,
,411,,,,,,,,,,,,,,,
,412,,,,,,,,,,,,,,,
,413,,,,,,,,,,,,,,,
,414,,,,,,,,,,,,,,,
,415,,,,,,,,,,,,,,,
,416,,,,,,,,,,,,,,,
,417,,,,,,,,,,,,,,,
1,418,Baby Face-Brown,,A,,A,,C,,A,,A,,,,
1,419,Baby Face-Purple,,S,C,,,C,,A,,A,,,,
3,420,Lute Song,,S,B,,S,,,B,S,,,,,
2,421,Gravel-Pink,,C,,A,,A,,S,,A,,,Store,
2,422,Gravel-Brown,,A,,C,,A,,A,,A,,,,
2,423,Gravel-Gold,,S,,C,,B,,S,,S,,,,
2,424,Gravel-Black,,S,,B,,B,,S,,S,,,,
,425,,,,,,,,,,,,,,,
2,426,Ordinary Short Hair,,S,,B,,C,,S,,S,,,"Stage (5-3,m)",
,427,,,,,,,,,,,,,,,
2,428,Daily Romance,,A,A,,C,,,A,A,,,,Store,
,429,,,,,,,,,,,,,,,
,430,,,,,,,,,,,,,,,
,431,,,,,,,,,,,,,,,
,432,,,,,,,,,,,,,,,
,433,,,,,,,,,,,,,,,
,434,,,,,,,,,,,,,,,
3,435,Miss Goddess,,B,S,,S,,S,,B,,Chinese Classical,,Store,
,436,,,,,,,,,,,,,,,
4,437,Haru's Mother,,B,SS,,S,,B,,,S,Kimono,,,
4,438,Lady of Cloud Mill,,B,S,,S,,S,,,S,Chinese Classical,,,
2,439,Fallen Bell,,A,,C,,S,,S,,B,,,"Stage(2-5, 10-1m)",
,440,,,,,,,,,,,,,,,
,441,,,,,,,,,,,,,,,
3,442,Forest Elf,,SS,,B,,B,,S,,B,,,,
3,443,Demureness,,S,S,,,B,,S,,B,,,,
,444,,,,,,,,,,,,,,,
,445,,,,,,,,,,,,,,,
,446,,,,,,,,,,,,,,,
,447,,,,,,,,,,,,,,,
4,448,Cat Girl,B,,,B,,S,,SS,,S,,,"VIP, Fantasy",
,449,,,,,,,,,,,,,,,
,450,,,,,,,,,,,,,,,
3,451,Noble Lady,,S,,B,,B,,B,,SS,,,Store,
3,452,Meatball Head,,S,,B,,S,,S,,SS,,,Store,
,453,,,,,,,,,,,,,,,
4,454,First Love,,SS,SS,,,B,,B,,S,,,Store,
,455,,,,,,,,,,,,,,,
3,456,Memory,B,,SS,,B,,,S,,B,,,Store,
,457,,,,,,,,,,,,,,,
,458,,,,,,,,,,,,,,,
,459,,,,,,,,,,,,,,,
2,460,Throbbing Moment,,A,A,,A,,,A,,A,,,Mystery,
,461,Alumna's Long Hair,,A,S,,A,,B,,B,,,,,
2,462,Short-Hair Girl,,S,A,,,C,,A,,A,,,Store,
,463,,,,,,,,,,,,,,,
,464,,,,,,,,,,,,,,,
2,465,Sister's Long Hair,,A,A,,A,,S,,C,,,,Store,
,466,,,,,,,,,,,,,,,
,467,,,,,,,,,,,,,,,
,468,,,,,,,,,,,,,,,
,469,,,,,,,,,,,,,,,
2,470,Sister's Long Hair-Gold,,A,A,,S,,C,,C,,,,Mystery,
3,471,Goddess of Pigeon,B,,S,,S,,S,,B,,,,"VIP, Fantasy",
,472,,,,,,,,,,,,,,,
,473,,,,,,,,,,,,,,,
2,474,Sister Next Door,,S,S,,S,,C,,B,,,,Mystery,
,475,,,,,,,,,,,,,,,
3,476,Long-hair Doll,,S,S,,B,,,S,S,,,,,
,477,,,,,,,,,,,,,,,
,478,,,,,,,,,,,,,,,
,479,,,,,,,,,,,,,,,
,480,,,,,,,,,,,,,,,
,481,,,,,,,,,,,,,,,
,482,,,,,,,,,,,,,,,
,483,,,,,,,,,,,,,,,
,484,,,,,,,,,,,,,,,
,485,,,,,,,,,,,,,,,
,486,,,,,,,,,,,,,,,
,487,,,,,,,,,,,,,,,
,488,,,,,,,,,,,,,,,
,489,,,,,,,,,,,,,,,
,490,,,,,,,,,,,,,,,
5,491,Sacred Ice Flower,S,,A,,A,,B,,C,,,,,
,492,,,,,,,,,,,,,,,
,493,,,,,,,,,,,,,,,
6,494,Free Dancer,,S,SS,,S,,,S,,S,,,Event,Black Swan
5,495,Pristine Dancer,,S,SS,,S,,,S,,A,,,Event,White Swan
3,496,Straight-A Student,,S,A,,,A,,S,,A,,,,
,497,,,,,,,,,,,,,,,
,498,,,,,,,,,,,,,,,
,499,,,,,,,,,,,,,,,
3,500,The Purest Heart,,B,A,,A,,,S,,S,Modern China,,Recipe,The Purest Heart-cloud
,501,,,,,,,,,,,,,,,
3,502,Smart Girl,,A,,S,,S,,A,,B,,,,
5,503,Flower of Yesterday,,S,S,,S,,A,,,A,Modern China,,"Event, Exchange",Cloud-Flower in Mirror
2,504,Minstrel Boy,,B,,S,A,,,S,,B,Chinese Classical,,,
3,505,Minstrel Boy-Rare,,A,,S,B,,,S,,B,Chinese Classical,,,
3,506,Manor Flower,,A,A,,SS,,S,,,B,,,"Stage (5-7, 7-2p)",
4,507,Flower Manor-Rare,,A,A,,SS,,SS,,,A,,,,
4,508,Ink Orchid Scroll,A,,S,,SS,,,A,,B,Modern China,,,ink orchid-cloud
3,509,Lady Yan,,A,S,,S,,,B,,A,Chinese Classical,,,
3,510,Tea-picking Girl,,B,,A,,S,,S,,A,Chinese Classical,,Misty,
3,511,North Kingdom Girl,,B,,S,,A,,S,,A,Military,,,
5,512,Beauty in Moonlight,SS,,SS,,B,,,A,,A,Chinese Classical,,Misty,Moon in Water
5,513,Mermaid in Love,A,,SS,,SS,,,A,B,,,,"VIP, Fantasy",Diamond Mermaid
6,514,Azure Jewel,A,,SS,,SS,,,S,A,,,,,Stunning Beauty
6,515,Azure Jewel-Black,S,,SS,,S,,SS,,A,,,,,
6,516,Azure Jewel-Silver,SS,,A,,A,,,SS,S,,,,,
4,517,Freehand Brushwork,,A,SS,,S,,A,,,B,,,"Stage (8-7,m)",
4,518,Coffee Milk Tea,,S,,SS,A,,,A,,A,Unisex,,"Stage (8-.2,m)",
5,519,Tarot Lady-Epic,S,,A,,SS,,SS,,A,,,,,
5,520,SapphiresThief,,SS,SS,,,A,A,,,S,,,,
5,521,Braid Girl-Rare,,A,,SS,,SS,,S,,A,,,,
4,522,Lotus Tale,,SS,A,,,A,,SS,A,,,,,
4,523,School Girl,,SS,,A,,A,,S,,A,,,,
4,524,Braids Girl-Brown,,A,,S,,SS,,A,,A,,,,
4,525,Braids Girl-Pink,,B,,A,,SS,,SS,,A,,,,
4,526,Braids Girl-Black,,S,,A,,A,,S,,B,,,,
,527,,,,,,,,,,,,,,,
,528,Noble Deer Queen,,,,,,,,,,,,,,
,529,Little Anna,,,,,,,,,,,,,,
,530,Little Anna-Rare,,,,,,,,,,,,,,
,531,Little Anna-Epic,,,,,,,,,,,,,,
3,532,Visage,,A,S,,B,,,S,A,,,,"Stage (8-1,p)",
4,533,Visage-Rare,,A,S,,A,,,SS,A,,,,,
5,534,Visage-Epic,,A,S,,A,,,SS,A,,,,,
4,535,Jade Cicada,A,,S,,A,,,S,A,,,,,
5,536,Jade Cicada-Rare,S,,SS,,A,,,SS,A,,,,,
3,537,Elf Long Hair,,A,S,,S,,,B,B,,,,,
4,538,Elf Long Hair-Rare,,A,B,,SS,,,S,A,,,,,
5,539,Elf Long Hair-Epic,,A,A,,SS,,,S,S,,,,,
5,540,Dark Long Hair-Epic,,A,SS,,S,,SS,,S,,,,,
4,541,Lop,,SS,,A,,SS,,B,A,,,,,
5,542,Lop-Rare,,SS,,A,,SS,,S,A,,,,,
3,543,Refreshing Hair jp,,S,S,,A,,,B,,B,,,jp version,
,544,,,,,,,,,,,,,,,
,545,,,,,,,,,,,,,,,
,546,,,,,,,,,,,,,,,
3,547,Payne,,B,S,,,A,,S,,B,,,,
4,548,Payne-Rare,,A,SS,,,B,,S,,A,,,,
5,549,Payne-Epic,A,,S,,,S,,SS,,S,,,,
3,550,Tarot Lady,B,,S,,S,,B,,,A,,,,
4,551,Tarot Lady-Rare,A,,S,,SS,,B,,,A,,,,
,552,,,,,,,,,,,,,,,
,553,,,,,,,,,,,,,,,
4,554,Braid Girl,,A,,B,,SS,,SS,,B,,,,
,555,,,,,,,,,,,,,,,
,556,,,,,,,,,,,,,,,
4,557,Gentleman Sapphire,,SS,,S,,S,A,,,B,,,Association,
3,558,Red Wine Glass,,B,S,,S,,,A,,A,,,,
,559,,,,,,,,,,,,,,,
,560,,,,,,,,,,,,,,,
,561,,,,,,,,,,,,,,,
,562,,,,,,,,,,,,,,,
4,563,Wilderness,A,,SS,,,A,,S,,A,,,,
,564,,,,,,,,,,,,,,,
,565,,,,,,,,,,,,,,,
,566,,,,,,,,,,,,,,,
3,567,Hair Ribbon-Brown,,B,B,,,S,,S,,A,,,,
3,568,Hair Ribbon-Gold,,B,S,,,S,,A,,B,,,,
3,569,Hair Ribbon-Black,,B,S,,,A,,S,,B,,,,
2,570,Blonde Doll,,S,,B,,S,,A,,B,,,,
3,571,Blonde Doll-Rare,,B,S,,,S,,B,,A,,,,
4,572,Blonde Doll-Epic,A,,SS,,,A,,S,A,,,,,
2,573,Holy Nun,,S,S,,,A,,B,,B,,,,
3,574,Holy Nun-Rare,,A,SS,,,B,,S,,B,,,,
4,575,Holy Nun-Epic,A,,S,,,B,,SS,,A,,,,
4,576,Ruin Girl,B,,,S,,SS,,A,,A,Futuristic,,,
4,577,Ruin Girl (Rose/Pink),A,,,SS,,B,,SS,,A,Futuristic,,,
4,578,Consistent (Brown),B,,SS,,S,,,A,,A,,,,
4,579,Consistent (Black),A,,SS,,A,,,S,,A,,,,
4,580,Koi,,A,SS,,,B,,S,,B,,,,
3,581,Natasha,,A,,S,,S,A,,,B,,,,
4,582,Natasha-Rare,,B,,SS,,SS,B,,,A,,,,
4,583,Purple Natasha,,A,,SS,,B,S,,,A,,,,
5,584,Underworld Death God,,A,SS,,SS,,A,,A,,,,,
5,585,Ripper-Purple,,SS,A,,A,,SS,,A,,,,Customize,
5,586,Ripper-Red,,SS,S,,S,,B,,S,,,,Customize,
5,587,Ripper-Black,,SS,A,,SS,,A,,A,,,,Customize,
5,588,Guardian,A,,SS,,A,,SS,,A,,,,,
4,589,Gardening Girl-Brown,,A,,SS,,S,,A,B,,,,Customize,
4,590,Gardening Girl-Purple,,A,,B,,SS,,SS,B,,,,Customize,
4,591,Gardening Girl-Gold,,A,,S,,S,,A,A,,,,Customize,
3,592,Autumn-Gold,,A,,B,,S,,SS,B,,,,Customize,
3,593,Autumn-Purple,,B,,A,,S,,S,A,,,,Customize,
3,594,Autumn-Red,,B,,A,,S,,S,A,,,,Customize,
4,595,Summertime-Silver,,A,,SS,,S,,B,,A,,,Customize,
4,596,Summertime-Black,,B,,SS,,S,,A,,A,,,Customize,
4,597,Summertime-Chesnut,,A,,S,,S,,A,,A,,,Customize,
3,598,Classic Braid-Brown,,A,S,,S,,B,,A,,,,Customize,
3,599,Classic Braid-Gold,,A,S,,S,,A,,A,,,,Customize,
3,600,Classic Braid-Black,,A,S,,S,,B,,B,,,,Customize,
,601,,,,,,,,,,,,,,,
,602,,,,,,,,,,,,,,,
,603,,,,,,,,,,,,,,,
5,604,Tousled,,SS,,S,,A,,S,,A,,,,
5,605,Tousled-Red,,S,,A,,A,,SS,,S,,,Customize,
5,606,Tousled-Caramel,,SS,,A,,S,,S,,A,,,Customize,
2,607,Elk,,S,,A,,B,,A,A,,,,,
3,608,Elk-Rare,B,,S,,,S,,B,A,,,,,
4,609,Elk-Epic,S,,SS,,,A,,A,B,,,,,
5,610,Night Spell,SS,,SS,,,S,B,,A,,,,,
3,611,Autumn Thoughts,B,,S,,S,,,B,,B,,,,
,612,,,,,,,,,,,,,,,
,613,,,,,,,,,,,,,,,
,614,,,,,,,,,,,,,,,
,615,,,,,,,,,,,,,,,
,616,,,,,,,,,,,,,,,
,617,,,,,,,,,,,,,,,
,618,,,,,,,,,,,,,,,
,619,,,,,,,,,,,,,,,
,620,,,,,,,,,,,,,,,
,621,,,,,,,,,,,,,,,
,622,,,,,,,,,,,,,,,
,623,,,,,,,,,,,,,,,
,624,,,,,,,,,,,,,,,
,625,,,,,,,,,,,,,,,
,626,,,,,,,,,,,,,,,
,627,,,,,,,,,,,,,,,
,628,,,,,,,,,,,,,,,
,629,,,,,,,,,,,,,,,
,630,,,,,,,,,,,,,,,
,631,,,,,,,,,,,,,,,
,632,,,,,,,,,,,,,,,
,633,,,,,,,,,,,,,,,
,634,,,,,,,,,,,,,,,
,635,,,,,,,,,,,,,,,
5,636,Childhood Friend,A,,S,,SS,,A,,A,,,,,
4,637,Wisteria,,A,S,,SS,,,A,A,,,,,
5,638,Rendezvous,,S,,SS,,S,,A,A,,,,,
3,639,Ribbon-Lady,A,,,S,,S,,A,B,,,,,
3,640,Ribbon-Daily,B,,,S,,S,,A,B,,,,,
3,641,Ribbon-Sporty,A,,,A,,S,,S,A,,,,,
5,642,Sparkling Ring,A,,SS,,,A,,S,B,,,,,
5,643,Snow Spirit,S,,S,,,A,,A,A,,,,fantasy,snow lotus
,644,,,,,,,,,,,,,,,
,645,,,,,,,,,,,,,,,
,646,,,,,,,,,,,,,,,
,647,,,,,,,,,,,,,,,
4,648,Dynamic Maiden,,S,,SS,,A,,A,,A,,,,
4,649,Night Girl,,A,S,,,S,B,,,A,,,,
4,650,Rude Girl,,A,,A,,SS,,S,,A,,,,
,651,,,,,,,,,,,,,,,
,652,,,,,,,,,,,,,,,
,653,,,,,,,,,,,,,,,
,654,,,,,,,,,,,,,,,
,655,,,,,,,,,,,,,,,
4,656,Short Flaxen,,A,S,,,S,,A,A,,,,,
,657,,,,,,,,,,,,,,,
,658,,,,,,,,,,,,,,,
,659,,,,,,,,,,,,,,,
,660,,,,,,,,,,,,,,,
,661,,,,,,,,,,,,,,,
,662,,,,,,,,,,,,,,,
,663,,,,,,,,,,,,,,,
,664,,,,,,,,,,,,,,,
,665,,,,,,,,,,,,,,,
,666,,,,,,,,,,,,,,,
,667,,,,,,,,,,,,,,,
,668,,,,,,,,,,,,,,,
,669,,,,,,,,,,,,,,,
,670,,,,,,,,,,,,,,,
,671,,,,,,,,,,,,,,,
,672,,,,,,,,,,,,,,,
,673,,,,,,,,,,,,,,,
,674,,,,,,,,,,,,,,,
,675,,,,,,,,,,,,,,,
4,676,Perfect Girl,S,,S,,,A,,A,,B,,,,
3,677,Double Hair Pin,,B,A,,,S,,S,,A,,,,
4,678,Flowing Clouds,,SS,A,,,A,,SS,B,,,,,
3,679,Rinley,B,,S,,B,,,S,,A,,,,
3,680,Purity Princess,,B,,S,,S,,A,A,,,,,
4,681,Young Princess,A,,SS,,A,,,S,B,,,,,
5,682,Elegant Princess,A,,SS,,SS,,,S,A,,,,,
,683,,,,,,,,,,,,,,,
,684,,,,,,,,,,,,,,,
,685,,,,,,,,,,,,,,,
,686,,,,,,,,,,,,,,,
,687,,,,,,,,,,,,,,,
,688,,,,,,,,,,,,,,,
,689,,,,,,,,,,,,,,,
,690,,,,,,,,,,,,,,,
,691,,,,,,,,,,,,,,,
4,692,Wavy Tails,A,,,S,,A,S,,,A,,,,
,693,,,,,,,,,,,,,,,
,694,,,,,,,,,,,,,,,
,695,,,,,,,,,,,,,,,
,696,,,,,,,,,,,,,,,
,697,,,,,,,,,,,,,,,
,698,,,,,,,,,,,,,,,
5,699,Heart Lunar Fox,A,,SS,,A,,SS,,A,,,,,
5,700,Celestial Golden Dragon,A,,A,,SS,,S,,S,,,,,
,701,,,,,,,,,,,,,,,
,702,,,,,,,,,,,,,,,
,703,,,,,,,,,,,,,,,
,704,,,,,,,,,,,,,,,
,705,,,,,,,,,,,,,,,
,706,,,,,,,,,,,,,,,
,707,,,,,,,,,,,,,,,
,708,,,,,,,,,,,,,,,
,709,,,,,,,,,,,,,,,
,710,,,,,,,,,,,,,,,
5,711,Blooming Extravagance,A,,SS,,SS,,A,,,A,,,,
3,712,Spiderwort's Whisper,A,,B,,,S,,S,,A,,,,
5,713,Princess Curls,A,,SS,,,A,,S,,A,,,Event,Festivals - Pink Wishes
3,714,Star's Sadness,,B,A,,,S,,S,,A,,,,
,715,,,,,,,,,,,,,,,
,716,,,,,,,,,,,,,,,
4,717,Blossoming Friendship,A,,S,,S,,A,,A,,,,,
4,718,Intense Light,A,,,S,,S,,S,A,,,,,
,719,,,,,,,,,,,,,,,
4,720,Alice,,S,,SS,,A,A,,A,,,,,
4,721,Innate Romance,,SS,,A,,A,,SS,,B,,,,
,722,,,,,,,,,,,,,,,
,723,,,,,,,,,,,,,,,
,724,,,,,,,,,,,,,,,
5,725,Princess Azhar,,S,SS,,B,,,SS,,A,,,Event,
,726,,,,,,,,,,,,,,,
,727,,,,,,,,,,,,,,,
,728,,,,,,,,,,,,,,,
,729,,,,,,,,,,,,,,,
,730,,,,,,,,,,,,,,,
,731,,,,,,,,,,,,,,,
,732,,,,,,,,,,,,,,,
,733,,,,,,,,,,,,,,,
5,734,Classic Elegance,,A,S,,S,,,A,,A,,,,
,735,,,,,,,,,,,,,,,
,736,,,,,,,,,,,,,,,
,737,,,,,,,,,,,,,,,
,738,,,,,,,,,,,,,,,
,739,,,,,,,,,,,,,,,
,740,,,,,,,,,,,,,,,
,741,,,,,,,,,,,,,,,
,742,,,,,,,,,,,,,,,
,743,,,,,,,,,,,,,,,
,744,,,,,,,,,,,,,,,
,745,,,,,,,,,,,,,,,
,746,,,,,,,,,,,,,,,
4,747,Regretful Love,A,,S,,S,,,A,,A,,,,
,748,,,,,,,,,,,,,,,
,749,,,,,,,,,,,,,,,
,750,,,,,,,,,,,,,,,
,751,,,,,,,,,,,,,,,
,752,,,,,,,,,,,,,,,
,753,,,,,,,,,,,,,,,
,754,,,,,,,,,,,,,,,
,755,,,,,,,,,,,,,,,
,756,,,,,,,,,,,,,,,
3,757,Silver-threaded Feeling,A,,,A,,S,,S,,A,,,,
,758,,,,,,,,,,,,,,,
,759,,,,,,,,,,,,,,,
,760,,,,,,,,,,,,,,,
,761,,,,,,,,,,,,,,,
,762,,,,,,,,,,,,,,,
,763,,,,,,,,,,,,,,,
,764,,,,,,,,,,,,,,,
,765,,,,,,,,,,,,,,,
,766,,,,,,,,,,,,,,,
,767,,,,,,,,,,,,,,,
,768,,,,,,,,,,,,,,,
4,769,Alice-Deep Purple,A,,,S,A,,,S,,B,,,,
4,770,Alice-Red Violet,A,,,S,B,,,SS,,A,,,,
4,771,Southern Romance,,S,,A,,A,,S,,A,,,,
,772,,,,,,,,,,,,,,,
,773,,,,,,,,,,,,,,,
,774,,,,,,,,,,,,,,,
,775,,,,,,,,,,,,,,,
,776,,,,,,,,,,,,,,,
,777,,,,,,,,,,,,,,,
,778,,,,,,,,,,,,,,,
,779,,,,,,,,,,,,,,,
,780,,,,,,,,,,,,,,,
,781,,,,,,,,,,,,,,,
,782,,,,,,,,,,,,,,,
,783,,,,,,,,,,,,,,,
,784,,,,,,,,,,,,,,,
,785,,,,,,,,,,,,,,,
,786,,,,,,,,,,,,,,,
5,787,Love at First Sight,A,,SS,,SS,,S,,,A,,,,
,788,,,,,,,,,,,,,,,
,789,,,,,,,,,,,,,,,
,809,,,,,,,,,,,,,,,
5,810,Monochromatic Fate,SS,,SS,,A,,S,,,A,,,,
,811,,,,,,,,,,,,,,,
,842,,,,,,,,,,,,,,,
,843,,,,,,,,,,,,,,,
,844,,,,,,,,,,,,,,,
5,845,Rural Tranquility,A,,S,,,A,,SS,,A,,,,
,846,,,,,,,,,,,,,,,
,847,,,,,,,,,,,,,,,
,848,,,,,,,,,,,,,,,
,849,,,,,,,,,,,,,,,
5,850,Elegant Prelude,B,,B,,,S,,S,,B,,,Friends,Youth Poem
,851,,,,,,,,,,,,,,,
,927,,,,,,,,,,,,,,,
5,928,Momoko Hair,B,,,S,,SS,,SS,,A,,,,
5,929,Silvery Grey Radiance,S,,SS,,SS,,A,,,A,,,,
,930,,,,,,,,,,,,,,,
,970,,,,,,,,,,,,,,,
5,971,Shepherd Girl,A,,B,,,SS,,S,,A,,,Event,Satiroth's Sheep
,972,,,,,,,,,,,,,,,
,973,,,,,,,,,,,,,,,
,974,,,,,,,,,,,,,,,
,812,,,,,,,,,,,,,,,
,813,,,,,,,,,,,,,,,
,814,,,,,,,,,,,,,,,
,815,,,,,,,,,,,,,,,
,816,,,,,,,,,,,,,,,
,817,,,,,,,,,,,,,,,
,818,,,,,,,,,,,,,,,
,819,,,,,,,,,,,,,,,
,820,,,,,,,,,,,,,,,
,821,,,,,,,,,,,,,,,
,822,,,,,,,,,,,,,,,
,823,,,,,,,,,,,,,,,
,824,,,,,,,,,,,,,,,
,825,,,,,,,,,,,,,,,
,826,,,,,,,,,,,,,,,
,827,,,,,,,,,,,,,,,
,828,,,,,,,,,,,,,,,
,829,,,,,,,,,,,,,,,
,830,,,,,,,,,,,,,,,
,831,,,,,,,,,,,,,,,
,832,,,,,,,,,,,,,,,
,833,,,,,,,,,,,,,,,
,834,,,,,,,,,,,,,,,
,835,,,,,,,,,,,,,,,
,836,,,,,,,,,,,,,,,
,837,,,,,,,,,,,,,,,
,838,,,,,,,,,,,,,,,
,839,,,,,,,,,,,,,,,
,840,,,,,,,,,,,,,,,
,841,,,,,,,,,,,,,,,
,975,,,,,,,,,,,,,,,
,976,,,,,,,,,,,,,,,
,977,,,,,,,,,,,,,,,
,978,,,,,,,,,,,,,,,
5,979,Angelica,A,,,SS,,A,SS,,,A,,,,
5,980,Lucia,A,,,A,SS,,SS,,,A,,,,
,981,,,,,,,,,,,,,,,
,982,,,,,,,,,,,,,,,
,983,,,,,,,,,,,,,,,
,984,,,,,,,,,,,,,,,
,852,,,,,,,,,,,,,,,
,853,,,,,,,,,,,,,,,
,854,,,,,,,,,,,,,,,
,855,,,,,,,,,,,,,,,
,856,,,,,,,,,,,,,,,
,857,,,,,,,,,,,,,,,
,858,,,,,,,,,,,,,,,
,859,,,,,,,,,,,,,,,
,860,,,,,,,,,,,,,,,
,861,,,,,,,,,,,,,,,
,862,,,,,,,,,,,,,,,
,863,,,,,,,,,,,,,,,
,864,,,,,,,,,,,,,,,
,865,,,,,,,,,,,,,,,
,866,,,,,,,,,,,,,,,
,867,,,,,,,,,,,,,,,
,868,,,,,,,,,,,,,,,
,869,,,,,,,,,,,,,,,
,870,,,,,,,,,,,,,,,
,871,,,,,,,,,,,,,,,
,872,,,,,,,,,,,,,,,
,873,,,,,,,,,,,,,,,
,874,,,,,,,,,,,,,,,
,875,,,,,,,,,,,,,,,
,876,,,,,,,,,,,,,,,
,877,,,,,,,,,,,,,,,
,878,,,,,,,,,,,,,,,
,879,,,,,,,,,,,,,,,
,880,,,,,,,,,,,,,,,
,881,,,,,,,,,,,,,,,
,882,,,,,,,,,,,,,,,
,883,,,,,,,,,,,,,,,
,884,,,,,,,,,,,,,,,
,885,,,,,,,,,,,,,,,
,886,,,,,,,,,,,,,,,
,887,,,,,,,,,,,,,,,
,888,,,,,,,,,,,,,,,
,889,,,,,,,,,,,,,,,
,890,,,,,,,,,,,,,,,
,891,,,,,,,,,,,,,,,
,892,,,,,,,,,,,,,,,
,893,,,,,,,,,,,,,,,
,894,,,,,,,,,,,,,,,
,895,,,,,,,,,,,,,,,
,896,,,,,,,,,,,,,,,
,897,,,,,,,,,,,,,,,
,898,,,,,,,,,,,,,,,
,899,,,,,,,,,,,,,,,
,900,,,,,,,,,,,,,,,
,901,,,,,,,,,,,,,,,
,902,,,,,,,,,,,,,,,
,903,,,,,,,,,,,,,,,
,904,,,,,,,,,,,,,,,
,905,,,,,,,,,,,,,,,
,906,,,,,,,,,,,,,,,
,907,,,,,,,,,,,,,,,
,908,,,,,,,,,,,,,,,
,909,,,,,,,,,,,,,,,
,910,,,,,,,,,,,,,,,
,911,,,,,,,,,,,,,,,
,912,,,,,,,,,,,,,,,
,913,,,,,,,,,,,,,,,
,914,,,,,,,,,,,,,,,
,915,,,,,,,,,,,,,,,
,916,,,,,,,,,,,,,,,
,917,,,,,,,,,,,,,,,
,918,,,,,,,,,,,,,,,
,919,,,,,,,,,,,,,,,
,920,,,,,,,,,,,,,,,
,921,,,,,,,,,,,,,,,
,922,,,,,,,,,,,,,,,
,923,,,,,,,,,,,,,,,
,924,,,,,,,,,,,,,,,
,925,,,,,,,,,,,,,,,
,926,,,,,,,,,,,,,,,
,985,,,,,,,,,,,,,,,
,986,,,,,,,,,,,,,,,
,987,,,,,,,,,,,,,,,
,988,,,,,,,,,,,,,,,
,931,,,,,,,,,,,,,,,
,932,,,,,,,,,,,,,,,
,933,,,,,,,,,,,,,,,
,934,,,,,,,,,,,,,,,
,935,,,,,,,,,,,,,,,
,936,,,,,,,,,,,,,,,
,937,,,,,,,,,,,,,,,
,938,,,,,,,,,,,,,,,
,939,,,,,,,,,,,,,,,
,940,,,,,,,,,,,,,,,
,941,,,,,,,,,,,,,,,
,942,,,,,,,,,,,,,,,
,943,,,,,,,,,,,,,,,
,944,,,,,,,,,,,,,,,
,945,,,,,,,,,,,,,,,
,946,,,,,,,,,,,,,,,
,947,,,,,,,,,,,,,,,
,948,,,,,,,,,,,,,,,
,949,,,,,,,,,,,,,,,
,950,,,,,,,,,,,,,,,
,951,,,,,,,,,,,,,,,
,952,,,,,,,,,,,,,,,
,953,,,,,,,,,,,,,,,
,954,,,,,,,,,,,,,,,
,955,,,,,,,,,,,,,,,
,956,,,,,,,,,,,,,,,
,957,,,,,,,,,,,,,,,
,958,,,,,,,,,,,,,,,
,959,,,,,,,,,,,,,,,
,960,,,,,,,,,,,,,,,
,961,,,,,,,,,,,,,,,
,962,,,,,,,,,,,,,,,
,963,,,,,,,,,,,,,,,
,964,,,,,,,,,,,,,,,
,965,,,,,,,,,,,,,,,
,966,,,,,,,,,,,,,,,
,967,,,,,,,,,,,,,,,
,968,,,,,,,,,,,,,,,
,969,,,,,,,,,,,,,,,
,989,,,,,,,,,,,,,,,
,990,,,,,,,,,,,,,,,
,991,,,,,,,,,,,,,,,
,992,,,,,,,,,,,,,,,
3,993,Straight Student Hair,,S,A,,,A,,A,,A,,,,
,994,,,,,,,,,,,,,,,
,1014,,,,,,,,,,,,,,,
4,1015,Star Ivy,B,,,SS,,S,A,,,A,Harajuku,,Login,Apple - Raspberry Pink Rock
,1016,,,,,,,,,,,,,,,
,1017,,,,,,,,,,,,,,,
,1018,,,,,,,,,,,,,,,
,1019,,,,,,,,,,,,,,,
5,1020,Late Cherry,S,,,S,,SS,,A,,A,,,,
5,1021,Late Cherry-Blue,A,,,SS,,S,,A,A,,,,,
5,1022,Late Cherry-Gold,S,,,S,,SS,,A,A,,,,,
,1023,,,,,,,,,,,,,,,
,1024,,,,,,,,,,,,,,,
,1025,,,,,,,,,,,,,,,
5,1026,Night's Silence,A,,A,,SS,,S,,A,,,,,
5,1027,Night's Splendor,SS,,SS,,A,,A,,S,,,,,
,1028,,,,,,,,,,,,,,,
,1029,,,,,,,,,,,,,,,
,1030,,,,,,,,,,,,,,,
,1031,,,,,,,,,,,,,,,
,1032,,,,,,,,,,,,,,,
,995,,,,,,,,,,,,,,,
,996,,,,,,,,,,,,,,,
,997,,,,,,,,,,,,,,,
,998,,,,,,,,,,,,,,,
,999,,,,,,,,,,,,,,,
,1000,,,,,,,,,,,,,,,
,1001,,,,,,,,,,,,,,,
,1002,,,,,,,,,,,,,,,
,1003,,,,,,,,,,,,,,,
,1004,,,,,,,,,,,,,,,
,1005,,,,,,,,,,,,,,,
,1006,,,,,,,,,,,,,,,
,1007,,,,,,,,,,,,,,,
,1008,,,,,,,,,,,,,,,
,1009,,,,,,,,,,,,,,,
,1010,,,,,,,,,,,,,,,
,1011,,,,,,,,,,,,,,,
,1012,,,,,,,,,,,,,,,
,1013,,,,,,,,,,,,,,,
,1033,,,,,,,,,,,,,,,
,1034,,,,,,,,,,,,,,,
,1035,,,,,,,,,,,,,,,
4,1036,Carefree Traveller,B,,S,,S,,A,,A,,,,,
,1037,,,,,,,,,,,,,,,
,1048,,,,,,,,,,,,,,,
5,1049,Snow Story,A,,S,,A,,,SS,,A,,,,
,1050,,,,,,,,,,,,,,,
,1051,,,,,,,,,,,,,,,
,1052,,,,,,,,,,,,,,,
,1053,,,,,,,,,,,,,,,
,1054,,,,,,,,,,,,,,,
,1055,,,,,,,,,,,,,,,
,1056,,,,,,,,,,,,,,,
,1057,,,,,,,,,,,,,,,
5,1058,yoko's Ribbon,A,,,SS,,S,,B,,A,,,"verify name, fantasy workshop?",
,1059,,,,,,,,,,,,,,,
,1083,,,,,,,,,,,,,,,
4,1084,Christmas Party,A,,,S,,SS,,S,,B,,,,
,1085,,,,,,,,,,,,,,,
,1111,,,,,,,,,,,,,,,
5,1112,Childhood Legend,A,,,SS,,S,,S,,S,,,,
5,1113,Mountain Breeze,S,,,SS,,A,SS,,A,,Kimono,,,
5,1114,Phantasmagoric,A,,,SS,,S,,S,,A,Kimono,,"jp, wow that is a good word",
,1038,,,,,,,,,,,,,,,
,1039,,,,,,,,,,,,,,,
,1040,,,,,,,,,,,,,,,
,1041,,,,,,,,,,,,,,,
,1042,,,,,,,,,,,,,,,
,1043,,,,,,,,,,,,,,,
,1044,,,,,,,,,,,,,,,
,1045,,,,,,,,,,,,,,,
,1046,,,,,,,,,,,,,,,
,1047,,,,,,,,,,,,,,,
5,1115,Maple Path,SS,,S,,SS,,S,,A,,,,,
5,1116,Necessary Demon,A,,A,,SS,,SS,,,A,,,,
,1117,,,,,,,,,,,,,,,
,1118,,,,,,,,,,,,,,,
,1119,,,,,,,,,,,,,,,
,1120,,,,,,,,,,,,,,,
5,1121,Forest Path,SS,,A,,SS,,A,,,A,,,,
,1122,,,,,,,,,,,,,,,
,1123,,,,,,,,,,,,,,,
,1124,,,,,,,,,,,,,,,
4,1125,Twin Tails are Justice,A,,,A,,S,,SS,,B,,,,
,1126,,,,,,,,,,,,,,,
,1060,,,,,,,,,,,,,,,
,1061,,,,,,,,,,,,,,,
,1062,,,,,,,,,,,,,,,
,1063,,,,,,,,,,,,,,,
,1064,,,,,,,,,,,,,,,
,1065,,,,,,,,,,,,,,,
,1066,,,,,,,,,,,,,,,
,1067,,,,,,,,,,,,,,,
,1068,,,,,,,,,,,,,,,
,1069,,,,,,,,,,,,,,,
,1070,,,,,,,,,,,,,,,
,1071,,,,,,,,,,,,,,,
,1072,,,,,,,,,,,,,,,
,1073,,,,,,,,,,,,,,,
,1074,,,,,,,,,,,,,,,
,1075,,,,,,,,,,,,,,,
,1076,,,,,,,,,,,,,,,
,1077,,,,,,,,,,,,,,,
,1078,,,,,,,,,,,,,,,
,1079,,,,,,,,,,,,,,,
,1080,,,,,,,,,,,,,,,
,1081,,,,,,,,,,,,,,,
,1082,,,,,,,,,,,,,,,
,1127,,,,,,,,,,,,,,,
5,1128,Dais of Sound,SS,,A,,S,,A,,,A,,,,
,1129,,,,,,,,,,,,,,,
,1086,,,,,,,,,,,,,,,
,1087,,,,,,,,,,,,,,,
,1088,,,,,,,,,,,,,,,
,1089,,,,,,,,,,,,,,,
,1090,,,,,,,,,,,,,,,
,1091,,,,,,,,,,,,,,,
,1092,,,,,,,,,,,,,,,
,1093,,,,,,,,,,,,,,,
,1094,,,,,,,,,,,,,,,
,1095,,,,,,,,,,,,,,,
,1096,,,,,,,,,,,,,,,
,1097,,,,,,,,,,,,,,,
,1098,,,,,,,,,,,,,,,
,1099,,,,,,,,,,,,,,,
,1100,,,,,,,,,,,,,,,
,1101,,,,,,,,,,,,,,,
,1102,,,,,,,,,,,,,,,
,1103,,,,,,,,,,,,,,,
,1104,,,,,,,,,,,,,,,
,1105,,,,,,,,,,,,,,,
,1106,,,,,,,,,,,,,,,
,1107,,,,,,,,,,,,,,,
,1108,,,,,,,,,,,,,,,
,1109,,,,,,,,,,,,,,,
,1110,,,,,,,,,,,,,,,
,1146,,,,,,,,,,,,,,,
5,1147,Pure Morning,A,,A,,,SS,,SS,,A,,,,
4,1148,Bittersweet Memory,A,,,A,,S,,S,,A,,,,
,1149,,,,,,,,,,,,,,,
4,1150,Messy Braid,B,,,S,,SS,,B,,A,,,,
,1151,,,,,,,,,,,,,,,
,1175,,,,,,,,,,,,,,,
5,1176,Cherry Blossom Story,A,,SS,,SS,,,A,,A,,,,
5,1177,Nostalgic Breeze,A,,SS,,SS,,,S,,A,Kimono,,,
5,1178,Flourishing Feeling,,SS,,SS,,S,,B,,A,,,,
5,1179,Spring Storm,A,,A,,,SS,,SS,,A,,,,
,1180,,,,,,,,,,,,,,,
,1197,,,,,,,,,,,,,,,
5,1198,Matching Blond (M),SS,S,,SS,,,A,,A,,,,,
5,1199,Matching Blonde (F),,A,SS,,SS,,A,,A,,,,,
5,1200,End of H.S. Livelihood,,A,A,,SS,,SS,,A,,,,,
5,1201,Happy Airplane,A,,,SS,,SS,,A,,A,,,,
,,,,,,,,,,,,,,,,
,,,,,,,,,,,,,,,,
,1130,,,,,,,,,,,,,,,
,1131,,,,,,,,,,,,,,,
,1132,,,,,,,,,,,,,,,
,1133,,,,,,,,,,,,,,,
,1134,,,,,,,,,,,,,,,
,1135,,,,,,,,,,,,,,,
,1136,,,,,,,,,,,,,,,
,1137,,,,,,,,,,,,,,,
,1138,,,,,,,,,,,,,,,
,1139,,,,,,,,,,,,,,,
,1140,,,,,,,,,,,,,,,
,1141,,,,,,,,,,,,,,,
,1142,,,,,,,,,,,,,,,
,1143,,,,,,,,,,,,,,,
,1144,,,,,,,,,,,,,,,
,1145,,,,,,,,,,,,,,,
,,,,,,,,,,,,,,,,
,,,,,,,,,,,,,,,,
,,,,,,,,,,,,,,,,
,,,,,,,,,,,,,,,,
,,,,,,,,,,,,,,,,
,,,,,,,,,,,,,,,,
,1152,,,,,,,,,,,,,,,
,1153,,,,,,,,,,,,,,,
,1154,,,,,,,,,,,,,,,
,1155,,,,,,,,,,,,,,,
,1156,,,,,,,,,,,,,,,
,1157,,,,,,,,,,,,,,,
,1158,,,,,,,,,,,,,,,
,1159,,,,,,,,,,,,,,,
,1160,,,,,,,,,,,,,,,
,1161,,,,,,,,,,,,,,,
,1162,,,,,,,,,,,,,,,
,1163,,,,,,,,,,,,,,,
,1164,,,,,,,,,,,,,,,
,1165,,,,,,,,,,,,,,,
,1166,,,,,,,,,,,,,,,
,1167,,,,,,,,,,,,,,,
,1168,,,,,,,,,,,,,,,
,1169,,,,,,,,,,,,,,,
,1170,,,,,,,,,,,,,,,
,1171,,,,,,,,,,,,,,,
,1172,,,,,,,,,,,,,,,
,1173,,,,,,,,,,,,,,,
,1174,,,,,,,,,,,,,,,
,,,,,,,,,,,,,,,,
,,,,,,,,,,,,,,,,
,,,,,,,,,,,,,,,,
,,,,,,,,,,,,,,,,
,,,,,,,,,,,,,,,,
,,,,,,,,,,,,,,,,
,1181,,,,,,,,,,,,,,,
,1182,,,,,,,,,,,,,,,
,1183,,,,,,,,,,,,,,,
,1184,,,,,,,,,,,,,,,
,1185,,,,,,,,,,,,,,,
,1186,,,,,,,,,,,,,,,
,1187,,,,,,,,,,,,,,,
,1188,,,,,,,,,,,,,,,
,1189,,,,,,,,,,,,,,,
,1190,,,,,,,,,,,,,,,
,1191,,,,,,,,,,,,,,,
,1192,,,,,,,,,,,,,,,
,1193,,,,,,,,,,,,,,,
,1194,,,,,,,,,,,,,,,
,1195,,,,,,,,,,,,,,,
,1196,,,,,,,,,,,,,,,