3,Hat,1,Bowknot Hairpin-Red,A,,,A,,A,,S,,S,,,,
3,Hat,2,Bowknot Hairpin-Pink,A,,,A,,S,,S,,S,,,Customize,
3,Hat,3,Bowknot Hairpin-Yellow,A,,,S,,A,,A,,A,,,Customize,
3,Hat,4,Floral Headband-Blue,,S,,A,,A,,S,,A,,,,
3,Hat,5,Floral Headband-Pink,,A,,A,,A,,A,,A,,,,
2,Hat,6,Kerchief Pink,,A,B,,,S,,A,,A,,,"Store, Mystery, Stage (6-3 M, 9-5 M)",
2,Hat,7,Kerchief-Blue,,A,,B,,S,,S,,A,,,,
1,Hat,8,Kerchief-Yellow,,B,,B,,S,,A,,A,,,,
4,Hat,9,Cherry whisper-pink,,A,,S,,A,,S,,S,,,"mystery, fantasy",
4,Hat,10,Cherry whisper-yellow,,S,,S,,A,,S,,S,,,customize,
4,Hat,11,Cherry whisper-Purple,,A,,S,,S,,S,,S,,,customize,
2,Glove,12,Leather Glove,,A,,S,A,,A,,A,,Unisex,Rock,,
1,Right arm,13,Time concept,,S,A,,B,,,C,,A,Unisex,Britain,,
1,Left arm,14,Punk Bracelet,,A,A,,A,,,C,,S,Unisex,,"Store, Mystery",
1,Glove,15,B&W Wristband,,B,,A,,A,,B,A,,Unisex,,,
3,Hat,16,Funnyhat,,A,,S,,S,A,,A,,Unisex,Suncare,achieve,
2,Face,17,guardian time,,S,,B,A,,,B,,S,Unisex,Suncare,,
3,Necklace,18,star necklace,,S,B,,,S,,A,,S,Unisex,,Achievement,
4,Hat,19,white kitten earring,S,,,S,,S,,A,,S,Pet,,mystery,
4,Hat,20,gold kitten earring,A,,,S,,S,,A,,S,Pet,,customize,
4,Hat,21,tabby kitten earring,A,,,S,,S,,S,,S,Pet,,customize,
4,Glove,22,White kittenGlove,,SS,S,,,S,,S,S,,Pet,,mystery,
4,Glove,23,Gold kitten Glove,,S,A,,,S,,S,S,,Pet,,customize,
4,Glove,24,tabby kitten glove,,A,,A,,SS,,S,S,,Pet,,customize,
4,Tail,25,white kitten tail,S,,,S,,S,,B,,S,Pet,,mystery,
4,Tail,26,gold kitten tail,S,,,S,,SS,A,,,S,Pet,,customize,
4,Tail,27,tabby kitten tail,S,,,S,,S,A,,,S,Pet,,customize,
5,Hat,28,star hunt-red,S,,,A,,S,,S,,A,,,mystery,
5,Hat,29,star hunt-green,S,,,A,,SS,,S,,A,,,customize,
5,Hat,30,star hunt-blue,S,,,S,,SS,,S,,S,,,customize,
5,Hat,31,prince teddy-brown,S,,,S,,S,,S,,S,Pet,,mystery,
5,Hat,32,prince teddy-white,SS,,,S,,S,,S,,S,Pet,,customize,
5,Hat,33,prince teddy-black,S,,,S,,A,,S,,S,Pet,,customize,
3,scarf,34,red witch shawl,B,,S,,S,,S,,A,,,,,
1,scarf,35,chiffon shawl,,B,A,,A,,B,,,A,,,,
5,Hat,36,rose hat,SS,,S,,,SS,,SS,,B,Lolita,,stage reward,
3,Waist,37,rose belt,S,,,A,,S,,B,,A,,,,
3,Necklace,38,rose necklace,,A,,A,,S,,S,,A,Lolita,,,
4,Right Hand,39,Rose Love,,S,,S,,S,,S,,S,Lolita,,Stage (7-5 P),Pigeon - Rose Maiden
4,Hat,40,gear hat,S,,S,,B,,,SS,,A,Europe,,exchange,
4,Face,41,retromonocle,S,,SS,,,B,,B,,S,Britain,,exchange,
5,Right Hand,42,retro crutch,,S,S,,A,,,S,,S,Britain,,exchange,
4,Waist,43,steam belt,SS,,A,,,B,,B,,SS,Britain,,,
3,Left Hand,44,golden fan,S,,S,,S,,A,,,A,Europe,,,
5,Hat,45,flower hat,SS,,S,,,A,,A,S,,Suncare,lady,,
3,Glove,46,Silk Glove,,B,S,,S,,A,,A,,Lady,,,
3,Necklace,47,imperial warbler,S,,A,,,S,,B,,S,Lady,,,
5,Hat,48,dowager hat,SS,,SS,,,A,B,,SS,,Europe,,,
4,Right Hand,49,jade pipe,S,,A,,S,,S,,,S,Europe,,Fantasy,Pigeon - The Gentle Madam
4,Hat,50,lily gem,S,,SS,,,B,,B,,S,goddess,,,
2,Necklace,51,phoenix gem,B,,S,,B,,,B,,A,Goddess,,,
5,Right Arm,52,lily bracelet,SS,,SS,,,A,,B,,S,Goddess,,,
5,Waist,53,lily belt,SS,,SS,,,B,S,,,S,,,,
4,Necklace,54,lily gemstone,S,,SS,,A,,B,,,SS,,,,
4,Glove,55,flower elf glove,S,,S,,A,,A,,S,,Wedding,,,
4,Hat,56,sour lemon,S,,,S,,S,,S,,A,,,,
3,Hat,57,european hat-blue,S,,S,,,A,,A,A,,,,,
3,Hat,58,european hat-red,S,,S,,,A,,A,B,,,,,
3,Hat,59,european hat-pink,A,,S,,,S,,S,A,,,,,
3,scarf,60,knitting shawl Yellow,,A,B,,,A,,S,A,,,,"Store, Mystery, Fantasy",
3,Scarf,61,knitting shawl Red,,A,,A,,S,,A,A,,,,Customize,
3,Scarf,62,knitting shawl white,,S,,B,,S,,S,A,,,,Customize,
3,Scarf,63,knitting shawl blue,,A,,A,,S,,A,A,,,,Customize,
2,Face,64,reading glasses,,A,A,,,C,,S,,S,OL,,,
1,Waist,65,white belt,,A,A,,A,,B,,,B,,,,
4,Hat,66,warbler whisper,,S,S,,,S,,A,,A,Classical China,,,
5,Hat,67,warbler whisper-rare,S,,S,,,S,,S,,S,Classical China,,,
3,Hat,68,tea time,,S,S,,,C,,B,S,,Britain,,"Store, Mystery, Fantasy",
3,Hat,69,cosiness,,S,S,,B,,,S,S,,Britain,,,
3,scarf,70,autumn meeting,,S,S,,S,,,A,A,,Britain,,,
4,Glove,71,Nurse Gloves,,S,,S,,S,A,,A,,Paramedics,,,
3,Hat,72,nurse cap,,S,,A,,A,A,,,S,Paramedics,,,
3,Right Hand,73,fish love,,S,,A,,A,,A,,S,Kimono,,,
2,Left Hand,74,japanese fan-rhyme,,A,,A,,A,,S,,S,Kimono,,,
3,Earring,75,denim earring,,S,B,,A,,A,,,S,,,,
4,Earring,76,denim earrings-rare,,S,A,,S,,S,,,S,,,,
3,Hat,77,denim cap,,A,,A,,S,A,,,S,Unisex,,,
4,Hat,78,denim cap-rare,S,,,S,,B,S,,,S,Unisex,,,
3,scarf,79,denim scarf,,A,B,,,S,,S,A,,Swordsman,,,
4,scarf,80,denim scarf-rare,,B,,S,,S,,S,S,,Swordsman,,,
3,Hat,81,maid-neckwear,,A,A,,,S,A,,,S,Maiden,,"Mystery, Fantasy, Stage (3-2 P)",
4,Hat,82,sweet maid-neckwear,,A,S,,,S,A,,,A,Maiden,,"Evolve, Mystery, Fantasy",
5,Hat,83,housemaid headband,S,,S,,,S,S,,,S,Maiden,,Evolve,
3,Necklace,84,maiden-neck,,S,S,,,B,S,,,A,Maiden,,,
4,Necklace,85,sweet maiden-neck,,A,,S,,S,A,,,A,Maiden,,,
5,Necklace,86,housemaid necklace,S,,,S,,S,S,,,S,Maiden,,,
3,Glove,87,housemaid cuff,,A,S,,,S,A,,,S,Maiden,,,
4,Glove,88,sweet housemaid cuff,,A,A,,,SS,S,,,S,Maiden,,,
5,Glove,89,chocolate housemaid cuff,,S,SS,,,S,S,,,S,Maiden,,,
4,Left Hand,90,leather purse,,A,S,,S,,S,,,A,,,,
2,Necklace,91,Pearl Strand,,B,S,,,B,,B,,S,,,Mystery,
2,Hat,92,street black hat,,A,S,,A,,A,,A,,Unisex,,,
1,Necklace,93,indecisive necklace,,A,S,,,B,,C,,S,,,jp only?,
3,Hat,94,full bloom,,S,B,,,A,S,,,S,,,,
4,Hat,95,Full Bloom-Rare,S,,SS,,A,,B,,,SS,,,,
5,Hat,96,full bloom-epic,SS,,A,,A,,S,,SS,,,,,
3,Earring,97,first bloom,,S,S,,A,,A,,,A,,,,
4,Earring,98,first bloom-rare,,S,A,,S,,S,,,A,,,,
5,Earring,99,first bloom-epic,S,,SS,,S,,S,,,S,,,,
3,Necklace,100,oceanic pearl,,A,S,,A,,A,,,S,,,,
4,Necklace,101,oceanic pearl-rare,S,,S,,S,,A,,,S,,,,
5,Necklace,102,oceanic pearl-epic,S,,A,,S,,S,,,S,,,,
3,Left Arm,103,oceanic,,A,S,,A,,,S,,A,,,,
4,Left Arm,104,oceanic-rare,,C,S,,S,,,SS,,S,,,,
5,Left Arm,105,oceanic-epic,S,,S,,S,,,SS,,S,,,,
,,106,,,,,,,,,,,,,,,
,,107,,,,,,,,,,,,,,,
,,108,,,,,,,,,,,,,,,
2,Hat,109,summer scent,,A,,B,,A,,S,,A,,,"Store, Mystery",
3,Hat,110,panda pajama night  cap,,S,,A,,A,,S,A,,Pajama,,Recipe,Apple - Panda Dreamland
3,Hat,111,heart pajama night cap,,A,,A,,A,,S,A,,Pajama,,,
2,Earring,112,tassel earrings,S,,B,,S,,A,,,A,,,Store,Apple - Sexy Bad Girl
2,Necklace,113,chain necklace,A,,,A,A,,A,,,A,Rock,,,
5,,114,enchanting feather,,,,,,,,,,,,,vip,
5,,115,enchanting pendant,,,,,,,,,,,,,vip,
5,,116,enchanting gloves,,,,,,,,,,,,,vip,
4,Veil,117,dream veil,S,,S,,S,,,S,,S,Wedding,,,
3,Hat,118,floral hairpin,S,,,A,S,,,B,,S,Wedding,,,
2,Earring,119,floral earring,,S,A,,B,,B,,,S,Wedding,,,
3,Necklace,120,diamond necklace,A,,S,,B,,S,,,A,Wedding,,,
3,Right Hand,121,timely bloom,A,,S,,,A,,A,,A,Wedding,,,
3,Hat,122,reindeer hat,,A,,S,,S,,S,A,,Pet,,,
4,Hat,123,reindeer hat-rare,,A,,A,,S,,S,A,,Pet,,,
4,scarf,124,multicolor scarf,,S,,S,,S,,S,S,,Dryad,,,
6,Hat,125,asterism,SS,,SS,,S,,,B,,S,Fairy,,,
6,Necklace,126,starsea necklace,S,,SS,,S,,S,,,SS,Fairy,,,
6,Glove,127,Starsea Gloves,S,,SS,,S,,S,,S,,Fairy,Evening Gown/Formal,,
3,Hat,128,black petal,A,,A,,A,,A,,,S,Gothic,,,
3,Necklace,129,magic flower necklace,A,,S,,,S,A,,,A,Gothic,,,
3,Right Arm,130,magic flower bracelet,A,,S,,A,,A,,,A,Gothic,,,
5,Hat,131,lotus pendant-epic,S,,SS,,,S,,A,,S,Classical China,,,
5,Hat,132,purple lotus-epic,SS,,SS,,,S,,B,,S,Classical China,,,
3,Hat,133,jellyfish glow,,A,,A,,S,,S,,S,Fairy,,"Mystery, Fantasy, Stage (2-4 P), Association",
2,Earring,134,Sapphire Sea,,A,,A,,A,,A,,A,Fairy,,,
3,Glove,135,wind wave,,A,,A,,A,,A,,S,Fairy,,,
5,Hat,136,jellyfish glow-rare,S,,,S,,A,,S,,S,Fairy,,Evolve,
5,Earring,137,sapphire sea-rare,S,,,A,,A,,S,,S,Fairy,,,
5,Glove,138,wind wave-rare,S,,,S,,S,,S,,S,Fairy,,,
3,Veil,139,Blood Satin,A,,,A,,A,,S,,S,Swordsman,,,
4,Veil,140,red satin-rare,A,,,S,,S,,S,A,,Swordsman,,,
4,Hat,141,fox mask,S,,S,,,S,A,,,A,Kimono,,,
5,Right Hand,142,rhombic nail,,S,,S,,S,,SS,,S,Swordsman,,,
5,Left Hand,143,kunai,,S,,S,,S,,S,,S,Swordsman,,,
5,Veil,144,red satin-epic,S,,,S,,SS,,S,,S,Swordsman,,,
3,Necklace,145,shore flower,,A,S,,A,,A,,,A,,,,
4,Necklace,146,shore flower-rare,B,,,S,,S,,S,,S,,,,
5,Necklace,147,shore flower-epic,S,,,S,,S,,S,,S,,,,
5,Tattoo,148,manjusaka,S,,,SS,S,,S,,,S,,,,
,,149,,,,,,,,,,,,,,,
,,150,,,,,,,,,,,,,,,
3,Hat,151,lotus pendant,,A,S,,,A,,S,,A,Classical China,,"Mystery, Fantasy, Misty, Stage (5-10 P, 6-2 P)",
4,Hat,152,lotus pendant-rare,,A,S,,S,,A,,,S,Classical China,,,
5,Hat,153,peacock pendant,S,,B,,SS,,S,,,S,Classical China,,"mystery, fantasy",
5,Face,154,peacock shield,S,,S,,S,,S,,,S,Classical China,,"mystery, fantasy",
5,Earring,155,peacock spirit,SS,,S,,,A,S,,,SS,,,"mystery, fantasy",
5,Glove,156,peacock ring,SS,,A,,B,,S,,,SS,Classical China,Goddess,"mystery, fantasy",
5,Necklace,157,peacock belt,S,,SS,,B,,S,,,SS,Classical China,,,
4,Face,158,rose,S,,S,,S,,A,,,A,,,,
5,Earring,159,extra fragrance,SS,,SS,,S,,B,,,S,,,,
2,Hat,160,delicate fingers,,A,,A,,A,,A,,S,,,,
3,Right Hand,161,embroidered sachet,,A,,A,,A,,S,,A,Lady,,,
4,Right Hand,162,green tea parosol,,S,B,,,S,,S,,S,Rainy Day,Suncare,,
3,Veil,163,Red Cloak,,A,,S,,A,,A,S,,Fairy,Lolita,,
4,Glove,164,red riding hood bracelet,,B,,S,,S,,S,,S,Fairy,Lolita,,
5,Veil,165,red cloak-epic,S,,,S,,SS,,S,S,,Fairy,Lolita,,
5,Right Hand,166,fantasy shotgun,,B,,S,,S,,SS,,S,Fairy,,"mystery, fantasy",
5,Left Hand,167,red hat's basket,,S,,S,,S,,S,,S,Fairy,,"mystery, fantasy",
,,168,,,,,,,,,,,,,,,
,,169,,,,,,,,,,,,,,,
2,Face,170,student glasses,,A,S,,,A,,B,,A,Preppy,,,
3,Right Hand,171,hardcover notebook,,A,S,,,S,,A,,S,Preppy,,,
4,Veil,172,dancer veil,S,,S,,,A,S,,,A,Dancer,India,,
3,Earring,173,dancer's earrings,S,,,B,A,,A,,,A,Dancer,India,,
4,Necklace,174,dancer's necklace,S,,A,,A,,S,,,S,Dancer,India,,
4,Glove,175,dancer's bracelet,S,,B,,,A,S,,,SS,Dancer,India,,
4,Necklace,176,milky way,S,,S,,A,,S,,,A,,,,
4,scarf,177,natural gift,,S,,S,,A,,S,S,,Winter,,,
5,Glove,178,ablaze beauty-gloves,,S,,S,,S,,SS,S,,Winter,,,
2,Hat,179,penguin hat,,A,,A,,A,,A,A,,Winter,,,
3,Right Hand,180,heart handbag,,S,,S,,S,,S,,B,Winter,,,
,,181,,,,,,,,,,,,,,,
2,Hat,182,Brown Earmuff,,A,,A,,A,,A,A,,Winter,,Mystery,
4,Hat,183,ablaze beauty-gloves,,A,,S,,A,,S,S,,Winter,,,
2,Hat,184,Indigo Hat,,A,,A,,S,,A,S,,Winter,,,
4,Necklace,185,snowflake cocoa,,S,,S,,S,,S,S,,Winter,,,
,,186,,,,,,,,,,,,,,,
3,Hat,187,memorial badge-pink,,A,S,,,A,,A,A,,Britain,Suncare,,
,,188,,,,,,,,,,,,,,,
3,Hat,189,memorial badge-grey,,A,A,,,S,,A,A,,Britain,Suncare,,
,,190,,,,,,,,,,,,,,,
,,191,,,,,,,,,,,,,,,
,,192,,,,,,,,,,,,,,,
,,193,,,,,,,,,,,,,,,
4,Hat,194,aladdin (black),S,,,S,,S,,S,A,,,,,
4,Hat,195,strawberry baby,A,,,A,,S,,S,,A,,,,
4,Hat,196,bunny ears-blue,S,,,S,,S,,A,,S,Pet,,,
4,Hat,197,bunny ears-white,S,,,S,,S,,A,,S,Pet,,,
4,Hat,198,bunny ears-black,S,,,S,,S,,A,,S,Pet,,,
,,199,,,,,,,,,,,,,,,
3,Hat,200,pastry cap,,A,,S,,A,,A,,A,,,,
3,Hat,201,sailor cap,,A,,S,,A,,A,,A,,,,
4,Hat,202,Bunnygirl Headband,S,,,S,,S,A,,,S,Bunny,,,
3,Glove,203,winter gloves,,A,,A,,S,,S,A,,Winter,,,
2,Hat,204,takeout waitress,,A,,B,,S,,A,,A,Suncare,,,
3,Waist,205,little apron,,A,,S,,S,,A,,C,Maiden,Apron,,
3,scarf,206,stethoscope,,S,S,,S,,A,,,A,Paramedics,,,
4,Hat,207,mr bunny,,S,,A,,S,,S,,A,Fairy,Bunny,,
4,Right Hand,208,march hare,,S,,A,,S,,S,,A,Fairy,,,
4,Veil,209,maritime scarf,,S,,S,,S,,A,A,,,,,
2,Hat,210,fluffy diver,,A,,A,,A,,A,,A,,,,
2,Hat,211,religious flower,A,,B,,,A,,A,,S,,,,
4,Necklace,212,religious necklace,,S,S,,,S,,S,,S,,,,
4,Hat,213,sweet fawn,S,,,S,,S,,S,A,,Dryad,Pet,,
3,Right Arm,214,flower knot,,S,,A,,A,,A,,A,,,,
3,Right Hand,215,school bag,,A,,S,,S,,A,,A,Preppy,,,
4,Hat,216,cream cake,S,,,S,,S,,S,,S,,,,
3,Glove,217,cake decoration,A,,,S,,A,,S,,A,,,,
3,Necklace,218,cake fondness,,S,,A,,S,,A,,A,,,,
3,Hat,219,inventor glasses,A,,,A,,A,,S,,A,Unisex,,,
3,Right Hand,220,ancient crutch,,S,S,,,B,,A,,S,Britain,,,
2,Necklace,221,candy heart necklace,,A,,A,,A,,A,,A,,,,
4,Hat,222,golden leaf hairband,SS,,S,,,A,,A,,S,,,,
2,Hat,223,candy heart headwear,,A,,B,,A,,A,,A,Lolita,,"Store, Mystery",
5,Hat,224,daisy hat,,B,,B,,B,,B,,B,,,,
3,Right Hand,225,candy heart bag,,S,,A,,A,,A,,A,お嬢様,,,
5,Necklace,226,bud necklace,C,,,B,,B,,B,,B,,,,
3,Hat,227,puff headwear,S,,,A,,A,,A,,S,Lolita,,,
2,Glove,228,puff wristband,B,,,A,,A,,A,,A,Lolita,,,
2,Brooch,229,puff handbag,,A,,A,,A,,S,,A,Lolita,,,
3,Necklace,230,puff necklace,B,,S,,,S,,A,,A,Lolita,,,
5,Hat,231,divination cap,A,,B,,,S,,S,,A,Fairy,,,
5,Necklace,232,night of stars,SS,,A,,,A,S,,,S,Lolita,,,
3,Necklace,233,pearl necklace,A,,A,,S,,A,,,A,,,,
3,Necklace,234,warm dance necklace,,S,A,,A,,A,,,S,,,,
2,Left Arm,235,warm dance bracelet,,A,S,,A,,A,,,A,,,,
2,Right Arm,236,red watch,,A,B,,,S,,A,,A,,,,
2,Necklace,237,boneteeth necklace,B,,,B,A,,S,,,A,Rock,,Stage (3-2 M),Apple - Rock Singer
3,Glove,238,studded gloves,,B,,S,A,,S,,S,,Rock,,"Store, Mystery, Fantasy",Apple - Rock Singer
5,Hat,239,brown sugar hair ornament,A,,S,,S,,,C,,A,,,jp?,
5,,240,strawberry cake,,,,,,,,,,,,,vip,curie strawberry
4,Hat,241,osamantus brew,,B,S,,,A,S,,,S,,,,
3,Hat,242,little postman,,,,,,,,,,,,,,
3,Hat,243,blue sunbonnet,,S,S,,,S,A,,,S,Suncare,,,
3,Necklace,244,star wish necklace,,A,,A,,A,,A,,A,,,,
3,Right Arm,245,beach wristband,S,,A,,,B,S,,,S,,,,
3,Necklace,246,heart necklace,A,,,A,,S,,S,,A,,,,
5,Face,247,butterfly shadow,S,,S,,S,,S,,,S,Fairy,,,
5,Glove,248,butterfly joy,S,,,B,SS,,S,,,SS,Fairy,Pet,,
4,Veil,249,red cloak-rare,,S,,S,,S,,A,A,,Fairy,Lolita,,
4,Necklace,250,crawler,,S,,A,,S,,S,,S,,,,
4,Right Arm,251,devil bracelet,S,,,A,,S,A,,,S,,,,
4,Right Hand,252,rose courtyard,S,,,B,,A,,S,,S,Lolita,,,
4,Hat,253,double buds,,S,,S,,S,,S,,S,Lolita,,,
3,Hat,254,tea aroma hat,S,,,S,,S,,A,,A,Lolita,,,
3,Earring,255,afternoon tea party,A,,,B,,S,,A,,S,Lolita,,,
3,Brooch,256,tea whisper,,A,,B,,S,,A,,S,Lolita,,,
4,Glove,257,tea aroma gloves,S,,,A,,S,,S,A,,Lolita,,,
4,Hat,258,darkness plume,S,,A,,,S,,S,,A,Gothic,Lolita,,
3,Face,259,black pupil,S,,A,,S,,,A,,SS,Gothic,Lolita,,
3,Necklace,260,darkness necklace,A,,S,,B,,S,,,S,Gothic,Lolita,,
3,Right Hand,261,darkness umbrella,A,,A,,,S,,A,,A,Gothic,Suncare,,
,,262,,,,,,,,,,,,,,,
,,263,,,,,,,,,,,,,,,
,,264,,,,,,,,,,,,,,,
,,265,,,,,,,,,,,,,,,
3,Face,266,meticulous,S,,A,,S,,,C,,S,Europe,,,
4,Right Hand,267,lilith's album,S,,A,,S,,,S,,S,OL,,,
3,Hat,268,locco's bowknot,A,,,A,,S,,S,,A,Lolita,,,
3,Brooch,269,locco's handbag,,A,,A,,A,,S,,S,Lolita,,,
3,Glove,270,locco's bracelet,B,,,S,,A,,A,,S,Lolita,,,
4,Hat,271,wasteland headwear,S,,,B,A,,,S,,S,Bohemia,,,
3,Necklace,272,wasteland necklace,S,,,B,A,,,B,,SS,Bohemia,,,
3,Right Hand,273,wasteland handbag,,S,,B,,A,,S,,S,Bohemia,,,
3,Necklace,274,agent necklace,,A,A,,A,,A,,,S,Rock,,,
3,Glove,275,agent gloves,S,,,S,,B,A,,,S,Rock,,,
4,Right Hand,276,clouds folding fan,S,,A,,,B,,A,,SS,Modern China,,,
4,Right Hand,277,drizzle fan,S,,S,,,B,,S,,S,Modern China,,,
3,Brooch,278,cloud sachet,,S,,A,,S,,A,,A,Lolita,,,
4,Necklace,279,nikki's dance necklace,,S,A,,A,,S,,A,,Europe,,,
3,Left Arm,280,nikki's dance bracelet,,B,A,,A,,A,,,A,,,,
4,Right Arm,281,gold inlay,A,,S,,S,,S,,,S,,,,
3,Necklace,282,nature,,A,S,,S,,,A,,S,,,,
4,Glove,283,golden leaf ribbon,S,,S,,S,,S,,,S,,,,
3,Earring,284,golden leaf earrings,S,,S,,S,,,C,,S,,,,
5,Earring,285,galaxy　earrings,A,,,A,,A,,A,,A,,,,
5,Necklace,286,Galaxy Necklace,B,,,A,,A,,A,A,,,,,
5,Right Hand,287,Star Parasol,A,,A,,,A,,A,,A,Suncare,,,
5,Hat,288,painter's cap,,A,A,,A,,,A,A,,,,Recharge,Apple - Winter Angel
,,289,,,,,,,,,,,,,,,
,,290,,,,,,,,,,,,,,,
,,291,,,,,,,,,,,,,,,
5,Brooch,292,elegant angel,,A,S,,,A,,A,,A,,,Recharge,Apple - Winter Angel
,,293,,,,,,,,,,,,,,,
,,294,,,,,,,,,,,,,,,
,,295,,,,,,,,,,,,,,,
5,Glove,296,snow gloves,,A,A,,A,,A,,A,,,,Recharge,Apple - Winter Angel
5,Glove,297,silk gloves brown,,B,SS,,S,,S,,S,,,,,
,,298,,,,,,,,,,,,,,,
5,Glove,299,silk gloves black,,B,S,,S,,S,,S,,,,,
3,Right Hand,300,mist butterfly-brown,,A,S,,A,,,S,,A,,,"Store, Mystery, Fantasy",
3,Right Hand,301,mist butterfly-red,,S,S,,,B,,B,S,,,,Customize,
3,Right Hand,302,mist butterfly-navy,,SS,SS,,,B,,A,B,,,,Customize,
,,303,,,,,,,,,,,,,,,
2,Right Arm,304,youth bracelet,A,,,A,,A,,A,,A,,,Mystery,
2,Necklace,305,youth necklaces,A,,,A,,A,,A,,A,,,,
5,Hat,306,snow hat,,A,B,,,A,,A,S,,,,,
,,307,,,,,,,,,,,,,,,
,,308,,,,,,,,,,,,,,,
,,309,,,,,,,,,,,,,,,
5,Necklace,310,miracle necklace,A,,,A,,A,,A,,A,,,,
4,Hat,311,veil dance,,SS,,A,,S,,A,,A,,,,
,,312,,,,,,,,,,,,,,,
5,Right Arm,313,red sandalwood,,A,,A,,A,,A,,A,,,,
5,earring,314,phoenix haven,,,,,,,,,,,,,vip,epic empress
3,Hat,315,senior bonnet,,A,SS,,,A,,A,A,,,,Store,
4,Necklace,316,Purple Bowtie,S,,S,,,A,,S,S,,,,,
3,Right Arm,317,metal bracelet,B,,S,,B,,B,,,S,,,,
4,Earring,318,triangle puzzle,,S,A,,S,,S,,,S,,,,
4,Hat,319,verdant leaf,,S,S,,,B,,B,,S,,,Store,
3,Necklace,320,water pearl,S,,S,,C,,,S,,S,,,,
2,Hat,321,pearl hairpin,,A,B,,,S,,S,,A,,,,
3,Left Arm,322,cross bracelet,C,,,S,S,,S,,,S,,,Store,
3,Right Arm,323,studded bracelet,B,,,S,S,,A,,,S,,,"Stage (2-4 M), Association",
,,324,,,,,,,,,,,,,,,
,,325,,,,,,,,,,,,,,,
,,326,,,,,,,,,,,,,,,
,,327,,,,,,,,,,,,,,,
4,Necklace,328,nobel necklace,S,,S,,A,,A,,,S,,,,
4,Left Arm,329,laurel bracelet,S,,,A,,S,,S,,S,,,,
3,Earring,330,nobel earring,A,,A,,S,,A,,,A,,,,
,,331,,,,,,,,,,,,,,,
,,332,,,,,,,,,,,,,,,
,,333,,,,,,,,,,,,,,,
3,Earring,334,blue gem earring,A,,S,,A,,A,,,A,,,,
3,Earring,335,red gem earring,C,,S,,S,,S,,,S,,,,
3,Earring,336,star earring,,S,,S,B,,B,,,S,,,,
4,Necklace,337,nobel cape,S,,S,,S,,B,,S,,,,,
4,Earring,338,fringed earrings- pink,SS,,S,,B,,,S,,B,,,,
,,339,,,,,,,,,,,,,,,
,,340,,,,,,,,,,,,,,,
4,Earring,341,pointy earring (black),S,,B,,S,,S,,,S,,,jp?,
4,Earring,342,cloud knot-red,S,,S,,S,,B,,,S,,,,
4,Earring,343,cloud knot-blue,S,,S,,A,,S,,,S,,,,
4,Earring,344,cloud knot-purple,A,,S,,S,,S,,,S,,,,
3,Earring,345,cloud bead-red,B,,,B,S,,S,,,S,,,,
3,Earring,346,cloud bead-blue,B,,,B,S,,S,,,S,,,,
3,Earring,347,cloud bead-yellow,B,,,B,S,,S,,,S,,,,
5,Hat,348,Laurel Headwear,S,,S,,,S,,S,,S,,,,
4,Necklace,349,winter present,,S,B,,,S,,B,,S,,,,
3,Earring,350,Snow Pompom big（大）,,S,,B,,S,,S,B,,,,,
2,Earring,351,Snow pompom smol（小）,,A,,A,,A,,A,A,,,,,
,,352,,,,,,,,,,,,,,,
,,353,,,,,,,,,,,,,,,
,,354,,,,,,,,,,,,,,,
,,355,,,,,,,,,,,,,,,
,,356,,,,,,,,,,,,,,,
,,357,,,,,,,,,,,,,,,
,,358,,,,,,,,,,,,,,,
3,Hat,359,tea time grey,,S,S,,B,,,B,S,,Britain,,,
3,Hat,360,tea time red,,B,S,,B,,,B,S,,Britain,,,
3,Hat,361,tea time brown,,B,S,,S,,,B,S,,Britain,,,
,,362,,,,,,,,,,,,,,,
,,363,,,,,,,,,,,,,,,
,,364,,,,,,,,,,,,,,,
2,Left Hand,365,japanese fan cherry,B,,C,,,S,,S,,S,Kimono,,,
2,Left Hand,366,japanese fan bright sun,C,,A,,,A,,A,,A,Kimono,,,
2,Left Hand,367,japanese fan lady,A,,A,,,A,,A,,A,Kimono,,,
,,368,,,,,,,,,,,,,,,
,,369,,,,,,,,,,,,,,,
,,370,,,,,,,,,,,,,,,
,,371,,,,,,,,,,,,,,,
,,372,,,,,,,,,,,,,,,
,,373,,,,,,,,,,,,,,,
4,scarf,374,denim scarf gray,,S,B,,B,,,SS,S,,Swordsman,,,
4,scarf,375,denim sarf blue,,S,S,,B,,,S,S,,Swordsman,,,
4,scarf,376,denim scarf black,,B,SS,,S,,,B,S,,Swordsman,,,
,,377,,,,,,,,,,,,,,,
,,378,,,,,,,,,,,,,,,
,,379,,,,,,,,,,,,,,,
,,380,,,,,,,,,,,,,,,
,,381,,,,,,,,,,,,,,,
,,382,,,,,,,,,,,,,,,
4,Hat,383,yellow rose,SS,,B,,B,,,SS,,S,,,,
4,Hat,384,blue rose,S,,S,,S,,,B,,S,,,,
4,Hat,385,red rose,S,,B,,B,,,S,,S,,,,
4,Hat,386,pink rose,S,,S,,,B,,S,,S,,,,
2,Face,387,common glasses-red,,S,,C,,C,,S,,S,OL,,,
2,Face,388,common glasses-black,,S,,B,,B,,B,,S,OL,,,
2,Face,389,common glasses-blue,,S,,B,,B,,S,,A,OL,,,
1,Waist,390,red girdle,,A,C,,C,,S,,,A,,,,
1,Waist,391,brown girdle,,C,S,,C,,S,,,A,,,,
1,Waist,392,coffee girdle,,A,A,,A,,,A,,A,,,,
2,Hat,393,summer scent-pink,,A,,A,,A,,A,,A,,,,
2,Hat,394,summer scent-purple,,B,,C,,S,,S,,S,,,,
2,Hat,395,summer scent-blue,,A,,A,,A,,A,,A,,,,
,,396,,,,,,,,,,,,,,,
,,397,,,,,,,,,,,,,,,
,,398,,,,,,,,,,,,,,,
,,399,,,,,,,,,,,,,,,
,,400,,,,,,,,,,,,,,,
,,401,,,,,,,,,,,,,,,
,,402,,,,,,,,,,,,,,,
4,Earring,403,Star-ring earrings,SS,,A,,A,,A,,,SS,,,,
4,Glove,404,love gloves,S,,S,,S,,S,,,B,,,,
4,Hat,405,lace bunny ears,,B,,SS,B,,SS,,,SS,,,Store,
4,Necklace,406,love lock,B,,,B,S,,S,,,S,,,,
4,Necklace,407,pearl necklace-cherry,,A,,S,,S,,S,,S,,,,
3,Necklace,408,pearl necklace-rose,,S,,A,,A,,S,,A,,,,
3,Hat,409,red headband,,B,S,,S,,,B,S,,,,,
4,scarf,410,festival atmosphere,,A,S,,,A,,A,SS,,,,,
4,Hat,411,little detective,A,,,SS,A,,,A,SS,,,,,
,,412,,,,,,,,,,,,,,,
,,413,,,,,,,,,,,,,,,
,,414,,,,,,,,,,,,,,,
,,415,,,,,,,,,,,,,,,
,,416,,,,,,,,,,,,,,,
,,417,,,,,,,,,,,,,,,
,,418,,,,,,,,,,,,,,,
,,419,,,,,,,,,,,,,,,
,,420,,,,,,,,,,,,,,,
,,421,,,,,,,,,,,,,,,
,,422,,,,,,,,,,,,,,,
,,423,,,,,,,,,,,,,,,
,,424,,,,,,,,,,,,,,,
,,425,,,,,,,,,,,,,,,
,,426,,,,,,,,,,,,,,,
,,427,,,,,,,,,,,,,,,
,,428,,,,,,,,,,,,,,,
,,429,,,,,,,,,,,,,,,
,,430,,,,,,,,,,,,,,,
,,431,,,,,,,,,,,,,,,
,,432,,,,,,,,,,,,,,,
5,Veil,433,elf queen,S,,S,,S,,,A,A,,,,,
5,Earring,434,ice crystal earring,S,,A,,S,,A,,,A,,,,
5,Necklace,435,ice crystal necklace,S,,S,,S,,A,,,A,,,,
5,Glove,436,ice crystal gloves,S,,S,,S,,S,,A,,,,,
5,Earring,437,fun times,,A,,S,,S,,A,,A,,,jp?,
5,Hat,438,amusment park ribbon,,A,,S,,S,,A,,A,,,jp?,
5,Left Hand,439,heart balloon,A,,,S,,S,,A,,A,,,jp?,
5,Necklace,440,matching necklace,S,,A,,,A,S,,,A,,,jp?,
5,Right Arm,441,matching bracelet,S,,A,,,A,S,,,A,,,jp?,
5,Hat,442,favorite bunny hat,A,,,S,,A,,A,,B,Pet,,jp?,
5,Left Hand,443,bunny balloon,B,,,A,,A,,A,,A,Pet,,jp?,
5,Right Hand,444,red schoolbag,,B,,A,,S,,A,,A,Pet,,jp?,
6,Hat,445,black swan's crown,S,,SS,,S,,B,,,S,,,,
6,Earring,446,black swan earrings,A,,SS,,A,,S,,,S,,,,
6,Necklace,447,desire black diamond,S,,S,,S,,S,,,A,,,,
6,Right Arm,448,black diamond,A,,S,,S,,S,,,S,,,,
6,Front Bg.,449,blume of black swan-dream,SS,,S,,S,,S,,,S,,,,
5,Necklace,450,snow diamond,S,,S,,S,,B,,,S,,,,
5,Earring,451,white swan earring,S,,S,,,S,,A,,S,,,,
5,Right Arm,452,snow diamond bracelet,A,,S,,A,,,S,,S,,,,
5,Hat,453,white swan crown?,A,,S,,A,,,S,,S,,,,
5,Front Bg.,454,plume of white swan-dream,S,,S,,,A,,S,,A,,,,
,,455,,,,,,,,,,,,,,,
3,Face,456,talent's view,,A,A,,,A,,A,,B,,,,
,,457,,,,,,,,,,,,,,,
6,Front Bg.,458,plume of white swan-dream,S,,S,,S,,S,,,S,,,,
5,Front Bg.,459,white swan plume,A,,S,,,A,,A,,A,,,,
,,460,,,,,,,,,,,,,,,
,,461,,,,,,,,,,,,,,,
,,462,,,,,,,,,,,,,,,
5,Front Bg.,463,light of firefly,SS,,S,,A,,,A,,SS,Modern China,,,
3,Hat,464,gold button knot-white,,A,S,,,A,,S,,B,Britain,,,
3,Hat,465,gold button knot-blue,,A,S,,,B,,S,,A,Britain,,,
4,Face,466,fashion pioneer boy,A,,A,,S,,SS,,,A,Suncare,,,
4,Face,467,fashion pioneer girl,A,,A,,S,,SS,,,A,Suncare,,,
4,Face,468,fashion pioneer buddy,B,,SS,,S,,A,,,A,Suncare,,,
4,Hat,469,seashore hat brown,,A,,SS,,S,,A,,A,Suncare,,,
4,Hat,470,seashore hat white,,S,S,,,A,,SS,,B,Suncare,,,
4,Hat,471,seashore hat blue,,A,S,,,B,,SS,,A,Suncare,,,
3,Right Arm,472,exquisite bracelet,A,,S,,B,,,S,,A,Modern China,,,
3,Waist,473,Exquisite Butterfly,A,,S,,B,,,A,,S,Modern China,,,
4,Hat,474,detecitve cap,,A,SS,,B,,,S,A,,,,,
4,Right Arm,475,slender metal ring,,A,S,,S,,,S,,A,Ethnic,,,
4,scarf,476,tribe scarf,A,,,A,,SS,,A,S,,Ethnic,,,
5,Earring,477,floral tassel,SS,,SS,,S,,A,,,A,,,,
5,Hat,478,kyoka hairpin,SS,,A,,A,,SS,,,A,,,,
5,Right Arm,479,lotus leaf tassel,SS,,A,,A,,SS,,,S,,,,
5,Glove,480,floral ink,A,,SS,,A,,SS,,S,,,,,
3,Hat,481,curtained hat,,S,,S,B,,,B,,B,Rainyday,Swordsman,,
3,Face,482,face veil,,S,,B,A,,S,,,B,Classical China,Swordsman,,sword girl
3,Left Hand,483,kylin sword,S,,,S,A,,,A,,B,Classical China,Swordsman,,sword girl
2,Hat,484,wide hat,,S,S,,B,,,A,,B,Suncare,,,
3,Hat,485,wide hat-rare,,S,B,,,SS,,A,,B,Suncare,Europe,,
5,Right Hand,486,ink orchid fan,A,,SS,,SS,,A,,,A,Modern China,,,ink orchid-cloud
3,Hat,487,floral headband,,A,B,,,S,,SS,,B,,,,
4,Earring,488,loving earrings,A,,SS,,,S,A,,,A,,,,
3,Hat,489,double butterfly,,B,S,,,S,,A,,B,Pet,,,
2,Earring,490,cherry earring short small,B,,,S,,S,,B,,A,,,,
3,Earring,491,cherry earring long,A,,,S,,S,,A,,B,,,,
3,Brooch,492,tassel handbag brown,,A,S,,S,,,A,A,,Britain,,,
3,Brooch,493,tassel handbag red,,A,S,,S,,,A,B,,Britain,,,
3,Brooch,494,tassel handbag pink,,A,S,,,S,,A,A,,Britain,,,
3,Brooch,495,tassel handbag white,,A,S,,S,,,B,A,,Britain,,,
3,Right Hand,496,chocolate box black,,S,S,,B,,A,,,A,,,,
3,Right Hand,497,chocolate box yellow,,S,S,,B,,A,,,A,,,,
3,Right Hand,498,pearl shell pink,,S,A,,S,,B,,,B,,,,
3,Right Hand,499,pearl shell black,,S,A,,S,,A,,,A,,,,
3,Earring,500,prefect jade,,A,A,,S,,,A,,A,Classical China,,,
4,Hat,501,night moon,S,,A,,SS,,B,,,A,Classical China,,,
5,Right Hand,502,blue porcelain bag,S,,SS,,A,,,SS,,A,Modern China,,,
5,Right Hand,503,cloud dance bag,S,,SS,,S,,,SS,,A,Modern China,,,
4,Hat,504,camoflauge cap,,A,,S,S,,A,,A,,Military,,,
3,Glove,505,camouflage gloves,,B,,SS,S,,A,,B,,Military,,,
5,Right Arm,506,moonstone bracelet,S,,SS,,A,,,S,,A,Classical China,,,
5,Front Bg.,507,lunar fragrance,A,,S,,A,,,SS,,S,Classical China,,"Misty, Jade",Cloud - Moon in Water
5,Hat,508,Moonstone Headdress,,S,SS,,S,,,S,,A,Classical China,,,
,,509,,,,,,,,,,,,,,,
5,Necklace,510,moonstone necklace,,A,S,,,A,,SS,,A,Classical China,,,
5,Background,511,everlasting moonbeam,,A,SS,,S,,,S,,S,Classical China,,,
5,,512,foam star,,,,,,,,,,,,,VIP,
5,,513,foam flower,,,,,,,,,,,,,VIP,
5,,514,silver foam,,,,,,,,,,,,,VIP,
5,,515,mermaid gloves,,,,,,,,,,,,,vip,
5,,516,foam neckless,,,,,,,,,,,,,VIP,
6,Hat,517,graceful spring,S,,SS,,,S,,SS,,S,,,,
6,Earring,518,spring bud,,A,SS,,S,,,SS,,A,,,,
6,Front Bg.,519,butterfly dance,SS,,S,,,S,,SS,,A,,,,
6,Right Arm,520,fallen bud jewel,S,,SS,,,S,,SS,,S,,,,
6,Hat,521,graceful sprig-purple,A,,SS,,,S,SS,,,A,,,,
6,Earring,522,spring bud-purple,,S,SS,,SS,,S,,,S,,,,
6,Right Arm,523,fallen bud jewel-cyan,SS,,SS,,,S,,A,,S,,,,
4,Hat,524,china flower headband,,A,A,,S,,,SS,,A,,,,
4,Necklace,525,china flower necklace,,SS,A,,S,,,A,,A,,,,
4,Right Arm,526,china bracelet,,S,A,,B,,,SS,,S,,,,
,,527,,,,,,,,,,,,,,,
5,Hat,528,mysterious beads-epic,SS,,SS,,A,,A,,,S,,,,
5,Left Hand,529,tarot cards,SS,,SS,,,A,A,,,A,,,,
5,Right Hand,530,warning letter-rare,A,,SS,,,SS,,A,,A,,,,
5,Hat,531,sapphire hat-rare,A,,S,,SS,,A,,A,,Unisex,Europe,,
5,Face,532,thief's mask-rare,S,,S,,A,,SS,,,S,Unisex,Europe,,
5,Glove,533,Phantom Thief's Gloves,,S,SS,,,A,S,,SS,,Europe,,,
5,Hat,534,woolen hat-rare,A,,,A,,SS,,SS,S,,Pet,,,
4,Hat,535,amber flower,S,,SS,,,B,,A,,S,,,,
4,Necklace,536,fitting choker,SS,,S,,S,,A,,,B,,,,
4,Right Hand,537,cloud handkerchief,,S,S,,,A,,A,,A,,,,
4,Hat,538,campus dream,,A,,A,,SS,,S,,A,,,,
4,Right Hand,539,barrel sport bag pink,,A,,S,,SS,,A,,A,,,,
4,Right Hand,540,bareel sport bag red,,SS,,SS,,A,,A,,A,,,,
4,Right Hand,541,bareel sport bag blue,,SS,,A,A,,,S,,A,,,,
4,Hat,542,sport sunhat yellow,,S,,A,,SS,,A,,A,,,,
4,Hat,543,sport sunhat black,,SS,,S,,A,,A,,A,,,,
,,544,,,,,,,,,,,,,,,
,,545,,,,,,,,,,,,,,,
,,546,,,,,,,,,,,,,,,
,,547,,,,,,,,,,,,,,,
5,,548,elf queen antlers,,,,,,,,,,,,,recipe (unavailable),
2,,549,pick rose hat,,,,,,,,,,,,,unavailable,
3,,550,rose hat-rare,,,,,,,,,,,,,evolution,
4,,551,rose hat-epic,,,,,,,,,,,,,evolution,
2,,552,light neckwear,,,,,,,,,,,,,unavailable,
3,,553,light neckwear-rare,,,,,,,,,,,,,evolution,
4,,554,light neckwear-epic,,,,,,,,,,,,,evolution,
2,,555,pink gloves,,,,,,,,,,,,,unavailable,
3,,556,pink gloves-rare,,,,,,,,,,,,,evolution,
4,,557,pink gloves-epic,,,,,,,,,,,,,evolution,
3,Hat,558,purple mantilla,,S,S,,B,,,B,,A,,,,
4,Hat,559,purple mantilla-rare,,A,S,,A,,,S,,S,,,,
5,Hat,560,purple mantilla-epic,S,,SS,,A,,,SS,,A,,,,
5,Left Hand,561,camellia branch,,S,SS,,,A,,SS,,A,,,,
4,Hat,562,camellia,A,,S,,,SS,,B,,A,,,,
5,Hat,563,camellia hairpin-rare,SS,,SS,,,A,,A,,S,,,,
,,564,,,,,,,,,,,,,,,
,,565,,,,,,,,,,,,,,,
,,566,,,,,,,,,,,,,,,
,,567,,,,,,,,,,,,,,,
5,Earring,568,elves' earrings,SS,,A,,A,,SS,,,S,,,,
,,569,,,,,,,,,,,,,,,
5,Hat,570,elves' headwear,S,,A,,SS,,SS,,,A,,,,
,,571,,,,,,,,,,,,,,,
5,Necklace,572,elves' necklace,SS,,SS,,B,,,S,,A,,,,
4,Left Hand,573,light cane,A,,S,,A,,,S,,A,,,,
5,Left Hand,574,light cane-rare,SS,,SS,,A,,,A,,A,,,,
5,Left Hand,575,dark cane-rare,SS,,S,,A,,SS,,,A,,,,
4,Hat,576,fluffy rabbit ear,,A,,A,,SS,,SS,A,,Pet,Fairy,,
4,Right Hand,577,carrot bag,,B,,SS,,SS,,A,,A,Fairy,,,
4,Glove,578,fluffy cuff,A,,,A,,S,,A,S,,,,,
5,Hat,579,fluffy rabbit ear-rare,,A,,A,,SS,,SS,S,,Pet,Fairy,,
5,Right Hand,580,carrot bag-rare,,S,,SS,,S,,A,,S,Fairy,,,
5,Glove,581,fluffy cuff-rare,S,,,A,,SS,,A,SS,,,,,
5,Tail,582,rabbit tail,,A,,SS,,SS,A,,S,,Pet,,,
3,brooch,583,white collar bag,,,,,,,,,,,,,sign in,
,,584,,,,,,,,,,,,,,,
,,585,,,,,,,,,,,,,,,
,,586,,,,,,,,,,,,,,,
,,587,,,,,,,,,,,,,,,
,,588,,,,,,,,,,,,,,,
,,589,,,,,,,,,,,,,,,
,,590,,,,,,,,,,,,,,,
,,591,,,,,,,,,,,,,,,
,,592,,,,,,,,,,,,,,,
3,Brooch,593,white shoulder bag,,A,S,,S,,B,,,A,,,jp?,
3,Hat,594,pearl headband,,B,S,,,S,,A,,B,,,jp?,
3,Right Hand,595,silver lacquer pouch,,S,S,,A,,,B,,B,,,jp?,
,,596,,,,,,,,,,,,,,,
,,597,,,,,,,,,,,,,,,
,,598,,,,,,,,,,,,,,,
,,599,,,,,,,,,,,,,,,
,,600,,,,,,,,,,,,,,,
,,601,,,,,,,,,,,,,,,
4,Earring,602,rebirth earrings,A,,S,,B,,B,,,B,,,Decompose 4-heart clothes,
5,Necklace,603,eternal necklace,S,,S,,B,,B,,,B,,,Decompose 4-heart clothes,
3,Right Arm,604,hope ring,S,,S,,B,,B,,,B,,,Decompose 4-heart clothes,
3,Hat,605,black hat,,S,S,,,A,,A,,B,Gothic,,,
4,Hat,606,black hat-rare,A,,S,,,SS,,A,,A,Gothic,,,
5,Hat,607,black hat-epic,SS,,SS,,,A,,A,,B,Gothic,,,
3,Right Hand,608,black pearl bag,,S,S,,A,,B,,,A,Gothic,,,
4,Right Hand,609,plack pear bag-rare,B,,SS,,SS,,A,,,A,Gothic,,,
5,Right Hand,610,black pearl bag-epic,A,,SS,,SS,,A,,,S,Gothic,,,
3,Hat,611,mysterious beads,,S,,SS,,B,B,,,B,,,,
4,Hat,612,mysterious beads-rare,S,,,S,,A,S,,,A,,,,
,,613,,,,,,,,,,,,,,,
,,614,,,,,,,,,,,,,,,
,,615,,,,,,,,,,,,,,,
4,Hat,616,woolen hat,,A,,A,,SS,,SS,A,,,,,
,,617,,,,,,,,,,,,,,,
,,618,,,,,,,,,,,,,,,
4,Right Hand,619,warning letter,,S,SS,,,A,B,,,A,,,,
4,Hat,620,sapphire hat,,S,S,,A,,A,,,A,,,,
4,Face,621,thief's mask,SS,,SS,,A,,A,,,A,,,,
3,Right Hand,622,little blue mountain,,SS,A,,S,,B,,,B,,,,
,,623,,,,,,,,,,,,,,,
,,624,,,,,,,,,,,,,,,
,,625,,,,,,,,,,,,,,,
,,626,,,,,,,,,,,,,,,
,,627,,,,,,,,,,,,,,,
3,Hat,628,little blue bear,B,,,A,,S,,S,,A,Pet,,,
,,629,,,,,,,,,,,,,,,
,,630,,,,,,,,,,,,,,,
,,631,,,,,,,,,,,,,,,
,,632,,,,,,,,,,,,,,,
,,633,,,,,,,,,,,,,,,
,,634,,,,,,,,,,,,,,,
3,Brooch,635,lime pie,,S,B,,S,,,B,,A,,,,
3,Brooch,636,impression pie,S,,A,,S,,,A,,B,,,,
3,Brooch,637,strawberry pie,,A,S,,S,,,A,,B,,,,
3,Right Hand,638,plaid bag-red,,B,S,,SS,,,A,,A,,,,
3,Right Hand,639,plaid bag-snow,,A,S,,B,,,S,,B,,,,
3,Right Hand,640,blaid bag-nigh,,B,S,,S,,,B,,A,,,,
3,Face,641,relaxing bubblegum,,A,,S,,S,,B,,B,,,,
2,Right Arm,642,candy bracelet,,S,,A,,A,,A,,B,,,,
2,Hat,643,candy hairpin,,B,,B,,S,,S,,A,,,,
3,Right Hand,644,candy,B,,,S,,SS,,A,,B,,,,
3,Hat,645,candy hairpin-rare,,A,,B,,S,,S,,A,,,,
3,Right Arm,646,candy bracelete rare,,B,,A,,S,,S,,A,,,,
4,Right Hand,647,lollipop,,A,,A,,S,,SS,,A,,,,
4,,648,candy hairpin-epic,,,,,,,,,,,,,,
4,Glove,649,candy bracelet-epic,A,,,A,,SS,,S,,A,,,,
2,Hat,650,nun's headwear,,S,B,,B,,,S,,B,,,,
3,Hat,651,nun's headwear-rare,,S,B,,B,,,S,A,,,,,
4,Right Hand,652,cross,,A,SS,,A,,,SS,,B,,,,
4,Veil,653,nun's headwear-epic,,A,S,,B,,,SS,A,,,,,
4,Necklace,654,cross necklace,S,,S,,A,,,A,,S,,,,
4,Hat,655,time hairpin,,S,,S,,SS,,A,,A,Futuristic,,,
4,Necklace,656,time choker,,S,,A,,S,,A,A,,Futuristic,,,
4,Glove,657,time gloves,,S,,A,,SS,,A,S,,Futuristic,,,
4,Hat,658,time hairpin-rosy,,A,,A,,SS,,S,,A,Futuristic,,,
4,Necklace,659,time choker-rosy,,A,,A,,SS,,SS,A,,Futuristic,,,
4,Glove,660,time gloves-rosy,,B,,A,,S,,SS,S,,Futuristic,,,
4,Hat,661,maple leaf headband,,A,SS,,,A,,S,,A,,,,
4,Right Hand,662,snowy maple leaf,S,,S,,S,,,A,,B,,,,
4,Right Hand,663,koi bag,A,,SS,,,B,,S,,A,,,,
3,Waist,664,assassin belt,,S,,S,B,,B,,,A,Swordsman,,,
3,Right Hand,665,sharp blade,,SS,,S,A,,B,,,B,Swordsman,,recipe,
3,Glove,666,assassin glove,,S,S,,A,,B,,A,,Swordsman,,,
4,Waist,667,assassin belt-rare,SS,,,S,A,,A,,,A,Swordsman,,,
4,Right Hand,668,sharp blade-rare,,SS,,S,A,,A,,,A,Swordsman,,,
4,Glove,669,assassin glove-epic,S,,S,,A,,A,,A,,Swordsman,,,
4,Waist,670,assassin belt-red,SS,,,A,SS,,A,,,A,Swordsman,,,
4,Right Hand,671,sharp blade-blood,,SS,,S,A,,A,,,A,Swordsman,,,
4,Glove,672,assassin glove-red,SS,,B,,S,,B,,S,,Swordsman,,,
5,Background,673,midnight corridor,SS,,SS,,A,,A,,,A,,,jp?,
5,Hat,674,chains of hades,,SS,S,,SS,,A,,,A,,,jp?,
5,Necklace,675,summoning necklace,SS,,S,,A,,SS,,A,,,,jp?,
5,Left Hand,676,Death's sickle,SS,,S,,A,,SS,,S,,,,jp?,
5,Necklace,677,sacred heart necklace,SS,,SS,,A,,A,,A,,,,jp?,
5,Hat,678,sacred heart tiara,SS,,A,,SS,,S,,,S,,,jp?,
5,Back,679,angel's wings,SS,,SS,,A,,A,,,S,,,jp?,
5,Glove,680,sacred heart gloves,SS,,SS,,A,,A,,A,,,,jp?,
4,Necklace,681,rose ring-brown,A,,S,,,SS,,A,B,,,,jp?,
4,Necklace,682,rose ring-blue,A,,SS,,,SS,,A,A,,,,jp?,
4,Necklace,683,rose ring-green,A,,SS,,,S,,A,A,,,,jp?,
4,Hat,684,flower garden headband-brown,A,,S,,,SS,,A,A,,,,jp?,
4,Hat,685,flower garden headband-blue,A,,S,,,SS,,A,B,,,,jp?,
4,Hat,686,flower garden headband-green,A,,SS,,,SS,,A,A,,,,jp?,
4,Glove,687,prayer glove,,A,S,,SS,,A,,A,,,,jp?,
3,Right Hand,688,elegance purse,,A,S,,S,,B,,,A,,,jp?,
3,Earring,689,blazing sun,S,,S,,A,,A,,,B,,,jp?,
3,Earring,690,calm seas,S,,S,,A,,A,,,B,,,jp?,
3,Right Arm,691,golden time,,A,S,,SS,,B,,B,,,,jp?,
3,Necklace,692,gold scarf,,A,S,,A,,,S,A,,,,jp?,
3,Hat,693,madam's garden,,B,S,,S,,A,,A,,,,jp?,
,,694,,,,,,,,,,,,,,,
,,695,,,,,,,,,,,,,,,
,,696,,,,,,,,,,,,,,,
5,Hat,697,rose dream,S,,,A,,SS,,SS,A,,,,jp,
5,Hat,698,rose dream (red),S,,,S,,SS,,SS,A,,,,jp,
5,Hat,699,rose dream-princess,A,,,A,,SS,,SS,S,,,,jp,
5,Necklace,700,frill choker,S,,,A,,SS,,SS,A,,,,jp,
5,Necklace,701,frill choker-blue,S,,,A,,SS,,SS,A,,,,jp,
5,Necklace,702,frill choker-princess,S,,,S,,S,,SS,A,,,,jp,
5,Right Arm,703,decorative ribbon,A,,,S,,SS,,SS,A,,,,jp,
5,Right Arm,704,decorative ribbon-blue,A,,,S,,SS,,SS,A,,,,jp,
5,Right Arm,705,decorative ribbon-princess,A,,,A,,SS,,SS,S,,,,jp,
3,Hat,706,wreath headband,S,,SS,,,B,,A,B,,,,,
4,Hat,707,wreath headband-rare,SS,,B,,,SS,,B,S,,,,,
3,Right Arm,708,catkins basket,,S,,A,,SS,,B,A,,,,,
4,Right Arm,709,catkins basket-rare,A,,SS,,,SS,,A,A,,,,,
3,Necklace,710,sprig necklace,,S,,B,,A,,S,,B,,,event,
4,Necklace,711,sprig necklace-rare,A,,S,,,A,,SS,,S,,,evolution,deer elf-apple
3,Right Hand,712,velvet bag,,S,,B,,S,,A,A,,,,,
4,Right Hand,713,velvet bag-rare,SS,,,A,,S,,A,A,,,,,
5,Earring,714,bat charm,A,,SS,,SS,,A,,A,,,,,
5,Necklace,715,nightly necklace,,A,SS,,SS,,A,,A,,,,,
5,Hat,716,nightly crown,SS,,S,,S,,A,,A,,,,,
3,Right Hand,717,chain bag,,S,B,,S,,,B,,A,,,jp,
3,Earring,718,pink diamond earring,,A,,B,,S,,S,,A,,,jp,
3,Necklace,719,crystal necklace,,S,B,,S,,,B,A,,,,jp,
,,720,,,,,,,,,,,,,,,
,,721,,,,,,,,,,,,,,,
,,722,,,,,,,,,,,,,,,
,,723,,,,,,,,,,,,,,,
,,724,,,,,,,,,,,,,,,
,,725,,,,,,,,,,,,,,,
,,726,,,,,,,,,,,,,,,
,,727,,,,,,,,,,,,,,,
,,728,,,,,,,,,,,,,,,
,,729,,,,,,,,,,,,,,,
,,730,,,,,,,,,,,,,,,
,,731,,,,,,,,,,,,,,,
,,732,,,,,,,,,,,,,,,
,,733,,,,,,,,,,,,,,,
,,734,,,,,,,,,,,,,,,
,,735,,,,,,,,,,,,,,,
,,736,,,,,,,,,,,,,,,
,,737,,,,,,,,,,,,,,,
,,738,,,,,,,,,,,,,,,
,,739,,,,,,,,,,,,,,,
,,740,,,,,,,,,,,,,,,
,,741,,,,,,,,,,,,,,,
,,742,,,,,,,,,,,,,,,
,,743,,,,,,,,,,,,,,,
,,744,,,,,,,,,,,,,,,
,,745,,,,,,,,,,,,,,,
,,746,,,,,,,,,,,,,,,
,,747,,,,,,,,,,,,,,,
,,748,,,,,,,,,,,,,,,
,,749,,,,,,,,,,,,,,,
,,750,,,,,,,,,,,,,,,
,,751,,,,,,,,,,,,,,,
5,Front Bg.,752,scattering petals,SS,,SS,,S,,A,,A,,,,jp,
,,753,,,,,,,,,,,,,,,
,,754,,,,,,,,,,,,,,,
,,755,,,,,,,,,,,,,,,
,,756,,,,,,,,,,,,,,,
,,757,,,,,,,,,,,,,,,
,,758,,,,,,,,,,,,,,,
,,759,,,,,,,,,,,,,,,
5,Earring,760,peace of mind earring,A,,SS,,SS,,S,,A,,,,jp,
5,Right Hand,761,embroidered edge,A,,SS,,SS,,,S,S,,,,jp,
5,Hat,762,lull,SS,,SS,,,A,,A,A,,,,jp,
,,763,,,,,,,,,,,,,,,
5,Necklace,764,red stationery,SS,,SS,,A,,A,,S,,,,jp,
4,Hat,765,purple dream,S,,S,,A,,A,,A,,,,jp,
4,Necklace,766,full bloom wisteria,A,,SS,,,B,,S,,A,,,jp,
4,Right Arm,767,wisteria chain,A,,SS,,,B,,SS,,A,,,jp,
5,Right Hand,768,present for you,A,,,SS,,SS,,A,S,,,,jp,
5,Hat,769,first love,S,,SS,,,A,,A,S,,,,jp,
5,Glove,770,girl in love's determination,A,,,SS,,SS,,S,A,,,,jp,
3,Right Arm,771,rose ribbon bracelet,B,,S,,,S,,A,A,,,,,
5,Left Hand,772,intagible poker,SS,,,SS,,A,,B,,B,,,,
5,Right Hand,773,black cane,,S,SS,,A,,A,,,B,,,,
5,Necklace,774,magic bowtie,A,,,SS,,S,A,,,B,,,fantasy,
5,Glove,775,magic gloves,,SS,S,,A,,A,,A,,,,fantasy,
5,Hat,776,dimensional hat,S,,S,,SS,,B,,A,,,,fantasy,
5,Hat,777,snow lotus,S,,SS,,,A,,A,,B,,,fantasy,snow lotus
5,Necklace,778,crystal clear pistil,A,,S,,SS,,A,,,A,,,fantasy,snow lotus
5,Glove,779,lotus shadow gloves,,S,S,,S,,S,,A,,,,,
,,780,,,,,,,,,,,,,,,
,,781,,,,,,,,,,,,,,,
,,782,,,,,,,,,,,,,,,
,,783,,,,,,,,,,,,,,,
4,Right Arm,784,bow bracelet red,,A,,S,,SS,,B,,A,,,,
4,Left Hand,785,nikki life buyou yellow,A,,,S,,S,,A,,A,,,,
4,Hat,786,fire bow,A,,,A,,SS,,SS,,B,,,,
4,Necklace,787,nikki choker black,,SS,SS,,A,,A,,,A,,,,
4,Hat,788,night-coloured ribbon,A,,,SS,,S,,A,,B,,,jp?,
4,Necklace,789,nikki choker pink,A,,,S,,S,,SS,,B,,,,
4,Right Arm,790,bow bracelet pink,A,,,S,,SS,,A,,A,,,,
4,Left Hand,791,nikki lifebuoy blue,A,,,S,,SS,,A,,A,,,,
4,Hat,792,dynaimc bow,,S,,A,,S,,S,,A,,,,
,,793,,,,,,,,,,,,,,,
,,794,,,,,,,,,,,,,,,
,,795,,,,,,,,,,,,,,,
,,796,,,,,,,,,,,,,,,
,,797,,,,,,,,,,,,,,,
,,798,,,,,,,,,,,,,,,
,,799,,,,,,,,,,,,,,,
,,800,,,,,,,,,,,,,,,
,,801,,,,,,,,,,,,,,,
,,802,,,,,,,,,,,,,,,
4,Necklace,803,nikki choker red,,SS,,A,,A,S,,,A,,,,
,,804,,,,,,,,,,,,,,,
,,805,,,,,,,,,,,,,,,
,,806,,,,,,,,,,,,,,,
,,807,,,,,,,,,,,,,,,
,,808,,,,,,,,,,,,,,,
,,809,,,,,,,,,,,,,,,
4,Brooch,810,Daybreak bag,A,,,S,,SS,,A,A,,,,,
4,Hat,811,bowler hat,A,,S,,,S,,A,A,,,,jp,
4,Necklace,812,flower and butterfly,,S,SS,,A,,A,,,A,,,jp,
,,813,,,,,,,,,,,,,,,
,,814,,,,,,,,,,,,,,,
,,815,,,,,,,,,,,,,,,
,,816,,,,,,,,,,,,,,,
,,817,,,,,,,,,,,,,,,
,,818,,,,,,,,,,,,,,,
,,819,,,,,,,,,,,,,,,
,,820,,,,,,,,,,,,,,,
,,821,,,,,,,,,,,,,,,
,,822,,,,,,,,,,,,,,,
,,823,,,,,,,,,,,,,,,
,,824,,,,,,,,,,,,,,,
,,825,,,,,,,,,,,,,,,
,,826,,,,,,,,,,,,,,,
,,827,,,,,,,,,,,,,,,
,,828,,,,,,,,,,,,,,,
,,829,,,,,,,,,,,,,,,
,,830,,,,,,,,,,,,,,,
,,831,,,,,,,,,,,,,,,
,,832,,,,,,,,,,,,,,,
,,833,,,,,,,,,,,,,,,
,,834,,,,,,,,,,,,,,,
,,835,,,,,,,,,,,,,,,
,,836,,,,,,,,,,,,,,,
,,837,,,,,,,,,,,,,,,
,,838,,,,,,,,,,,,,,,
,,839,,,,,,,,,,,,,,,
,,840,,,,,,,,,,,,,,,
,,841,,,,,,,,,,,,,,,
,,842,,,,,,,,,,,,,,,
,,843,,,,,,,,,,,,,,,
,,844,,,,,,,,,,,,,,,
,,845,,,,,,,,,,,,,,,
,,846,,,,,,,,,,,,,,,
,,847,,,,,,,,,,,,,,,
,,848,,,,,,,,,,,,,,,
,,849,,,,,,,,,,,,,,,
,,850,,,,,,,,,,,,,,,
,,851,,,,,,,,,,,,,,,
,,852,,,,,,,,,,,,,,,
,,853,,,,,,,,,,,,,,,
,,854,,,,,,,,,,,,,,,
,,855,,,,,,,,,,,,,,,
,,856,,,,,,,,,,,,,,,
,,857,,,,,,,,,,,,,,,
,,858,,,,,,,,,,,,,,,
,,859,,,,,,,,,,,,,,,
,,860,,,,,,,,,,,,,,,
,,861,,,,,,,,,,,,,,,
,,862,,,,,,,,,,,,,,,
,,863,,,,,,,,,,,,,,,
,,864,,,,,,,,,,,,,,,
,,865,,,,,,,,,,,,,,,
,,866,,,,,,,,,,,,,,,
,,867,,,,,,,,,,,,,,,
,,868,,,,,,,,,,,,,,,
,,869,,,,,,,,,,,,,,,
,,870,,,,,,,,,,,,,,,
,,871,,,,,,,,,,,,,,,
,,872,,,,,,,,,,,,,,,
4,Hat,873,goddess wreath,A,,A,,,SS,,S,,A,,,,
4,Necklace,874,rosequartz necklace,S,,SS,,,A,,A,,A,,,,
4,Waist,875,dream yarn,SS,,S,,,A,,S,,A,,,,
3,Hat,876,young style,,B,A,,,S,,S,,A,,,,
4,Right Hand,877,lilith bouquet,A,,S,,,A,,SS,,A,,,,
2,Hat,878,starwish hairpin,S,,S,,B,,B,,B,,,,,
3,Necklace,879,starwish pendant,SS,,S,,A,,B,,A,,,,,
4,Earring,880,starwish earrings,S,,S,,A,,S,,A,,,,,
,,881,,,,,,,,,,,,,,,
3,Hat,882,affectionate pen,A,,,A,,S,,S,B,,,,,
4,Necklace,883,thinking of you,A,,,A,,SS,,S,A,,Modern China,,,
4,Hat,884,hibiscus pistil,S,,SS,,A,,,A,,B,,,,
3,Necklace,885,hibiscus dew,B,,SS,,A,,,S,,B,,,,
4,Brooch,886,hibiscus fairy,A,,SS,,A,,,S,,A,,,,
4,Waist,887,royal family's duty,,S,SS,,A,,,A,A,,Swordsman,,jp,
4,Glove,888,celestial silk,,S,SS,,A,,,A,A,,,,jp,
5,Front Bg.,889,sun and moon's glow,SS,,SS,,A,,A,,A,,,,jp,
5,Right Hand,890,frozen crest,SS,,S,,A,,A,,S,,Swordsman,,jp,
5,Waist,891,fighting princess,S,,S,,S,,S,,S,,Swordsman,,jp,
5,Glove,892,ice and snow swagger stick,S,,SS,,,A,,S,S,,,,jp,
5,Hat,893,ice and snow diadem,SS,,SS,,S,,,A,A,,,,jp,
,,894,,,,,,,,,,,,,,,
,,895,,,,,,,,,,,,,,,
,,896,,,,,,,,,,,,,,,
,,897,,,,,,,,,,,,,,,
,,898,,,,,,,,,,,,,,,
,,899,,,,,,,,,,,,,,,
,,900,,,,,,,,,,,,,,,
,,901,,,,,,,,,,,,,,,
,,902,,,,,,,,,,,,,,,
,,903,,,,,,,,,,,,,,,
,,904,,,,,,,,,,,,,,,
,,905,,,,,,,,,,,,,,,
,,906,,,,,,,,,,,,,,,
,,907,,,,,,,,,,,,,,,
,,908,,,,,,,,,,,,,,,
,,909,,,,,,,,,,,,,,,
4,Right Hand,910,pom pom right,A,,,SS,,S,B,,,A,,,jp,
4,Left Hand,911,pom pom left,A,,,S,,SS,B,,,S,,,jp,
3,Glove,912,star glove,B,,,S,,SS,B,,,A,,,jp,
3,Necklace,913,star necktie,A,,,S,,S,A,,,B,,,jp,
,,914,,,,,,,,,,,,,,,
,,915,,,,,,,,,,,,,,,
,,916,,,,,,,,,,,,,,,
,,917,,,,,,,,,,,,,,,
,,918,,,,,,,,,,,,,,,
,,919,,,,,,,,,,,,,,,
,,920,,,,,,,,,,,,,,,
,,921,,,,,,,,,,,,,,,
,,922,,,,,,,,,,,,,,,
5,Hat,923,peony flower,SS,,SS,,A,,A,,A,,,,jp,
5,Ears,924,lunar fox ears,A,,SS,,A,,SS,,A,,,,jp,
5,Tail,925,lunar fox tail,SS,,A,,S,,SS,,A,,,,jp,
5,Front Bg.,926,fairyland fog,SS,,SS,,A,,,A,S,,,,jp,
5,Hat,927,dragon hairpin,S,,A,,SS,,SS,,A,,,,jp,
5,Left Hand,928,dragon koto,SS,,S,,A,,S,,A,,,,jp,
5,Background,929,fairyland crysanthemum,SS,,A,,A,,SS,,A,,,,jp,
,,930,,,,,,,,,,,,,,,
,,931,,,,,,,,,,,,,,,
,,932,,,,,,,,,,,,,,,
,,933,,,,,,,,,,,,,,,
,,934,,,,,,,,,,,,,,,
,,935,,,,,,,,,,,,,,,
,,936,,,,,,,,,,,,,,,
,,937,,,,,,,,,,,,,,,
,,938,,,,,,,,,,,,,,,
,,939,,,,,,,,,,,,,,,
,,940,,,,,,,,,,,,,,,
,,941,,,,,,,,,,,,,,,
,,942,,,,,,,,,,,,,,,
,,943,,,,,,,,,,,,,,,
,,944,,,,,,,,,,,,,,,
,,945,,,,,,,,,,,,,,,
,,946,,,,,,,,,,,,,,,
,,947,,,,,,,,,,,,,,,
,,948,,,,,,,,,,,,,,,
,,949,,,,,,,,,,,,,,,
,,950,,,,,,,,,,,,,,,
,,951,,,,,,,,,,,,,,,
5,Hat,952,100 petal,SS,,SS,,,A,,A,,A,,,jp,
5,Right Arm,953,flower vine pearl bangle,A,,SS,,SS,,A,,,A,,,jp,
5,Necklace,954,flower vine pearl necklace,S,,SS,,SS,,A,,,A,,,jp,
3,Necklace,955,blue butterfly,,SS,B,,,A,,S,,B,,,jp,
3,Right Hand,956,blue flower bag,B,,S,,S,,,B,,A,,,jp,
3,Right Arm,957,blue bracelet,B,,SS,,A,,,S,,B,,,jp,
5,background,958,memorial day,a,,,s,,s,,a,,a,,,Connect to Facebook,Festival - Pink Wishes
5,left hand,959,gentle dance,a,,,s,,s,,a,,a,,,Connect to Facebook,Festival - Pink Wishes
5,glove,960,magic destiny,a,,,a,,ss,,ss,,b,,,Connect to Facebook,Festival - Pink Wishes
5,hat,961,one and only,a,,,s,,ss,,a,,a,,,Connect to Facebook,Festival - Pink Wishes
5,right hand,962,gift box,a,,,ss,,ss,,a,,a,,,Connect to Facebook,Festival - Pink Wishes
5,necklace,963,silk ribbon,a,,,s,,ss,,a,,a,,,Connect to Facebook,Festival - Pink Wishes
,,964,,,,,,,,,,,,,,,
,,965,,,,,,,,,,,,,,,
,,966,,,,,,,,,,,,,,,
3,Hat,967,celestial twinkling,B,,S,,S,,,A,,A,,,jp?,
,,968,,,,,,,,,,,,,,,
,,969,,,,,,,,,,,,,,,
,,970,,,,,,,,,,,,,,,
,,971,,,,,,,,,,,,,,,
,,972,,,,,,,,,,,,,,,
,,973,,,,,,,,,,,,,,,
,,974,,,,,,,,,,,,,,,
,,975,,,,,,,,,,,,,,,
,,976,,,,,,,,,,,,,,,
,,977,,,,,,,,,,,,,,,
,,978,,,,,,,,,,,,,,,
4,Right Hand,979,lady's bag,S,,SS,,A,,A,,A,,Modern China,,jp,
4,Glove,980,warm glove,S,,S,,A,,A,,S,,,,jp,
4,Right Hand,981,paper bird,A,,,S,,SS,,S,,B,Modern China,,jp,
4,Necklace,982,nightengale necklace,,SS,,S,,B,,A,,A,,,jp,
4,Hat,983,new year's joy,A,,,S,,SS,,A,,A,Modern China,,jp,
,,984,,,,,,,,,,,,,,,
,,985,,,,,,,,,,,,,,,
,,986,,,,,,,,,,,,,,,
,,987,,,,,,,,,,,,,,,
4,Hat,988,female swordsman cap,A,,A,,S,,SS,,A,,,,jp,
4,Necklace,989,eri's necklace,A,,A,,SS,,SS,,A,,,,jp,
4,Left Hand,990,eri's sword,S,,A,,SS,,S,,A,,Swordsman,,jp,
4,Necklace,991,laws of love choker,A,,,A,,S,,SS,,A,,,jp,
4,Right Arm,992,laws of love bracelet,,S,S,,,A,,A,,A,,,jp,
4,Right Hand,993,laws of love bag,A,,,A,,S,,S,,A,,,jp,
4,Hat,994,laws of love hair ornament,A,,,A,,SS,,S,,A,,,jp,
,,995,,,,,,,,,,,,,,,
,,996,,,,,,,,,,,,,,,
,,997,,,,,,,,,,,,,,,
,,998,,,,,,,,,,,,,,,
,,999,,,,,,,,,,,,,,,
,,1000,,,,,,,,,,,,,,,
,,1001,,,,,,,,,,,,,,,
,,1002,,,,,,,,,,,,,,,
,,1003,,,,,,,,,,,,,,,
,,1004,,,,,,,,,,,,,,,
,,1005,,,,,,,,,,,,,,,
,,1006,,,,,,,,,,,,,,,
5,Hat,1007,leaf ribbon,SS,,SS,,S,,,S,,A,,,,
5,Necklace,1008,leaf necklace,A,,SS,,A,,,SS,,A,,,,
5,Glove,1009,leaf bracelet,A,,SS,,A,,,SS,,A,,,,
,,1010,,,,,,,,,,,,,,,
,,1011,,,,,,,,,,,,,,,
,,1012,,,,,,,,,,,,,,,
,,1013,,,,,,,,,,,,,,,
,,1014,,,,,,,,,,,,,,,
,,1015,,,,,,,,,,,,,,,
,,1016,,,,,,,,,,,,,,,
,,1017,,,,,,,,,,,,,,,
,,1018,,,,,,,,,,,,,,,
,,1019,,,,,,,,,,,,,,,
,,1020,,,,,,,,,,,,,,,
,,1021,,,,,,,,,,,,,,,
,,1022,,,,,,,,,,,,,,,
,,1023,,,,,,,,,,,,,,,
,,1024,,,,,,,,,,,,,,,
,,1025,,,,,,,,,,,,,,,
,,1026,,,,,,,,,,,,,,,
,,1027,,,,,,,,,,,,,,,
,,1028,,,,,,,,,,,,,,,
,,1029,,,,,,,,,,,,,,,
,,1030,,,,,,,,,,,,,,,
,,1031,,,,,,,,,,,,,,,
5,Left Hand,1032,casablanca,S,,B,,A,,,S,,A,,,jp,
5,Hat,1033,noble beauty,S,,A,,A,,,S,,A,,,jp,
5,Necklace,1034,splendid beauty,A,,S,,A,,,S,,A,,,jp,
,,1035,,,,,,,,,,,,,,,
,,1036,,,,,,,,,,,,,,,
,,1037,,,,,,,,,,,,,,,
,,1038,,,,,,,,,,,,,,,
,,1039,,,,,,,,,,,,,,,
,,1040,,,,,,,,,,,,,,,
,,1041,,,,,,,,,,,,,,,
,,1042,,,,,,,,,,,,,,,
,,1043,,,,,,,,,,,,,,,
,,1044,,,,,,,,,,,,,,,
,,1045,,,,,,,,,,,,,,,
,,1046,,,,,,,,,,,,,,,
,,1047,,,,,,,,,,,,,,,
,,1048,,,,,,,,,,,,,,,
,,1049,,,,,,,,,,,,,,,
,,1050,,,,,,,,,,,,,,,
,,1051,,,,,,,,,,,,,,,
,,1052,,,,,,,,,,,,,,,
,,1053,,,,,,,,,,,,,,,
,,1054,,,,,,,,,,,,,,,
,,1055,,,,,,,,,,,,,,,
,,1056,,,,,,,,,,,,,,,
,,1057,,,,,,,,,,,,,,,
,,1058,,,,,,,,,,,,,,,
,,1059,,,,,,,,,,,,,,,
,,1060,,,,,,,,,,,,,,,
,,1061,,,,,,,,,,,,,,,
,,1062,,,,,,,,,,,,,,,
,,1063,,,,,,,,,,,,,,,
,,1064,,,,,,,,,,,,,,,
,,1065,,,,,,,,,,,,,,,
,,1066,,,,,,,,,,,,,,,
,,1067,,,,,,,,,,,,,,,
,,1068,,,,,,,,,,,,,,,
,,1069,,,,,,,,,,,,,,,
,,1070,,,,,,,,,,,,,,,
,,1071,,,,,,,,,,,,,,,
,,1072,,,,,,,,,,,,,,,
,,1073,,,,,,,,,,,,,,,
,,1074,,,,,,,,,,,,,,,
,,1075,,,,,,,,,,,,,,,
,,1076,,,,,,,,,,,,,,,
,,1077,,,,,,,,,,,,,,,
,,1078,,,,,,,,,,,,,,,
4,Hat,1079,rose ring,A,,S,,S,,,S,,A,,,jp,
4,Right Arm,1080,rose armband,,S,SS,,A,,,A,,B,,,jp,
4,Necklace,1081,rose neckalce,,SS,SS,,A,,,B,,A,,,jp,
4,Left Hand,1082,this world is one,B,,S,,,A,,SS,,A,,,jp,
,,1083,,,,,,,,,,,,,,,
,,1084,,,,,,,,,,,,,,,
,,1085,,,,,,,,,,,,,,,
,,1086,,,,,,,,,,,,,,,
,,1087,,,,,,,,,,,,,,,
,,1088,,,,,,,,,,,,,,,
,,1089,,,,,,,,,,,,,,,
,,1090,,,,,,,,,,,,,,,
,,1091,,,,,,,,,,,,,,,
,,1092,,,,,,,,,,,,,,,
,,1093,,,,,,,,,,,,,,,
,,1094,,,,,,,,,,,,,,,
,,1095,,,,,,,,,,,,,,,
,,1096,,,,,,,,,,,,,,,
,,1097,,,,,,,,,,,,,,,
,,1098,,,,,,,,,,,,,,,
,,1099,,,,,,,,,,,,,,,
,,1100,,,,,,,,,,,,,,,
,,1101,,,,,,,,,,,,,,,
3,Hat,1102,love letter,A,,,S,,S,,A,,A,,,jp,
3,Brooch,1103,severed feelings,B,,,S,,S,,A,,A,,,jp,
3,Earring,1104,love confession,A,,,A,,S,,S,,B,,,jp,
,,1105,,,,,,,,,,,,,,,
3,Necklace,1106,heart's thread,B,,,S,,S,,A,,A,,,jp,
,,1107,,,,,,,,,,,,,,,
,,1108,,,,,,,,,,,,,,,
,,1109,,,,,,,,,,,,,,,
,,1110,,,,,,,,,,,,,,,
,,1111,,,,,,,,,,,,,,,
,,1112,,,,,,,,,,,,,,,
,,1113,,,,,,,,,,,,,,,
,,1114,,,,,,,,,,,,,,,
,,1115,,,,,,,,,,,,,,,
,,1116,,,,,,,,,,,,,,,
,,1117,,,,,,,,,,,,,,,
,,1118,,,,,,,,,,,,,,,
,,1119,,,,,,,,,,,,,,,
,,1120,,,,,,,,,,,,,,,
,,1121,,,,,,,,,,,,,,,
,,1122,,,,,,,,,,,,,,,
,,1123,,,,,,,,,,,,,,,
,,1124,,,,,,,,,,,,,,,
,,1125,,,,,,,,,,,,,,,
,,1126,,,,,,,,,,,,,,,
,,1127,,,,,,,,,,,,,,,
,,1128,,,,,,,,,,,,,,,
,,1129,,,,,,,,,,,,,,,
,,1130,,,,,,,,,,,,,,,
,,1131,,,,,,,,,,,,,,,
,,1132,,,,,,,,,,,,,,,
,,1133,,,,,,,,,,,,,,,
,,1134,,,,,,,,,,,,,,,
,,1135,,,,,,,,,,,,,,,
,,1136,,,,,,,,,,,,,,,
,,1137,,,,,,,,,,,,,,,
,,1138,,,,,,,,,,,,,,,
,,1139,,,,,,,,,,,,,,,
4,Hat,1140,eri's field cap -drk purple,A,,SS,,S,,A,,,A,,,jp,
4,Necklace,1141,eri's necklace dark purple,,SS,S,,A,,A,,,A,,,jp,
4,Left Hand,1142,eri's sword dark purple,A,,A,,SS,,S,,,A,Swordsman,,jp,
4,Necklace,1143,lovely writings necklace,A,,,SS,,S,,A,,A,,,jp,
,,1144,,,,,,,,,,,,,,,
4,Right Hand,1145,lovely writings bag,A,,,S,,S,,A,,A,,,jp,
4,Hat,1146,lovely writings hair accessory,B,,,SS,,S,,A,,S,,,jp,
,,1147,,,,,,,,,,,,,,,
,,1148,,,,,,,,,,,,,,,
,,1149,,,,,,,,,,,,,,,
,,1150,,,,,,,,,,,,,,,
,,1151,,,,,,,,,,,,,,,
,,1152,,,,,,,,,,,,,,,
,,1153,,,,,,,,,,,,,,,
,,1154,,,,,,,,,,,,,,,
,,1155,,,,,,,,,,,,,,,
,,1156,,,,,,,,,,,,,,,
,,1157,,,,,,,,,,,,,,,
,,1158,,,,,,,,,,,,,,,
,,1159,,,,,,,,,,,,,,,
,,1160,,,,,,,,,,,,,,,
,,1161,,,,,,,,,,,,,,,
,,1162,,,,,,,,,,,,,,,
,,1163,,,,,,,,,,,,,,,
,,1164,,,,,,,,,,,,,,,
,,1165,,,,,,,,,,,,,,,
,,1166,,,,,,,,,,,,,,,
,,1167,,,,,,,,,,,,,,,
,,1168,,,,,,,,,,,,,,,
,,1169,,,,,,,,,,,,,,,
,,1170,,,,,,,,,,,,,,,
,,1171,,,,,,,,,,,,,,,
,,1172,,,,,,,,,,,,,,,
,,1173,,,,,,,,,,,,,,,
,,1174,,,,,,,,,,,,,,,
,,1175,,,,,,,,,,,,,,,
,,1176,,,,,,,,,,,,,,,
,,1177,,,,,,,,,,,,,,,
5,Veil,1178,vine veil,SS,,SS,,A,,A,,,A,,,jp,
5,Glove,1179,madarin duck vow,A,,SS,,SS,,A,,,A,,,jp,
5,Necklace,1180,flower vow,A,,S,,SS,,SS,,,A,,,jp,
5,Front Bg.,1181,white wisteria,SS,,SS,,A,,A,,,A,,,jp,
,,1182,,,,,,,,,,,,,,,
,,1183,,,,,,,,,,,,,,,
,,1184,,,,,,,,,,,,,,,
,,1185,,,,,,,,,,,,,,,
,,1186,,,,,,,,,,,,,,,
,,1187,,,,,,,,,,,,,,,
,,1188,,,,,,,,,,,,,,,
,,1189,,,,,,,,,,,,,,,
,,1190,,,,,,,,,,,,,,,
,,1191,,,,,,,,,,,,,,,
,,1192,,,,,,,,,,,,,,,
,,1193,,,,,,,,,,,,,,,
,,1194,,,,,,,,,,,,,,,
,,1195,,,,,,,,,,,,,,,
,,1196,,,,,,,,,,,,,,,
,,1197,,,,,,,,,,,,,,,
,,1198,,,,,,,,,,,,,,,
,,1199,,,,,,,,,,,,,,,
,,1200,,,,,,,,,,,,,,,
,,1201,,,,,,,,,,,,,,,
,,1202,,,,,,,,,,,,,,,
,,1203,,,,,,,,,,,,,,,
,,1204,,,,,,,,,,,,,,,
5,hat?,1205,plume of star,,,?,,?,,,,,,,,unavailable,
,,1206,,,,,,,,,,,,,,,
,,1207,,,,,,,,,,,,,,,
,,1208,,,,,,,,,,,,,,,
,,1209,,,,,,,,,,,,,,,
5,Background,1210,amusment land,,S,,SS,,SS,,A,,S,Pet,,jp,
5,Right Hand,1211,strange hula hoop,,A,,SS,,S,,A,,S,,,jp,
5,Front Bg.,1212,marvelous circus group,,A,,SS,,SS,,S,,A,,,jp,
5,Hat,1213,curious hat,,S,,SS,,SS,,A,,A,,,jp,
5,Brooch,1214,risky accordian,S,,,SS,,S,,A,,A,,,jp,
5,Ground,1215,juggling ball,,S,,S,,SS,,A,,S,,,jp,
5,Background,1216,haphazard land,,A,,SS,,SS,,A,,S,Pet,,jp,
5,Ground,1217,fate's remnants,SS,,SS,,S,,A,,,A,,,jp,
5,Hat,1218,happy pierrot hat,A,,SS,,SS,,A,,,A,,,jp,
5,Face,1219,diamond mask,SS,,SS,,A,,S,,,A,,,jp,
5,Necklace,1220,colourful ruffle collar,S,,S,,SS,,S,,,A,,,pjp,
,,1221,,,,,,,,,,,,,,,
,,1222,,,,,,,,,,,,,,,
,,1223,,,,,,,,,,,,,,,
,,1224,,,,,,,,,,,,,,,
,,1225,,,,,,,,,,,,,,,
,,1226,,,,,,,,,,,,,,,
,,1227,,,,,,,,,,,,,,,
,,1228,,,,,,,,,,,,,,,
,,1229,,,,,,,,,,,,,,,
,,1230,,,,,,,,,,,,,,,
,,1231,,,,,,,,,,,,,,,
,,1232,,,,,,,,,,,,,,,
,,1233,,,,,,,,,,,,,,,
,,1234,,,,,,,,,,,,,,,
,,1235,,,,,,,,,,,,,,,
,,1236,,,,,,,,,,,,,,,
,,1237,,,,,,,,,,,,,,,
,,1238,,,,,,,,,,,,,,,
,,1239,,,,,,,,,,,,,,,
,,1240,,,,,,,,,,,,,,,
,,1241,,,,,,,,,,,,,,,
,,1242,,,,,,,,,,,,,,,
,,1243,,,,,,,,,,,,,,,
,,1244,,,,,,,,,,,,,,,
,,1245,,,,,,,,,,,,,,,
,,1246,,,,,,,,,,,,,,,
,,1247,,,,,,,,,,,,,,,
,,1248,,,,,,,,,,,,,,,
,,1249,,,,,,,,,,,,,,,
,,1250,,,,,,,,,,,,,,,
,,1251,,,,,,,,,,,,,,,
,,1252,,,,,,,,,,,,,,,
,,1253,,,,,,,,,,,,,,,
,,1254,,,,,,,,,,,,,,,
,,1255,,,,,,,,,,,,,,,
,,1256,,,,,,,,,,,,,,,
,,1257,,,,,,,,,,,,,,,
,,1258,,,,,,,,,,,,,,,
,,1259,,,,,,,,,,,,,,,
,,1260,,,,,,,,,,,,,,,
,,1261,,,,,,,,,,,,,,,
,,1262,,,,,,,,,,,,,,,
,,1263,,,,,,,,,,,,,,,
,,1264,,,,,,,,,,,,,,,
,,1265,,,,,,,,,,,,,,,
,,1266,,,,,,,,,,,,,,,
,,1267,,,,,,,,,,,,,,,
,,1268,,,,,,,,,,,,,,,
,,1269,,,,,,,,,,,,,,,
,,1270,,,,,,,,,,,,,,,
,,1271,,,,,,,,,,,,,,,
,,1272,,,,,,,,,,,,,,,
,,1273,,,,,,,,,,,,,,,
,,1274,,,,,,,,,,,,,,,
,,1275,,,,,,,,,,,,,,,
,,1276,,,,,,,,,,,,,,,
,,1277,,,,,,,,,,,,,,,
,,1278,,,,,,,,,,,,,,,
,,1279,,,,,,,,,,,,,,,
,,1280,,,,,,,,,,,,,,,
,,1281,,,,,,,,,,,,,,,
,,1282,,,,,,,,,,,,,,,
,,1283,,,,,,,,,,,,,,,
,,1284,,,,,,,,,,,,,,,
,,1285,,,,,,,,,,,,,,,
,,1286,,,,,,,,,,,,,,,
,,1287,,,,,,,,,,,,,,,
,,1288,,,,,,,,,,,,,,,
,,1289,,,,,,,,,,,,,,,
,,1290,,,,,,,,,,,,,,,
,,1291,,,,,,,,,,,,,,,
,,1292,,,,,,,,,,,,,,,
,,1293,,,,,,,,,,,,,,,
,,1294,,,,,,,,,,,,,,,
,,1295,,,,,,,,,,,,,,,
,,1296,,,,,,,,,,,,,,,
,,1297,,,,,,,,,,,,,,,
,,1298,,,,,,,,,,,,,,,
,,1299,,,,,,,,,,,,,,,
,,1300,,,,,,,,,,,,,,,
,,1301,,,,,,,,,,,,,,,
,,1302,,,,,,,,,,,,,,,
,,1303,,,,,,,,,,,,,,,
,,1304,,,,,,,,,,,,,,,
,,1305,,,,,,,,,,,,,,,
,,1306,,,,,,,,,,,,,,,
5,Necklace,1307,butterfly's love of floewrs,S,,SS,,,S,,A,,S,,,jp,
5,Glove,1308,icedyed spirit,S,,SS,,,A,,SS,,A,,,jp,
5,Hat,1309,fully blooming flower,A,,S,,,S,,SS,,A,,,jp,
,,1310,,,,,,,,,,,,,,,
,,1311,,,,,,,,,,,,,,,
,,1312,,,,,,,,,,,,,,,
,,1313,,,,,,,,,,,,,,,
,,1314,,,,,,,,,,,,,,,
,,1315,,,,,,,,,,,,,,,
,,1316,,,,,,,,,,,,,,,
,,1317,,,,,,,,,,,,,,,
,,1318,,,,,,,,,,,,,,,
,,1319,,,,,,,,,,,,,,,
,,1320,,,,,,,,,,,,,,,
,,1321,,,,,,,,,,,,,,,
,,1322,,,,,,,,,,,,,,,
,,1323,,,,,,,,,,,,,,,
,,1324,,,,,,,,,,,,,,,
5,Hat,1325,Concerto of Melody,,S,S,,,B,,A,,A,Britain,,,
5,Face,1326,stave,A,,,S,,S,,B,,B,,,,
,,1327,,,,,,,,,,,,,,,
5,Right Hand,1328,aria of morning glory,A,,S,,B,,,S,,B,,,,
,,1329,,,,,,,,,,,,,,,
,,1330,,,,,,,,,,,,,,,
,,1331,,,,,,,,,,,,,,,
,,1332,,,,,,,,,,,,,,,
,,1333,,,,,,,,,,,,,,,
,,1334,wings of tomorrow,,,,,,,,,,,,,vip,
,,1335,air turbulence,,,,,,,,,,,,,vip,
,,1336,time pause,,,,,,,,,,,,,vip,
,,1337,perfecting,,,,,,,,,,,,,vip,
,,1338,umbrella memory,,,,,,,,,,,,,vip,
,,1339,pink knot hairpand,,,,,,,,,,,,,vip,
,,1340,pink knot choker,,,,,,,,,,,,,vip,
,,1341,pink knot gloves,,,,,,,,,,,,,vip,
,,1342,story of collection,,,,,,,,,,,,,vip,
,,1343,grievous waiting,,,,,,,,,,,,,vip,
,,1344,stay safe,,,,,,,,,,,,,vip,
,,1345,rose mask,,,,,,,,,,,,,vip,
,,1346,rose dance,,,,,,,,,,,,,suit complete,
,,1347,,,,,,,,,,,,,,,
,,1348,,,,,,,,,,,,,,,
,,1349,,,,,,,,,,,,,,,
,,1350,,,,,,,,,,,,,,,
,,1351,,,,,,,,,,,,,,,
,,1352,,,,,,,,,,,,,,,
,,1353,,,,,,,,,,,,,,,
,,1354,,,,,,,,,,,,,,,
,,1355,,,,,,,,,,,,,,,
,,1356,,,,,,,,,,,,,,,
,,1357,,,,,,,,,,,,,,,
,,1358,,,,,,,,,,,,,,,
,,1359,,,,,,,,,,,,,,,
,,1360,,,,,,,,,,,,,,,
,,1361,,,,,,,,,,,,,,,
,,1362,,,,,,,,,,,,,,,
,,1363,,,,,,,,,,,,,,,
,,1364,,,,,,,,,,,,,,,
,,1365,,,,,,,,,,,,,,,
,,1366,,,,,,,,,,,,,,,
,,1367,,,,,,,,,,,,,,,
,,1368,,,,,,,,,,,,,,,
,,1369,,,,,,,,,,,,,,,
,,1370,,,,,,,,,,,,,,,
,,1371,,,,,,,,,,,,,,,
,,1372,,,,,,,,,,,,,,,
,,1373,,,,,,,,,,,,,,,
,,1374,,,,,,,,,,,,,,,
,,1375,,,,,,,,,,,,,,,
,,1376,,,,,,,,,,,,,,,
,,1377,,,,,,,,,,,,,,,
,,1378,,,,,,,,,,,,,,,
,,1379,,,,,,,,,,,,,,,
,,1380,,,,,,,,,,,,,,,
,,1381,,,,,,,,,,,,,,,
,,1382,,,,,,,,,,,,,,,
,,1383,,,,,,,,,,,,,,,
,,1384,,,,,,,,,,,,,,,
,,1385,,,,,,,,,,,,,,,
,,1386,,,,,,,,,,,,,,,
,,1387,,,,,,,,,,,,,,,
,,1388,,,,,,,,,,,,,,,
,,1389,,,,,,,,,,,,,,,
,,1390,,,,,,,,,,,,,,,
,,1391,,,,,,,,,,,,,,,
,,1392,,,,,,,,,,,,,,,
,,1393,star of willing,,,,,,,,,,,,,unavailable,
,,1394,flawless,,,,,,,,,,,,,unavailable,
,,1395,,,,,,,,,,,,,,,
,,1396,,,,,,,,,,,,,,,
,,1397,,,,,,,,,,,,,,,
,,1398,,,,,,,,,,,,,,,
,,1399,,,,,,,,,,,,,,,
,,1400,,,,,,,,,,,,,,,
,,1401,,,,,,,,,,,,,,,
,,1402,,,,,,,,,,,,,,,
,,1403,,,,,,,,,,,,,,,
,,1404,,,,,,,,,,,,,,,
,,1405,,,,,,,,,,,,,,,
,,1406,,,,,,,,,,,,,,,
,,1407,,,,,,,,,,,,,,,
,,1408,,,,,,,,,,,,,,,
,,1409,,,,,,,,,,,,,,,
,,1410,,,,,,,,,,,,,,,
,,1411,,,,,,,,,,,,,,,
,,1412,,,,,,,,,,,,,,,
,,1413,,,,,,,,,,,,,,,
,,1414,,,,,,,,,,,,,,,
,,1415,,,,,,,,,,,,,,,
,,1416,,,,,,,,,,,,,,,
,,1417,,,,,,,,,,,,,,,
,,1418,,,,,,,,,,,,,,,
,,1419,,,,,,,,,,,,,,,
,,1420,,,,,,,,,,,,,,,
,,1421,,,,,,,,,,,,,,,
,,1422,,,,,,,,,,,,,,,
,,1423,,,,,,,,,,,,,,,
,,1424,,,,,,,,,,,,,,,
,,1425,,,,,,,,,,,,,,,
,,1426,,,,,,,,,,,,,,,
,,1427,,,,,,,,,,,,,,,
,,1428,,,,,,,,,,,,,,,
,,1429,,,,,,,,,,,,,,,
,,1430,,,,,,,,,,,,,,,
,,1431,,,,,,,,,,,,,,,
,,1432,,,,,,,,,,,,,,,
,,1433,,,,,,,,,,,,,,,
,,1434,,,,,,,,,,,,,,,
,,1435,,,,,,,,,,,,,,,
,,1436,,,,,,,,,,,,,,,
,,1437,,,,,,,,,,,,,,,
,,1438,,,,,,,,,,,,,,,
,,1439,,,,,,,,,,,,,,,
,,1440,,,,,,,,,,,,,,,
,,1441,,,,,,,,,,,,,,,
,,1442,,,,,,,,,,,,,,,
,,1443,,,,,,,,,,,,,,,
,,1444,,,,,,,,,,,,,,,
,,1445,,,,,,,,,,,,,,,
,,1446,,,,,,,,,,,,,,,
,,1447,,,,,,,,,,,,,,,
,,1448,,,,,,,,,,,,,,,
,,1449,,,,,,,,,,,,,,,
,,1450,,,,,,,,,,,,,,,
,,1451,,,,,,,,,,,,,,,
,,1452,,,,,,,,,,,,,,,
,,1453,,,,,,,,,,,,,,,
,,1454,,,,,,,,,,,,,,,
,,1455,,,,,,,,,,,,,,,
,,1456,,,,,,,,,,,,,,,
,,1457,,,,,,,,,,,,,,,
,,1458,,,,,,,,,,,,,,,
,,1459,,,,,,,,,,,,,,,
,,1460,,,,,,,,,,,,,,,
,,1461,,,,,,,,,,,,,,,
,,1462,,,,,,,,,,,,,,,
,,1463,,,,,,,,,,,,,,,
,,1464,,,,,,,,,,,,,,,
,,1465,,,,,,,,,,,,,,,
,,1466,,,,,,,,,,,,,,,
,,1467,,,,,,,,,,,,,,,
,,1468,,,,,,,,,,,,,,,
,,1469,,,,,,,,,,,,,,,
,,1470,,,,,,,,,,,,,,,
,,1471,,,,,,,,,,,,,,,
,,1472,,,,,,,,,,,,,,,
,,1473,,,,,,,,,,,,,,,
,,1474,,,,,,,,,,,,,,,
,,1475,,,,,,,,,,,,,,,
,,1476,,,,,,,,,,,,,,,
,,1477,,,,,,,,,,,,,,,
,,1478,,,,,,,,,,,,,,,
,,1479,,,,,,,,,,,,,,,
,,1480,,,,,,,,,,,,,,,
,,1481,,,,,,,,,,,,,,,
,,1482,,,,,,,,,,,,,,,
,,1483,,,,,,,,,,,,,,,
,,1484,,,,,,,,,,,,,,,
,,1485,,,,,,,,,,,,,,,
,,1486,,,,,,,,,,,,,,,
,,1487,,,,,,,,,,,,,,,
,,1488,,,,,,,,,,,,,,,
,,1489,,,,,,,,,,,,,,,
,,1490,,,,,,,,,,,,,,,
,,1491,,,,,,,,,,,,,,,
,,1492,,,,,,,,,,,,,,,
,,1493,,,,,,,,,,,,,,,
,,1494,,,,,,,,,,,,,,,
,,1495,,,,,,,,,,,,,,,
,,1496,,,,,,,,,,,,,,,
,,1497,,,,,,,,,,,,,,,
,,1498,,,,,,,,,,,,,,,
,,1499,,,,,,,,,,,,,,,
5,Earring,1500,鳴り止まぬ鼓動,A,,,SS,,S,,S,A,,,,,
5,Glove,1501,ももこの手袋,SS,,SS,,,A,,S,A,,,,,
5,Hat,1502,透明ナース帽,A,,,SS,,SS,,A,A,,Paramedics,,,
5,Right Hand,1503,いたずら注射器,S,,,S,,SS,,A,A,,Paramedics,,,
5,Background,1504,点滴台,A,,,A,,SS,,SS,,A,Paramedics,,,
5,Background,1505,悪夢の診察室,A,,,SS,,SS,,S,A,,Paramedics,,,
5,Front Bg.,1506,7号標本,S,,S,,SS,,S,,A,,,,,
5,Face,1507,虚妄の診察室,S,,SS,,S,,S,,,S,Paramedics,,,
5,Both Hands,1508,六番目の契約書,A,,S,,SS,,SS,,A,,Paramedics,,,
5,Glove,1509,悪魔の手,,SS,SS,,A,,,S,A,,Paramedics,,,
,,1510,,,,,,,,,,,,,,,
,,1511,,,,,,,,,,,,,,,
,,1512,,,,,,,,,,,,,,,
,,1513,,,,,,,,,,,,,,,
,,1514,,,,,,,,,,,,,,,
,,1515,,,,,,,,,,,,,,,
,,1516,,,,,,,,,,,,,,,
,,1517,,,,,,,,,,,,,,,
,,1518,,,,,,,,,,,,,,,
,,1519,,,,,,,,,,,,,,,
,,1520,,,,,,,,,,,,,,,
,,1521,,,,,,,,,,,,,,,
,,1522,,,,,,,,,,,,,,,
,,1523,,,,,,,,,,,,,,,
,,1524,,,,,,,,,,,,,,,
,,1525,,,,,,,,,,,,,,,
,,1526,,,,,,,,,,,,,,,
,,1527,,,,,,,,,,,,,,,
,,1528,,,,,,,,,,,,,,,
,,1529,,,,,,,,,,,,,,,
,,1530,,,,,,,,,,,,,,,
,,1531,,,,,,,,,,,,,,,
,,1532,,,,,,,,,,,,,,,
,,1533,,,,,,,,,,,,,,,
,,1534,,,,,,,,,,,,,,,
,,1535,,,,,,,,,,,,,,,
,,1536,,,,,,,,,,,,,,,
,,1537,,,,,,,,,,,,,,,
,,1538,,,,,,,,,,,,,,,
,,1539,,,,,,,,,,,,,,,
,,1540,,,,,,,,,,,,,,,
,,1541,,,,,,,,,,,,,,,
,,1542,,,,,,,,,,,,,,,
,,1543,,,,,,,,,,,,,,,
,,1544,,,,,,,,,,,,,,,
,,1545,,,,,,,,,,,,,,,
,,1546,,,,,,,,,,,,,,,
,,1547,,,,,,,,,,,,,,,
,,1548,,,,,,,,,,,,,,,
,,1549,,,,,,,,,,,,,,,
,,1550,,,,,,,,,,,,,,,
,,1551,,,,,,,,,,,,,,,
,,1552,,,,,,,,,,,,,,,
,,1553,,,,,,,,,,,,,,,
,,1554,,,,,,,,,,,,,,,
,,1555,,,,,,,,,,,,,,,
,,1556,,,,,,,,,,,,,,,
,,1557,,,,,,,,,,,,,,,
,,1558,,,,,,,,,,,,,,,
,,1559,,,,,,,,,,,,,,,
,,1560,,,,,,,,,,,,,,,
,,1561,,,,,,,,,,,,,,,
,,1562,,,,,,,,,,,,,,,
,,1563,,,,,,,,,,,,,,,
,,1564,,,,,,,,,,,,,,,
,,1565,,,,,,,,,,,,,,,
,,1566,,,,,,,,,,,,,,,
,,1567,,,,,,,,,,,,,,,
,,1568,,,,,,,,,,,,,,,
,,1569,,,,,,,,,,,,,,,
,,1570,palms and flowers,,,,,,,,,,,,,unavailable,wonderful holiday
,,1571,submarine coral,,,,,,,,,,,,,unavailable,wonderful holiday
,,1572,sunset at sea,,,,,,,,,,,,,unavailable,wonderful holiday
,,1573,ukelele,,,,,,,,,,,,,unavailable,wonderful holiday
,,1574,romantic palms,,,,,,,,,,,,,unavailable,wonderful holiday
,,1575,,,,,,,,,,,,,,,
,,1576,,,,,,,,,,,,,,,
,,1577,,,,,,,,,,,,,,,
,,1578,,,,,,,,,,,,,,,
,,1579,,,,,,,,,,,,,,,
,,1580,,,,,,,,,,,,,,,
,,1581,,,,,,,,,,,,,,,
,,1582,,,,,,,,,,,,,,,
,,1583,,,,,,,,,,,,,,,
,,1584,,,,,,,,,,,,,,,
,,1585,,,,,,,,,,,,,,,
,,1586,,,,,,,,,,,,,,,
,,1587,,,,,,,,,,,,,,,
,,1588,,,,,,,,,,,,,,,
,,1589,,,,,,,,,,,,,,,
,,1590,,,,,,,,,,,,,,,
,,1591,,,,,,,,,,,,,,,
,,1592,,,,,,,,,,,,,,,
,,1593,,,,,,,,,,,,,,,
,,1594,,,,,,,,,,,,,,,
,,1595,,,,,,,,,,,,,,,
,,1596,,,,,,,,,,,,,,,
,,1597,,,,,,,,,,,,,,,
,,1598,,,,,,,,,,,,,,,
,,1599,,,,,,,,,,,,,,,
,,1600,,,,,,,,,,,,,,,
,,1601,,,,,,,,,,,,,,,
,,1602,,,,,,,,,,,,,,,
,,1603,,,,,,,,,,,,,,,
,,1604,,,,,,,,,,,,,,,
,,1605,,,,,,,,,,,,,,,
,,1606,,,,,,,,,,,,,,,
,,1607,,,,,,,,,,,,,,,
,,1608,,,,,,,,,,,,,,,
,,1609,,,,,,,,,,,,,,,
,,1610,,,,,,,,,,,,,,,
,,1611,,,,,,,,,,,,,,,
,,1612,,,,,,,,,,,,,,,
,,1613,,,,,,,,,,,,,,,
,,1614,,,,,,,,,,,,,,,
,,1615,,,,,,,,,,,,,,,
,,1616,,,,,,,,,,,,,,,
,,1617,,,,,,,,,,,,,,,
,,1618,,,,,,,,,,,,,,,
,,1619,Lost Lamb,A,,A,,,SS,,SS,,A,,,,
,,1620,shepherd girls' cap,S,,S,,,A,,A,,A,,,,
,,1621,pasture fruit basket,A,,S,,,A,,SS,,A,,,,
,,1622,Pasture Cutie,A,,A,,,SS,,SS,,A,,,,
,,1623,Berry Shepherd Stick,S,,SS,,,A,,B,,A,,,,
,,1624,,,,,,,,,,,,,,,
,,1625,,,,,,,,,,,,,,,
,,1626,,,,,,,,,,,,,,,
,,1627,,,,,,,,,,,,,,,
,,1628,,,,,,,,,,,,,,,
,,1629,,,,,,,,,,,,,,,
,,1630,rabbit love poem,,,,,,,,,,,,,,
,,1631,rabbit serenade,,,,,,,,,,,,,,
,,1632,rabbit ear teapot,,,,,,,,,,,,,,
,,1633,,,,,,,,,,,,,,,
,,1634,,,,,,,,,,,,,,,
,,1635,,,,,,,,,,,,,,,
,,1636,,,,,,,,,,,,,,,
,,1637,,,,,,,,,,,,,,,
,,1638,,,,,,,,,,,,,,,
,,1639,,,,,,,,,,,,,,,
,,1640,,,,,,,,,,,,,,,
5,Hat,1641,キュートなうさ耳,A,,,SS,,SS,A,,,A,Futuristic,,,
5,Face,1642,情報隠匿,S,,,S,SS,,S,,,A,Futuristic,,,
5,Front Bg.,1643,アンジェリカの光刀,B,,,A,SS,,SS,,,S,Futuristic,,,
5,Ground,1644,超速の光陣,A,,,SS,,A,SS,,,S,Futuristic,,,
5,Background,1645,兎型ジェット船,A,,,SS,,SS,A,,,A,,,,
5,Face,1646,仮想の視界,S,,,SS,S,,A,,,S,Futuristic,,,
5,Hat,1647,鋭い角,S,,,S,S,,S,,,S,Futuristic,,,
5,Necklace,1648,疾風の黒羽,A,,,S,S,,SS,,,A,,,,
5,Right Hand,1649,金翼の剣,SS,,,SS,A,,A,,,A,Futuristic,,,
5,Glove,1650,光源の鎧,S,,,A,SS,,S,,,A,Futuristic,,,
5,Back,1651,光速の翼,S,,,SS,S,,A,,,A,Futuristic,,,
5,Front Bg.,1652,サクラ吹雪,A,,S,,A,,,SS,,S,,,,
,,1653,,,,,,,,,,,,,,,
,,1654,,,,,,,,,,,,,,,
,,1655,cruising devil,,,,,,,,,,,,,,
,,1656,,,,,,,,,,,,,,,
,,1657,,,,,,,,,,,,,,,
,,1658,,,,,,,,,,,,,,,
,,1659,,,,,,,,,,,,,,,
,,1660,,,,,,,,,,,,,,,
,,1661,,,,,,,,,,,,,,,
4,brooch,1662,guard sunshine,a,,b,,,ss,,s,,a,,,discount gift,
,,1663,,,,,,,,,,,,,,,
,,1664,,,,,,,,,,,,,,,
,,1665,,,,,,,,,,,,,,,
,,1666,,,,,,,,,,,,,,,
,,1667,,,,,,,,,,,,,,,
,,1668,,,,,,,,,,,,,,,
,,1669,,,,,,,,,,,,,,,
,,1670,,,,,,,,,,,,,,,
,,1671,,,,,,,,,,,,,,,
,,1672,,,,,,,,,,,,,,,
,,1673,,,,,,,,,,,,,,,
,,1674,,,,,,,,,,,,,,,
,,1675,,,,,,,,,,,,,,,
,,1676,,,,,,,,,,,,,,,
,,1677,,,,,,,,,,,,,,,
,,1678,,,,,,,,,,,,,,,
,,1679,,,,,,,,,,,,,,,
,,1680,,,,,,,,,,,,,,,
,,1681,,,,,,,,,,,,,,,
3,Left Hand,1682,数学ノート,,A,,A,,A,,A,,B,,,,
,,1683,,,,,,,,,,,,,,,
,,1684,,,,,,,,,,,,,,,
,,1685,,,,,,,,,,,,,,,
,,1686,,,,,,,,,,,,,,,
,,1687,,,,,,,,,,,,,,,
,,1688,,,,,,,,,,,,,,,
,,1689,,,,,,,,,,,,,,,
,,1690,,,,,,,,,,,,,,,
,,1691,,,,,,,,,,,,,,,
,,1692,,,,,,,,,,,,,,,
,,1693,,,,,,,,,,,,,,,
,,1694,,,,,,,,,,,,,,,
,,1695,,,,,,,,,,,,,,,
,,1696,,,,,,,,,,,,,,,
,,1697,,,,,,,,,,,,,,,
,,1698,,,,,,,,,,,,,,,
,,1699,,,,,,,,,,,,,,,
,,1700,,,,,,,,,,,,,,,
,,1701,,,,,,,,,,,,,,,
,,1702,,,,,,,,,,,,,,,
,,1703,,,,,,,,,,,,,,,
,,1704,,,,,,,,,,,,,,,
,,1705,,,,,,,,,,,,,,,
,,1706,,,,,,,,,,,,,,,
,,1707,,,,,,,,,,,,,,,
,,1708,,,,,,,,,,,,,,,
,,1709,,,,,,,,,,,,,,,
,,1710,,,,,,,,,,,,,,,
,,1711,,,,,,,,,,,,,,,
,,1712,,,,,,,,,,,,,,,
,,1713,,,,,,,,,,,,,,,
,,1714,,,,,,,,,,,,,,,
,,1715,,,,,,,,,,,,,,,
,,1716,,,,,,,,,,,,,,,
,,1717,,,,,,,,,,,,,,,
,,1718,,,,,,,,,,,,,,,
,,1719,,,,,,,,,,,,,,,
,,1720,,,,,,,,,,,,,,,
,,1721,,,,,,,,,,,,,,,
,,1722,,,,,,,,,,,,,,,
,,1723,,,,,,,,,,,,,,,
,,1724,,,,,,,,,,,,,,,
,,1725,,,,,,,,,,,,,,,
,,1726,,,,,,,,,,,,,,,
,,1727,,,,,,,,,,,,,,,
,,1728,,,,,,,,,,,,,,,
,,1729,,,,,,,,,,,,,,,
,,1730,,,,,,,,,,,,,,,
,,1731,,,,,,,,,,,,,,,
4,necklace,1732,colorful light,a,,,s,,s,a,,,a,,,login,raspberry pink rock
4,right hand,1733,romantic rock and roll,b,,,s,,a,ss,,,a,,,login,raspberry pink rock
4,face,1734,unbroken,a,,,s,,s,a,,,a,harajuku,,login,raspberry pink rock
4,hat,1735,soft candy earphones,a,,,ss,,s,a,,,a,,,login,raspberry pink rock
4,left hand,1736,modern hero,a,,,s,,s,a,,,s,,,login,raspberry pink rock
,,1737,,,,,,,,,,,,,,,
,,1738,,,,,,,,,,,,,,,
,,1739,,,,,,,,,,,,,,,
,,1740,,,,,,,,,,,,,,,
,,1741,,,,,,,,,,,,,,,
,,1742,,,,,,,,,,,,,,,
,,1743,,,,,,,,,,,,,,,
,,1744,,,,,,,,,,,,,,,
,,1745,,,,,,,,,,,,,,,
5,Hat,1746,明月夜,S,,SS,,,A,,S,,A,Kimono,,,
5,Necklace,1747,青鷺火,,SS,S,,,A,,A,,S,,,,
5,Hat,1748,明月夜（青）,A,,S,,,SS,,SS,A,,Kimono,,,
5,Necklace,1749,青鷺火（青）,SS,,S,,A,,,S,,S,,,,
5,Hat,1750,明月夜（金）,SS,,SS,,,S,,A,A,,Kimono,,,
5,Necklace,1751,青鷺火（金）,A,,S,,SS,,,A,S,,,,,
5,Left Hand,1752,鯉のぼり,A,,,SS,,SS,,A,A,,Kimono,,,
5,Right Hand,1753,母の鞄,S,,SS,,,S,,S,A,,,,,
5,Right Hand,1754,桜の鞄,A,,S,,,SS,,SS,S,,,,,
5,Right Hand,1755,桃香の鞄,S,,,SS,,S,,A,A,,,,,
,,1756,,,,,,,,,,,,,,,
,,1757,,,,,,,,,,,,,,,
,,1758,,,,,,,,,,,,,,,
,,1759,,,,,,,,,,,,,,,
,,1760,,,,,,,,,,,,,,,
,,1761,,,,,,,,,,,,,,,
5,Hat,1762,祭りの花火,SS,,SS,,S,,A,,S,,Kimono,,,
5,Necklace,1763,琉璃ペンダント,A,,SS,,S,,S,,S,,,,,
5,Left Hand,1764,夜の桜,SS,,SS,,A,,A,,A,,Kimono,,,
5,Background,1765,幻の狐,SS,,SS,,A,,A,,S,,Kimono,,,
,,1766,,,,,,,,,,,,,,,
,,1767,,,,,,,,,,,,,,,
,,1768,,,,,,,,,,,,,,,
,,1769,,,,,,,,,,,,,,,
,,1770,,,,,,,,,,,,,,,
,,1771,,,,,,,,,,,,,,,
,,1772,,,,,,,,,,,,,,,
,,1773,,,,,,,,,,,,,,,
,,1774,,,,,,,,,,,,,,,
,,1775,,,,,,,,,,,,,,,
,,1776,,,,,,,,,,,,,,,
,,1777,,,,,,,,,,,,,,,
,,1778,,,,,,,,,,,,,,,
,,1779,,,,,,,,,,,,,,,
,,1780,,,,,,,,,,,,,,,
,,1781,,,,,,,,,,,,,,,
,,1782,,,,,,,,,,,,,,,
,,1783,,,,,,,,,,,,,,,
,,1784,,,,,,,,,,,,,,,
,,1785,,,,,,,,,,,,,,,
,,1786,,,,,,,,,,,,,,,
,,1787,,,,,,,,,,,,,,,
,,1788,,,,,,,,,,,,,,,
,,1789,,,,,,,,,,,,,,,
,,1790,,,,,,,,,,,,,,,
,,1791,,,,,,,,,,,,,,,
,,1792,,,,,,,,,,,,,,,
4,Hat,1793,狐の幻,A,,SS,,A,,SS,,B,,Pet,,,
4,Necklace,1794,夢,A,,SS,,SS,,A,,A,,,,,
4,Left Hand,1795,時の刀,A,,S,,A,,S,,A,,,,,
,,1796,,,,,,,,,,,,,,,
,,1797,,,,,,,,,,,,,,,
,,1798,,,,,,,,,,,,,,,
,,1799,,,,,,,,,,,,,,,
,,1800,,,,,,,,,,,,,,,
,,1801,,,,,,,,,,,,,,,
,,1802,,,,,,,,,,,,,,,
,,1803,,,,,,,,,,,,,,,
,,1804,,,,,,,,,,,,,,,
,,1805,,,,,,,,,,,,,,,
,,1806,,,,,,,,,,,,,,,
,,1807,,,,,,,,,,,,,,,
,,1808,,,,,,,,,,,,,,,
,,1809,,,,,,,,,,,,,,,
,,1810,,,,,,,,,,,,,,,
,,1811,,,,,,,,,,,,,,,
,,1812,,,,,,,,,,,,,,,
,,1813,,,,,,,,,,,,,,,
,,1814,,,,,,,,,,,,,,,
,,1815,,,,,,,,,,,,,,,
,,1816,,,,,,,,,,,,,,,
,,1817,,,,,,,,,,,,,,,
,,1818,,,,,,,,,,,,,,,
,,1819,,,,,,,,,,,,,,,
,,1820,,,,,,,,,,,,,,,
,,1821,,,,,,,,,,,,,,,
,,1822,,,,,,,,,,,,,,,
,,1823,,,,,,,,,,,,,,,
,,1824,,,,,,,,,,,,,,,
,,1825,,,,,,,,,,,,,,,
,,1826,,,,,,,,,,,,,,,
5,Ground,1827,雪蓮,SS,,S,,S,,,S,,A,,,,
5,Front Bg.,1828,雪姫の吐息,SS,,SS,,S,,A,,,A,,,,
5,Hairpin,1829,雪融けの合図,A,,SS,,A,,,SS,,S,,,,
5,Necklace,1830,雪の結晶,SS,,S,,S,,,A,,A,,,,
5,Right Hand,1831,霜柱の扇子,A,,SS,,SS,,A,,,A,Kimono,,,
,,1832,,,,,,,,,,,,,,,
,,1833,,,,,,,,,,,,,,,
,,1834,,,,,,,,,,,,,,,
,,1835,,,,,,,,,,,,,,,
,,1836,,,,,,,,,,,,,,,
,,1837,,,,,,,,,,,,,,,
,,1838,,,,,,,,,,,,,,,
,,1839,,,,,,,,,,,,,,,
,,1840,,,,,,,,,,,,,,,
5,Veil,1841,淡雪の輝き,SS,,SS,,A,,A,,,A,Kimono,,,
,,1842,,,,,,,,,,,,,,,
,,1843,,,,,,,,,,,,,,,
,,1844,,,,,,,,,,,,,,,
,,1845,,,,,,,,,,,,,,,
,,1846,,,,,,,,,,,,,,,
,,1847,,,,,,,,,,,,,,,
,,1848,,,,,,,,,,,,,,,
,,1849,,,,,,,,,,,,,,,
,,1850,,,,,,,,,,,,,,,
,,1851,,,,,,,,,,,,,,,
,,1852,,,,,,,,,,,,,,,
,,1853,,,,,,,,,,,,,,,
,,1854,,,,,,,,,,,,,,,
,,1855,,,,,,,,,,,,,,,
,,1856,,,,,,,,,,,,,,,
,,1857,,,,,,,,,,,,,,,
5,Hat,1858,アイアンローズのティアラ,S,,SS,,,A,,A,,A,,,,
5,Hairpin,1859,アウラのバースデーソング,B,,,SS,,A,,S,,A,,,,
5,Necklace,1860,ロイスのネックレス,SS,,SS,,,B,,A,,B,,,,
5,Right Arm,1861,白蓮のバースデーカード,A,,,A,,SS,,S,,A,,,,
5,Left Arm,1862,ジェーンの手作りギフト,A,,,A,,S,,S,,A,,,,
5,Ground,1863,ニーズヘッグの祝福,S,,,SS,,A,,A,,A,Lolita,Pet,,
5,Background,1864,モモの本音,A,,,S,,S,,A,,A,Pet,,,
5,Front Bg.,1865,ジョブ・ルーニーのギフト,S,,,SS,,A,,A,,A,,,,
,,1866,,,,,,,,,,,,,,,
,,1867,,,,,,,,,,,,,,,
,,1868,,,,,,,,,,,,,,,
,,1869,,,,,,,,,,,,,,,
,,1870,,,,,,,,,,,,,,,
,,1871,,,,,,,,,,,,,,,
,,1872,,,,,,,,,,,,,,,
,,1873,,,,,,,,,,,,,,,
,,1874,,,,,,,,,,,,,,,
,,1875,,,,,,,,,,,,,,,
,,1876,,,,,,,,,,,,,,,
,,1877,,,,,,,,,,,,,,,
,,1878,,,,,,,,,,,,,,,
,,1879,,,,,,,,,,,,,,,
,,1880,,,,,,,,,,,,,,,
,,1881,,,,,,,,,,,,,,,
,,1882,,,,,,,,,,,,,,,
,,1883,,,,,,,,,,,,,,,
,,1884,,,,,,,,,,,,,,,
,,1885,,,,,,,,,,,,,,,
,,1886,,,,,,,,,,,,,,,
,,1887,,,,,,,,,,,,,,,
,,1888,,,,,,,,,,,,,,,
,,1889,,,,,,,,,,,,,,,
,,1890,,,,,,,,,,,,,,,
,,1891,,,,,,,,,,,,,,,
,,1892,,,,,,,,,,,,,,,
,,1893,,,,,,,,,,,,,,,
,,1894,,,,,,,,,,,,,,,
,,1895,,,,,,,,,,,,,,,
,,1896,,,,,,,,,,,,,,,
,,1897,,,,,,,,,,,,,,,
,,1898,,,,,,,,,,,,,,,
,,1899,,,,,,,,,,,,,,,
,,1900,,,,,,,,,,,,,,,
,,1901,,,,,,,,,,,,,,,
,,1902,,,,,,,,,,,,,,,
,,1903,,,,,,,,,,,,,,,
,,1904,,,,,,,,,,,,,,,
,,1905,,,,,,,,,,,,,,,
,,1906,,,,,,,,,,,,,,,
,,1907,,,,,,,,,,,,,,,
,,1908,,,,,,,,,,,,,,,
,,1909,,,,,,,,,,,,,,,
,,1910,,,,,,,,,,,,,,,
,,1911,,,,,,,,,,,,,,,
,,1912,,,,,,,,,,,,,,,
,,1913,,,,,,,,,,,,,,,
,,1914,,,,,,,,,,,,,,,
,,1915,,,,,,,,,,,,,,,
,,1916,,,,,,,,,,,,,,,
,,1917,,,,,,,,,,,,,,,
,,1918,,,,,,,,,,,,,,,
,,1919,,,,,,,,,,,,,,,
,,1920,,,,,,,,,,,,,,,
,,1921,,,,,,,,,,,,,,,
,,1922,,,,,,,,,,,,,,,
,,1923,,,,,,,,,,,,,,,
,,1924,,,,,,,,,,,,,,,
,,1925,,,,,,,,,,,,,,,
,,1926,,,,,,,,,,,,,,,
,,1927,,,,,,,,,,,,,,,
,,1928,,,,,,,,,,,,,,,
,,1929,,,,,,,,,,,,,,,
,,1930,,,,,,,,,,,,,,,
,,1931,,,,,,,,,,,,,,,
,,1932,,,,,,,,,,,,,,,
,,1933,,,,,,,,,,,,,,,
,,1934,,,,,,,,,,,,,,,
,,1935,,,,,,,,,,,,,,,
,,1936,,,,,,,,,,,,,,,
,,1937,,,,,,,,,,,,,,,
,,1938,,,,,,,,,,,,,,,
,,1939,,,,,,,,,,,,,,,
,,1940,,,,,,,,,,,,,,,
,,1941,,,,,,,,,,,,,,,
,,1942,,,,,,,,,,,,,,,
4,Necklace,1943,聖夜の恋歌,,SS,,A,,A,,S,,A,,,,
4,Right Hand,1944,聖夜の雪だるま,A,,SS,,,A,,S,A,,,,,
,,1945,,,,,,,,,,,,,,,
4,Hat,1946,クリスマスウィッシュ,A,,,A,,S,,SS,,A,,,,
4,Earring,1947,輝く虹,A,,,SS,,S,,A,,B,,,,
4,Face,1948,煌く星,A,,,S,,S,,B,,S,,,,
4,Necklace,1949,甘いクリスマス,A,,SS,,,A,,SS,B,,,,,
,,1950,,,,,,,,,,,,,,,
,,1951,,,,,,,,,,,,,,,
,,1952,,,,,,,,,,,,,,,
,,1953,,,,,,,,,,,,,,,
,,1954,,,,,,,,,,,,,,,
,,1955,,,,,,,,,,,,,,,
,,1956,,,,,,,,,,,,,,,
,,1957,,,,,,,,,,,,,,,
,,1958,,,,,,,,,,,,,,,
,,1959,,,,,,,,,,,,,,,
,,1960,,,,,,,,,,,,,,,
,,1961,,,,,,,,,,,,,,,
,,1962,,,,,,,,,,,,,,,
,,1963,,,,,,,,,,,,,,,
,,1964,,,,,,,,,,,,,,,
,,1965,,,,,,,,,,,,,,,
,,1966,,,,,,,,,,,,,,,
,,1967,,,,,,,,,,,,,,,
,,1968,,,,,,,,,,,,,,,
,,1969,,,,,,,,,,,,,,,
,,1970,,,,,,,,,,,,,,,
,,1971,,,,,,,,,,,,,,,
,,1972,,,,,,,,,,,,,,,
,,1973,,,,,,,,,,,,,,,
,,1974,,,,,,,,,,,,,,,
,,1975,,,,,,,,,,,,,,,
,,1976,,,,,,,,,,,,,,,
,,1977,,,,,,,,,,,,,,,
,,1978,,,,,,,,,,,,,,,
,,1979,,,,,,,,,,,,,,,
,,1980,,,,,,,,,,,,,,,
,,1981,,,,,,,,,,,,,,,
,,1982,,,,,,,,,,,,,,,
,,1983,,,,,,,,,,,,,,,
,,1984,,,,,,,,,,,,,,,
,,1985,,,,,,,,,,,,,,,
,,1986,,,,,,,,,,,,,,,
,,1987,,,,,,,,,,,,,,,
,,1988,,,,,,,,,,,,,,,
,,1989,,,,,,,,,,,,,,,
,,1990,,,,,,,,,,,,,,,
,,1991,,,,,,,,,,,,,,,
,,1992,,,,,,,,,,,,,,,
,,1993,,,,,,,,,,,,,,,
,,1994,,,,,,,,,,,,,,,
,,1995,,,,,,,,,,,,,,,
,,1996,,,,,,,,,,,,,,,
,,1997,,,,,,,,,,,,,,,
,,1998,,,,,,,,,,,,,,,
,,1999,,,,,,,,,,,,,,,
,,2000,,,,,,,,,,,,,,,
,,2001,,,,,,,,,,,,,,,
,,2002,,,,,,,,,,,,,,,
,,2003,,,,,,,,,,,,,,,
,,2004,,,,,,,,,,,,,,,
,,2005,,,,,,,,,,,,,,,
,,2006,,,,,,,,,,,,,,,
,,2007,,,,,,,,,,,,,,,
,,2008,,,,,,,,,,,,,,,
,,2009,,,,,,,,,,,,,,,
,,2010,,,,,,,,,,,,,,,
,,2011,,,,,,,,,,,,,,,
,,2012,,,,,,,,,,,,,,,
,,2013,,,,,,,,,,,,,,,
,,2014,,,,,,,,,,,,,,,
,,2015,,,,,,,,,,,,,,,
,,2016,,,,,,,,,,,,,,,
,,2017,,,,,,,,,,,,,,,
,,2018,,,,,,,,,,,,,,,
,,2019,,,,,,,,,,,,,,,
,,2020,,,,,,,,,,,,,,,
,,2021,,,,,,,,,,,,,,,
,,2022,,,,,,,,,,,,,,,
,,2023,,,,,,,,,,,,,,,
,,2024,,,,,,,,,,,,,,,
,,2025,,,,,,,,,,,,,,,
,,2026,,,,,,,,,,,,,,,
,,2027,,,,,,,,,,,,,,,
,,2028,,,,,,,,,,,,,,,
,,2029,,,,,,,,,,,,,,,
,,2030,,,,,,,,,,,,,,,
,,2031,,,,,,,,,,,,,,,
,,2032,,,,,,,,,,,,,,,
,,2033,,,,,,,,,,,,,,,
,,2034,,,,,,,,,,,,,,,
,,2035,,,,,,,,,,,,,,,
,,2036,,,,,,,,,,,,,,,
,,2037,,,,,,,,,,,,,,,
,,2038,,,,,,,,,,,,,,,
,,2039,,,,,,,,,,,,,,,
,,2040,,,,,,,,,,,,,,,
,,2041,,,,,,,,,,,,,,,
,,2042,,,,,,,,,,,,,,,
,,2043,,,,,,,,,,,,,,,
,,2044,,,,,,,,,,,,,,,
,,2045,,,,,,,,,,,,,,,
,,2046,,,,,,,,,,,,,,,
,,2047,,,,,,,,,,,,,,,
,,2048,,,,,,,,,,,,,,,
,,2049,,,,,,,,,,,,,,,
,,2050,,,,,,,,,,,,,,,
,,2051,,,,,,,,,,,,,,,
,,2052,,,,,,,,,,,,,,,
,,2053,,,,,,,,,,,,,,,
,,2054,,,,,,,,,,,,,,,
,,2055,,,,,,,,,,,,,,,
,,2056,,,,,,,,,,,,,,,
,,2057,,,,,,,,,,,,,,,
,,2058,,,,,,,,,,,,,,,
,,2059,,,,,,,,,,,,,,,
,,2060,,,,,,,,,,,,,,,
,,2061,,,,,,,,,,,,,,,
5,Hat,2062,遠い日の記憶,A,,,SS,,SS,,A,,A,Kimono,,,
5,Right Hand,2063,子供の巾着,A,,,S,,SS,,SS,,A,,,,
5,Left Hand,2064,わらしのお人形,A,,,A,,SS,,SS,,A,Kimono,,,
5,Veil,2065,烏天狗のお面,SS,,A,,A,,SS,,A,,Pet,,,
5,Hairpin,2066,鉄羽の証,A,,SS,,SS,,A,,A,,kimono,,,
5,Necklace,2067,獣の牙,SS,,SS,,A,,A,,A,,,,,
5,Necklace,2068,羽の念珠,SS,,SS,,A,,A,,A,,,,,
5,Glove,2069,神の手,S,,S,,SS,,S,,A,,Kimono,,,
5,Left Hand,2070,念の錫杖,A,,S,,SS,,S,,S,,,,,
5,Front Bg.,2071,魂の封印,A,,SS,,SS,,A,,S,,Kimono,,,
5,Back,2072,天玄羽,SS,,SS,,S,,A,,A,,,,,
5,Right Arm,2073,輪廻の結び,A,,S,,SS,,S,,A,,,,,
5,Left Arm,2074,前世の光,A,,S,,SS,,SS,,A,,,,,
5,Front Bg.,2075,魔法の葉,S,,,SS,,A,,SS,,A,,,,
5,Hat,2076,忘れぬ思い出,A,,,S,,S,,SS,,A,,,,
5,Hairpin,2077,狸姫の魔法,,S,,SS,,S,,A,,S,,,,
5,Right Hand,2078,再開の宴,A,,,SS,,SS,,S,,A,,,,
5,Brooch,2079,秘密の袋,S,,S,,,S,,SS,,S,,,,
5,Tail,2080,狸の尻尾,A,,,SS,,SS,,S,,A,,,,
5,Ground,2081,狸ちゃん,A,,SS,,SS,,,A,,S,Pet,,,
5,Background,2082,Magical blue gem,S,,,SS,,SS,,A,,A,,,,
5,Hat,2083,琴の音色,A,,SS,,SS,,A,,S,,kimono,,,
5,Ground,2084,骸の台座,SS,,A,,S,,SS,,A,,,,,
5,Front Bg.,2085,青い鬼火,S,,,S,,S,,A,,S,Pet,,,
5,Hat,2086,悪魔,A,,SS,,S,,S,,,A,,,,
5,Ground,2087,黄泉の酒,SS,,A,,SS,,S,,,S,Ethnic,,,
5,Mid. Object,2088,運命の箱,S,,SS,,SS,,A,,,A,,,,
5,Background,2089,骸骨の王座,SS,,SS,,A,,S,,,A,Ethnic,,,
,,2090,,,,,,,,,,,,,,,
,,2091,,,,,,,,,,,,,,,
,,2092,,,,,,,,,,,,,,,
,,2093,,,,,,,,,,,,,,,
,,2094,,,,,,,,,,,,,,,
,,2095,,,,,,,,,,,,,,,
,,2096,,,,,,,,,,,,,,,
,,2097,,,,,,,,,,,,,,,
,,2098,,,,,,,,,,,,,,,
,,2099,,,,,,,,,,,,,,,
,,2100,,,,,,,,,,,,,,,
5,Background,2101,魂の卓,A,,SS,,SS,,A,,,S,,,,
,,2102,,,,,,,,,,,,,,,
,,2103,,,,,,,,,,,,,,,
,,2104,,,,,,,,,,,,,,,
,,2105,,,,,,,,,,,,,,,
,,2106,,,,,,,,,,,,,,,
,,2107,,,,,,,,,,,,,,,
,,2108,,,,,,,,,,,,,,,
,,2109,,,,,,,,,,,,,,,
5,Front Bg.,2110,緋傘,SS,,SS,,A,,A,,,A,,,,
,,2111,,,,,,,,,,,,,,,
,,2112,,,,,,,,,,,,,,,
,,2113,,,,,,,,,,,,,,,
,,2114,,,,,,,,,,,,,,,
4,Hat,2115,天然のツインテール,S,,,S,,S,,A,,A,,,,
4,Right Arm,2116,ツインテール記念,B,,,S,,A,,SS,,A,,,,
,,2117,,,,,,,,,,,,,,,
,,2118,,,,,,,,,,,,,,,
,,2119,,,,,,,,,,,,,,,
,,2120,,,,,,,,,,,,,,,
,,2121,,,,,,,,,,,,,,,
,,2122,,,,,,,,,,,,,,,
,,2123,,,,,,,,,,,,,,,
,,2124,,,,,,,,,,,,,,,
,,2125,,,,,,,,,,,,,,,
5,Right Hand,2126,一気飲み,S,,A,,SS,,S,,,A,,,,
5,Necklace,2127,赤色の帰着,S,,S,,A,,SS,,,S,,,,
,,2128,,,,,,,,,,,,,,,
5,Glove,2129,運命の鎖,SS,,SS,,A,,A,,,S,,,,
5,Tattoo,2130,悪魔の花,SS,,A,,A,,SS,,,A,Ethnic,,,
,,2131,,,,,,,,,,,,,,,
,,2132,,,,,,,,,,,,,,,
,,2133,,,,,,,,,,,,,,,
,,2134,,,,,,,,,,,,,,,
,,2135,,,,,,,,,,,,,,,
,,2136,,,,,,,,,,,,,,,
,,2137,,,,,,,,,,,,,,,
,,2138,,,,,,,,,,,,,,,
,,2139,,,,,,,,,,,,,,,
,,2140,,,,,,,,,,,,,,,
,,2141,,,,,,,,,,,,,,,
,,2142,,,,,,,,,,,,,,,
,,2143,,,,,,,,,,,,,,,
,,2144,,,,,,,,,,,,,,,
,,2145,,,,,,,,,,,,,,,
,,2146,,,,,,,,,,,,,,,
,,2147,,,,,,,,,,,,,,,
,,2148,,,,,,,,,,,,,,,
,,2149,,,,,,,,,,,,,,,
,,2150,,,,,,,,,,,,,,,
,,2151,,,,,,,,,,,,,,,
,,2152,,,,,,,,,,,,,,,
,,2153,,,,,,,,,,,,,,,
,,2154,,,,,,,,,,,,,,,
,,2155,,,,,,,,,,,,,,,
,,2156,,,,,,,,,,,,,,,
,,2157,,,,,,,,,,,,,,,
,,2158,,,,,,,,,,,,,,,
,,2159,,,,,,,,,,,,,,,
,,2160,,,,,,,,,,,,,,,
,,2161,,,,,,,,,,,,,,,
,,2162,,,,,,,,,,,,,,,
,,2163,,,,,,,,,,,,,,,
,,2164,,,,,,,,,,,,,,,
,,2165,,,,,,,,,,,,,,,
,,2166,,,,,,,,,,,,,,,
,,2167,,,,,,,,,,,,,,,
,,2168,,,,,,,,,,,,,,,
,,2169,,,,,,,,,,,,,,,
,,2170,,,,,,,,,,,,,,,
,,2171,,,,,,,,,,,,,,,
,,2172,,,,,,,,,,,,,,,
,,2173,,,,,,,,,,,,,,,
,,2174,,,,,,,,,,,,,,,
,,2175,,,,,,,,,,,,,,,
,,2176,,,,,,,,,,,,,,,
,,2177,,,,,,,,,,,,,,,
,,2178,,,,,,,,,,,,,,,
,,2179,,,,,,,,,,,,,,,
,,2180,,,,,,,,,,,,,,,
,,2181,,,,,,,,,,,,,,,
,,2182,,,,,,,,,,,,,,,
,,2183,,,,,,,,,,,,,,,
,,2184,,,,,,,,,,,,,,,
,,2185,,,,,,,,,,,,,,,
,,2186,,,,,,,,,,,,,,,
,,2187,,,,,,,,,,,,,,,
5,Front Bg.,2188,桜吹雪,A,,SS,,,A,,SS,,A,,,,
5,Veil,2189,花嫁の綿帽子,A,,S,,,S,,SS,,S,wedding,kimono,,
5,Hairpin,2190,祝福の桜,SS,,SS,,,S,,S,,A,Kimono,,,
5,Left Hand,2191,薫る花の扇,SS,,SS,,,A,,A,,S,Kimono,,,
4,Right Hand,2192,チョコレート,A,,,A,,SS,,S,,S,,,,
,,2193,,,,,,,,,,,,,,,
,,2194,,,,,,,,,,,,,,,
,,2195,,,,,,,,,,,,,,,
4,Veil,2196,幸せの冠,A,,S,,S,,A,,S,,Kimono,,,
4,Hat,2197,桃の節句,S,,S,,A,,S,,A,,Kimono,,,
4,Left Hand,2198,華やかな春,A,,SS,,S,,A,,A,,,,,
4,Front Bg.,2199,夢灯し,SS,,S,,A,,,A,A,,,,,
,,2200,,,,,,,,,,,,,,,
,,2201,,,,,,,,,,,,,,,
,,2202,,,,,,,,,,,,,,,
,,2203,,,,,,,,,,,,,,,
,,2204,,,,,,,,,,,,,,,
4,Hat,2205,レースアイマスク,B,,,SS,,SS,A,,,A,,,,
4,Necklace,2206,レースチョーカー,A,,,SS,,A,SS,,,B,,,,
4,Right Hand,2207,リボン付き枕,A,,,B,,SS,,S,,A,,,,
,,2208,,,,,,,,,,,,,,,
,,2209,,,,,,,,,,,,,,,
,,2210,,,,,,,,,,,,,,,
,,2211,,,,,,,,,,,,,,,
,,2212,,,,,,,,,,,,,,,
,,2213,,,,,,,,,,,,,,,
,,2214,,,,,,,,,,,,,,,
,,2215,,,,,,,,,,,,,,,
,,2216,,,,,,,,,,,,,,,
,,2217,,,,,,,,,,,,,,,
,,2218,,,,,,,,,,,,,,,
,,2219,,,,,,,,,,,,,,,
,,2220,,,,,,,,,,,,,,,
,,2221,,,,,,,,,,,,,,,
,,2222,,,,,,,,,,,,,,,
,,2223,,,,,,,,,,,,,,,
,,2224,,,,,,,,,,,,,,,
,,2225,,,,,,,,,,,,,,,
,,2226,,,,,,,,,,,,,,,
,,2227,,,,,,,,,,,,,,,
,,2228,,,,,,,,,,,,,,,
,,2229,,,,,,,,,,,,,,,
,,2230,,,,,,,,,,,,,,,
,,2231,,,,,,,,,,,,,,,
,,2232,,,,,,,,,,,,,,,
,,2233,,,,,,,,,,,,,,,
,,2234,,,,,,,,,,,,,,,
,,2235,,,,,,,,,,,,,,,
,,2236,,,,,,,,,,,,,,,
,,2237,,,,,,,,,,,,,,,
,,2238,,,,,,,,,,,,,,,
,,2239,,,,,,,,,,,,,,,
,,2240,,,,,,,,,,,,,,,
,,2241,,,,,,,,,,,,,,,
,,2242,,,,,,,,,,,,,,,
,,2243,,,,,,,,,,,,,,,
,,2244,,,,,,,,,,,,,,,
,,2245,,,,,,,,,,,,,,,
,,2246,,,,,,,,,,,,,,,
,,2247,,,,,,,,,,,,,,,
,,2248,,,,,,,,,,,,,,,
,,2249,,,,,,,,,,,,,,,
,,2250,,,,,,,,,,,,,,,
,,2251,,,,,,,,,,,,,,,
,,2252,,,,,,,,,,,,,,,
,,2253,,,,,,,,,,,,,,,
,,2254,,,,,,,,,,,,,,,
,,2255,,,,,,,,,,,,,,,
,,2256,,,,,,,,,,,,,,,
,,2257,,,,,,,,,,,,,,,
,,2258,,,,,,,,,,,,,,,
,,2259,,,,,,,,,,,,,,,
,,2260,,,,,,,,,,,,,,,
,,2261,,,,,,,,,,,,,,,
,,2262,,,,,,,,,,,,,,,
,,2263,,,,,,,,,,,,,,,
,,2264,,,,,,,,,,,,,,,
,,2265,,,,,,,,,,,,,,,
,,2266,,,,,,,,,,,,,,,
,,2267,,,,,,,,,,,,,,,
,,2268,,,,,,,,,,,,,,,
,,2269,,,,,,,,,,,,,,,
,,2270,,,,,,,,,,,,,,,
,,2271,,,,,,,,,,,,,,,
,,2272,,,,,,,,,,,,,,,
,,2273,,,,,,,,,,,,,,,
,,2274,,,,,,,,,,,,,,,
,,2275,,,,,,,,,,,,,,,
,,2276,,,,,,,,,,,,,,,
,,2277,,,,,,,,,,,,,,,
,,2278,,,,,,,,,,,,,,,
,,2279,,,,,,,,,,,,,,,
,,2280,,,,,,,,,,,,,,,
,,2281,,,,,,,,,,,,,,,
,,2282,,,,,,,,,,,,,,,
,,2283,,,,,,,,,,,,,,,
,,2284,,,,,,,,,,,,,,,
,,2285,,,,,,,,,,,,,,,
,,2286,,,,,,,,,,,,,,,
,,2287,,,,,,,,,,,,,,,
5,Front Bg.,2288,桜乱舞,A,,SS,,,A,,SS,,A,,,,
5,Veil,2289,始まりの春,SS,,SS,,,A,,S,,A,Kimono,,,
5,Hairpin,2290,花灯,S,,S,,,S,,SS,,A,,,,
5,Necklace,2291,夢見草,SS,,SS,,A,,,A,,A,,,,
,,2292,,,,,,,,,,,,,,,
5,Veil,2293,終わりの春,SS,,SS,,A,,,S,,A,Kimono,,,
5,Hat,2294,さくらもちうさぎ,A,,,SS,,SS,,A,,A,pet,,,
5,Hairpin,2295,花びらの舞,A,,,S,,SS,,SS,,A,,,,
5,Hairpin,2296,春の音,S,,S,,,S,,SS,,A,,,,
5,Right Hand,2297,桜の香,A,,SS,,,A,,SS,,S,Lolita,,,
4,Right Hand,2298,卒業証書,B,,SS,,S,,,A,,S,Preppy,,,
,,2299,,,,,,,,,,,,,,,
,,2300,,,,,,,,,,,,,,,
,,2301,,,,,,,,,,,,,,,
,,2302,,,,,,,,,,,,,,,
,,2303,,,,,,,,,,,,,,,
,,2304,,,,,,,,,,,,,,,
,,2305,,,,,,,,,,,,,,,
,,2306,,,,,,,,,,,,,,,
,,2307,,,,,,,,,,,,,,,
,,2308,,,,,,,,,,,,,,,
,,2309,,,,,,,,,,,,,,,
,,2310,,,,,,,,,,,,,,,
,,2311,,,,,,,,,,,,,,,
,,2312,,,,,,,,,,,,,,,
,,2313,,,,,,,,,,,,,,,
,,2314,,,,,,,,,,,,,,,
,,2315,,,,,,,,,,,,,,,
,,2316,,,,,,,,,,,,,,,
,,2317,,,,,,,,,,,,,,,
,,2318,,,,,,,,,,,,,,,
,,2319,,,,,,,,,,,,,,,
,,2320,,,,,,,,,,,,,,,
,,2321,,,,,,,,,,,,,,,
,,2322,,,,,,,,,,,,,,,
,,2323,,,,,,,,,,,,,,,
,,2324,,,,,,,,,,,,,,,
,,2325,,,,,,,,,,,,,,,
,,2326,,,,,,,,,,,,,,,
,,2327,,,,,,,,,,,,,,,
,,2328,,,,,,,,,,,,,,,
,,2329,,,,,,,,,,,,,,,
,,2330,,,,,,,,,,,,,,,
,,2331,,,,,,,,,,,,,,,
,,2332,,,,,,,,,,,,,,,
,,2333,,,,,,,,,,,,,,,
,,2334,,,,,,,,,,,,,,,
,,2335,,,,,,,,,,,,,,,
,,2336,,,,,,,,,,,,,,,
,,2337,,,,,,,,,,,,,,,
,,2338,,,,,,,,,,,,,,,
,,2339,,,,,,,,,,,,,,,
,,2340,,,,,,,,,,,,,,,
,,2341,,,,,,,,,,,,,,,
,,2342,,,,,,,,,,,,,,,
,,2343,,,,,,,,,,,,,,,
,,2344,,,,,,,,,,,,,,,
,,2345,,,,,,,,,,,,,,,
,,2346,,,,,,,,,,,,,,,
,,2347,,,,,,,,,,,,,,,
,,2348,,,,,,,,,,,,,,,
,,2349,,,,,,,,,,,,,,,
,,2350,,,,,,,,,,,,,,,
,,2351,,,,,,,,,,,,,,,
,,2352,,,,,,,,,,,,,,,
,,2353,,,,,,,,,,,,,,,
,,2354,,,,,,,,,,,,,,,
,,2355,,,,,,,,,,,,,,,
,,2356,,,,,,,,,,,,,,,
,,2357,,,,,,,,,,,,,,,
,,2358,,,,,,,,,,,,,,,
,,2359,,,,,,,,,,,,,,,
,,2360,,,,,,,,,,,,,,,
,,2361,,,,,,,,,,,,,,,
,,2362,,,,,,,,,,,,,,,
,,2363,,,,,,,,,,,,,,,
,,2364,,,,,,,,,,,,,,,
,,2365,,,,,,,,,,,,,,,
,,2366,,,,,,,,,,,,,,,
,,2367,,,,,,,,,,,,,,,
,,2368,,,,,,,,,,,,,,,
,,2369,,,,,,,,,,,,,,,
,,2370,,,,,,,,,,,,,,,
,,2371,,,,,,,,,,,,,,,
5,Necklace,2372,戻らぬ時間,A,,SS,,S,,,SS,,A,,,,
5,Brooch,2373,医者への道,SS,,SS,,S,,,A,,A,,,,
5,Left Hand,2374,命の儚さ,,SS,SS,,S,,,A,,A,,,,
5,Hat,2375,小さい頃の約束,A,,,A,,SS,,SS,,A,Preppy,,,
5,Necklace,2376,幸せな学園生活,A,,,A,,SS,,SS,,S,,,,
5,Waist,2377,憧れの存在,A,,SS,,,S,,SS,,A,,,,
5,Right Hand,2378,心の封印,,SS,,S,,SS,,A,,A,,,,
5,Background,2379,Secret Paper Airplane,S,,,SS,,S,,SS,,A,,,,
,,2380,,,,,,,,,,,,,,,
,,2381,,,,,,,,,,,,,,,
,,2382,,,,,,,,,,,,,,,
,,2383,,,,,,,,,,,,,,,
,,2384,,,,,,,,,,,,,,,
,,2385,,,,,,,,,,,,,,,
,,2386,,,,,,,,,,,,,,,
,,2387,,,,,,,,,,,,,,,
,,2388,,,,,,,,,,,,,,,
,,2389,,,,,,,,,,,,,,,
,,2390,,,,,,,,,,,,,,,
,,2391,,,,,,,,,,,,,,,
,,2392,,,,,,,,,,,,,,,
,,2393,,,,,,,,,,,,,,,
,,2394,,,,,,,,,,,,,,,
,,2395,,,,,,,,,,,,,,,
,,2396,,,,,,,,,,,,,,,
,,2397,,,,,,,,,,,,,,,
,,2398,,,,,,,,,,,,,,,
,,2399,,,,,,,,,,,,,,,