"Welcome to the spreadsheet! Names of items need to be verified and sources still need to be included. Grey is for numbers that do not correspond to items. Teal is for items that need property data, comment to add since i'm tired of fixing the conditional formatting. Thanks for contributing. Gorgeous Simple Elegant Lively Mature Cute Sexy Pure Warm Cool",,,,,,,,,,,,,,,,
Rare,Item,Name,,,,,,,,,,,Tags,Tag 2,Sources,Set
2,1,Demeanor - Blue,,A,,A,,A,A,,,A,Denim,,"Recipe, Stage (4-6,m)",
2,2,Demeanor- Red,,a,,a,,a,s,,,a,Denim,,Customize,
2,3,Demeanor- Brown,,S,,S,,A,S,,,A,Denim,,Customize,
3,4,Assistant - Coat,s,,,a,,s,,s,a,,Unisex,,Recipe,
3,5,Sakura Raincoat,s,,,s,,a,,a,,a,Rainy Day,,Recipe,
,6,,,,,,,,,,,,,,,
,7,,,,,,,,,,,,,,,
2,8,Knit Vest - Blue,,S,B,,,A,,A,B,,Unisex,Britain,"Store, Mystery, Stage (3-3,m)",
2,9,Knit Vest- Brown,,s,,b,,a,,a,a,,Unisex,Britain,Customize,
2,10,Knit Vest-Pink,,A,B,,,A,,S,S,,Unisex,Britain,Customize,
3,11,Elite Vest,,S,A,,A,,A,,S,,Unisex,,"Mystery, Fantasy",
2,12,Lime Coat,,S,,A,,C,,A,,A,Unisex,,"Store, Stage (5-3,m)",
2,13,Pale Pink Coat,,S,B,,A,,,A,,B,Unisex,,Customize,
2,14,Light Brown Coat,,S,,S,B,,,A,,B,Unisex,,Customize,
3,15,Baseball Shirt-Black,,S,,A,,A,,A,S,,Unisex,,Recipe,
3,16,Baseball Shirt-Blue,,S,,S,,B,,S,A,,Unisex,,Customize,
4,17,Roland,,S,A,,S,,S,,,S,Unisex,,"Mystery, Fantasy",
5,18,Rose Garden,S,,S,,,S,,S,S,,Lolita,,Stage reward,
5,19,Steam Punk,S,,,A,,B,S,,,SS,European,,Exchanged Mystery,
4,20,Lady's Cloak,S,,S,,S,,,B,S,,European,,Fantasy,
3,21,Music Academy-Ink,,S,,A,,A,,A,S,,Preppy,Sun Care,Recipe,
3,22,Music Academy-Blue,,A,,A,,S,,A,S,,Preppy,Sun Care,Customize,
3,23,Music Academy-White,,A,,A,,A,,S,A,,Preppy,Sun Care,Customize,
4,24,Painter-Pink,,S,S,,A,,,S,S,,Sun Care,,Recipe,
4,25,Painter-Blue,,S,S,,,B,,SS,S,,Sun Care,,Customize,
4,26,Painter-Red,,S,,S,,C,,S,S,,Sun Care,,Customize,
4,27,Painter-White,,S,S,,,C,,SS,S,,Sun Care,,Customize,
3,28,Short Coat - Gray,,S,A,,S,,,A,A,,Unisex,Office,"Store, Mystery, Fantasy",
3,29,Short Coat-Beige,,A,A,,S,,,A,A,,Unisex,Office,Customize,
3,30,Short Coat-Orange,,A,S,,S,,,A,A,,Unisex,Office,Customize,
3,31,Short Coat-Blue,,A,S,,A,,A,,A,,Unisex,Office,Customize,
3,32,Office Beauty,,S,S,,A,,A,,A,,Office,,"Store, Mystery, Fantasy",
3,33,Cappuuccino,,S,B,,B,,,S,S,,Britain,,Recipe,
4,34,Colorful Butterfly,,S,B,,,S,,S,S,,Kimono,,Recipe,
4,35,Witch's Scarf,S,,S,,B,,,S,S,,Kimono,,Recipe,
3,36,Cowgirl,,S,,A,B,,S,,,S,Swordsman,,"Mystery, Fantasy, Stage (5-6,p)",
4,37,Cowboy Style,S,,,S,S,,A,,,S,Swordsman,,Evolution,
3,38,Pure Ink,,A,S,,S,,,A,C,,,,Store,
3,39,Trimmed T- Shirt,,S,,S,C,,S,,,S,Rock,,"Stage (1-8,m)",
4,40,Rebellious,S,,,S,,S,S,,B,,Rock,,Recipe,
3,41,Warm Robe,,S,,A,,A,,S,S,,Dryad,,"Mystery, Fantasy, Stage (3-10,p)",
4,42,Warm Robe-Rare,S,,,S,,A,,S,A,,Dryad,,Evolution,
,43,,,,,,,,,,,,,,,
4,44,Confession,,A,,S,,A,S,,S,,Dryad,,"Store, Mystery, Fantasy",
5,45,Pink Wings-Epic,S,,,A,,S,,S,,S,Classic China,Dance,Evolution,
5,46,Purple Wings-Epic,S,,B,,,SS,,SS,,S,Classic China,Dance,Customize,
3,47,Jellyfish,A,,,S,,S,,S,,A,Fairy,,"Mystery, Fantasy, Stage (4-1,p)",
5,48,Jellyfish-Rare,S,,,S,,S,,SS,,S,Fairy,,Evolution,
4,49,Orchid Cloak,A,,S,,,A,,S,S,,Classic China,,Mystery,
3,50,Equinox,S,,,A,,A,A,,,S,Kimono,,"Mystery, Fantasy, Stage (2-8,p)",
4,51,Higanbana-Rare,S,,A,,,B,S,,S,,Kimono,,"Evolution, Mystery, Fantasy",
5,52,Higanbana-Epic,SS,,S,,,A,S,,S,,Kimono,,Evolution,
,53,,,,,,,,,,,,,,,
,54,,,,,,,,,,,,,,,
4,55,Pink Wings,S,,ï¼Ÿ,,,A,,A,,A,Classic China,,"Mystery, Fantasy, Misty, Stage (3-4,p)",
4,56,Pink Wings-Rare,SS,,A,,,S,,S,,S,Classic China,,Evolution,
4,57,Montague Prince,S,,SS,,A,,S,,,B,Unisex,European,Recipe,
,58,,,,,,,,,,,,,,,
3,59,Home Beauty,S,,S,,A,,,B,,A,Modern China,,"Store, Mystery, Fantasy",
4,60,Iron Rose,,S,S,,S,,A,,A,,Unisex,Sun Care,"Mystery, Fantasy",
4,61,Sakura Rose,S,,,S,,S,,B,S,,Unisex,Sun Care,Customize,
,62,,,,,,,,,,,,,,,
,63,,,,,,,,,,,,,,,
,64,,,,,,,,,,,,,,,
3,65,Autumn Bird,,A,,S,,S,,B,A,,Winter,,Recipe,
,66,,,,,,,,,,,,,,,
,67,,,,,,,,,,,,,,,
4,68,Nanny's Gift,,A,,S,,S,,S,S,,Winter,,"Store, Mystery, Fantasy",
3,69,Winter Coat,,A,,A,,S,,A,A,,Winter,,"Mystery, Fantasy",
4,70,Delicious Pastry,S,,,S,,S,S,,,S,Maiden,Apron,Store,
3,71,Gentle Waiter-Vest,,S,S,,S,,A,,A,,Unisex,Office,Recipe,
3,72,Polite Waiter-Vest,,A,S,,A,,S,,S,,Unisex,Office,Customize,
3,73,Humorous Waiter-Vest,,A,S,,A,,A,,A,,Unisex,Office,Customize,
3,74,Obedient Waiter-Vest,,S,S,,A,,S,,A,,Unisex,Office,Customize,
4,75,Lunar December,S,,,S,,S,,S,A,,Winter,Modern China,Recipe,
3,76,Gentle Doctor,,A,A,,A,,,S,A,,Paramedics,,Recipe,
4,77,Glorious Gear,S,,A,,A,,S,,,S,European,Unisex,Contest Store,
5,78,Star Prophecy,SS,,SS,,,SS,SS,,,SS,Paramedics,,"Mystery, Fantasy",
,79,,,,,,,,,,,,,,,
3,80,Chiffon Coat,,S,S,,C,,A,,,S,Homewear,,Store,
,81,,,,,,,,,,,,,,,
5,82,Her Majesty,S,,S,,SS,,,B,S,,,,Store,
4,83,Countess' Shawl,S,,S,,,B,,B,SS,,Europe,,"Store, Mystery, Fantasy",
2,84,Gray Scale,,S,,B,,A,,A,A,,Sports,,Store,
,85,,,,,,,,,,,,,,,
3,86,Green Plaid,,A,,S,B,,,S,,S,,,Store,
3,87,Denim Jacket,,S,,A,,S,C,,,S,Unisex,Denim,"Store, Mystery, Fantasy",
3,88,Black Jacket,,A,S,,A,,,S,A,,Office,,"Mystery, Fantasy",
3,89,White Plaid Jacket,,A,S,,S,,,A,A,,Office,,Customize,
,90,,,,,,,,,,,,,,,
4,91,Down Vest,,S,,A,,S,,S,S,,Winter,,"Mystery, Fantasy",
,92,,,,,,,,,,,,,,,
,93,,,,,,,,,,,,,,,
2,94,Shirt-Style Coat,,A,A,,A,,,A,A,,,,Store,
,95,,,,,,,,,,,,,,,
3,96,Scarf Cardigan,,S,,S,B,,A,,,S,,,"Mystery, Fantasy",
3,97,Blossoming Flowers,,A,,A,,A,,A,A,,Dyrad,,"Store, Mystery, Fantasy",
3,98,Meow-Wee,B,,B,,SS,,B,,SS,,,,Store,
3,99,Soda Beverage,,A,,A,,S,,S,A,,Sports,,Store,
2,100,Boundless Snow,,A,B,,,A,,S,A,,Winter,,"Store, Mystery",
3,101,Blue-dyed Jacket,S,,S,,B,,,S,,B,,,Store,
3,102,Common Coat,,A,A,,S,,,S,A,,Office,,"Stage (4-2,m), (9-6,m), (12-3,m) (13-9,m)",
,103,,,,,,,,,,,,,,,
2,104,Grey Plaid Coat,,A,,C,,A,,A,S,,Sports,,Mystery,
3,105,Postcard Box,,C,S,,A,,,S,S,,Britain,,Store,
3,106,Emperor's Woman,,S,,A,A,,A,,S,,Rock,,"Mystery, Fantasy",
3,107,Little Secretary,,S,A,,,S,,A,A,,Sun Care,,"Store, Mystery, Fantasy",
,108,,,,,,,,,,,,,,,
4,109,Gray Plaid Coat,,S,S,,,A,,A,S,,Britain,,"Store, Mystery, Fantasy",
,110,,,,,,,,,,,,,,,
3,111,Sweater Vest,,S,,B,,A,,S,S,,,,"Mystery, Fantasy",
,112,,,,,,,,,,,,,,,
4,113,Lady's Cape,,B,S,,A,,,S,SS,,Dryad,,"Mystery, Fantasy",
3,114,Plain Beige,,S,A,,A,,,S,A,,Sun Care,,Recipe,
,115,,,,,,,,,,,,,,,
4,116,Silent Rose,,A,,S,,A,A,,SS,,Winter,,"Stage (7-7,m)",
3,117,Social Practice,,S,,S,,A,,S,C,,Denim,,"Mystery, Fantasy",
3,118,Composite Jacket,,S,S,,B,,,S,A,,Floral,,"Store, Mystery, Fantasy",
,119,,,,,,,,,,,,,,,
,120,,,,,,,,,,,,,,,
3,121,Cloth Robe,,A,S,,B,,,A,S,,Floral,,"Mystery, Fantasy",
,122,,,,,,,,,,,,,,,
3,123,Slim Cotton Coat,,S,,A,B,,,S,S,,,,"Mystery, Fantasy",
3,124,Cardigan,,S,A,,,C,,A,,S,,,"Mystery, Fantasy",
4,125,Snow Mountain Gift,,B,S,,S,,S,,,S,,,Store,
,126,,,,,,,,,,,,,,,
3,127,Course of Life,,B,S,,A,,,S,,A,,,"Mystery, Fantasy",
3,128,Stranger,A,,S,,,A,A,,,A,,,"Mystery, Fantasy",
3,129,Station of Departure,,A,A,,,A,,S,S,,,,"Mystery, Fantasy",
3,130,Belfry,S,,S,,B,,B,,S,,,,Fantasy,
3,131,Calla,,S,B,,,A,,S,,S,,,"Mystery, Fantasy",
3,132,Ode to Starry Night,,A,,A,,A,,A,,A,,,Store,
5,133,Plumage of Snowland,S,,S,,S,,S,,,S,,,Store,
4,134,Irreplacable,,S,,A,S,,,A,S,,,,"Mystery, Fantasy",
3,135,Hard Rock,S,,,S,B,,A,,S,,Rock,,Recipe,Apple - Rock Singer
,136,,,,,,,,,,,,,,,
3,137,Suit Jacket,A,,S,,A,,A,,S,,,,"Store, Mystery, Fantasy",
2,138,Mink Shawl,,C,S,,S,,B,,S,,,,Store,
4,139,Blind Love,,S,S,,,A,,S,A,,,,"Mystery, Fantasy",
4,140,Lively Song,S,,,SS,,A,A,,,S,,,Exchanged in Mystery,
,141,Strawberry Chocolate,,,,,,,,,,,,,"VIP, Fantasy",
3,142,Beach Volleyball,,A,,S,,A,S,,,A,,,"Mystery, Fantasy",
3,143,Pink Snowflake,,S,,A,,A,,S,B,,,,"Mystery, Fantasy",
4,144,Sewing Class-Purple,,S,,A,,S,,A,S,,,,"Store, Mystery, Fantasy",
,145,,,,,,,,,,,,,,,
3,146,Mini Oven,,S,,S,,S,,A,A,,Pet,Sun Care,"Store, Mystery, Fantasy",
4,147,Foggy Street,S,,,S,B,,,S,,S,Sun Care,Lolita,"Mystery, Fantasy",
3,148,Slim-fit Suit,S,,,S,,B,S,,,B,Office,,Store,
4,149,Special Operations,S,,,SS,A,,S,,,S,Rock,Swordsman,Recipe,
4,150,Shade of Ink,A,,S,,,S,,S,A,,Modern China,,"Mystery, Fantasy, Misty",
3,151,White Bat,,A,S,,,C,,S,S,,Winter,,Recipe,
3,152,Rainy Days,,A,S,,,B,,S,S,,Britain,,"Store, Mystery, Fantasy",
3,153,Hard Notebook,,S,,S,S,,,B,,S,,,Store,
3,154,Sewing Class-Blue,,S,,A,,A,,S,A,,"Britain, Denim",Denim,"Mystery, Fantasy",
3,155,Leaf Raincoat,,S,,S,,A,,A,,A,Rainy Day,,"Stage (3-2,m), Association Store",
,156,,,,,,,,,,,,,,,
,157,,,,,,,,,,,,,,,
,158,,,,,,,,,,,,,,,
3,159,Thousand Dust,,B,S,,S,,,B,,S,Chinese Classical,,,
,160,,,,,,,,,,,,,,,
,161,,,,,,,,,,,,,,,
,162,,,,,,,,,,,,,,,
3,163,Orchid Mist,,B,S,,A,,,S,A,,Classic China,,Store,
,164,,,,,,,,,,,,,,,
,165,,,,,,,,,,,,,,,
,166,,,,,,,,,,,,,,,
,167,,,,,,,,,,,,,,,
3,168,Design Director,,B,S,,S,,B,,S,,Unisex,,"Stage (4-1,m)",
3,169,Leopard Cardigan - Cold,S,,S,,A,,A,,S,,,,Store,
3,170,Leopard Cardigan-Warm,B,,S,,S,,S,,A,,,,Customize,
3,171,Glowworm Dust,,S,B,,,A,,S,,S,,,Store,
,172,,,,,,,,,,,,,,,
,173,,,,,,,,,,,,,,,
,174,,,,,,,,,,,,,,,
,175,,,,,,,,,,,,,,,
4,176,Colorful Butterfly-Flower,A,,A,,,A,,A,SS,,Kimono,,Customize,
4,177,Colorful Butterfly-Orchid,S,,S,,S,,,B,S,,Kimono,,Customize,
4,178,Colorful Butterfly-Green,A,,A,,A,,,SS,SS,,Kimono,,Customize,
4,179,Trimmed T-Shirt-Blue,,S,,S,B,,B,,,S,Rock,,Customize,
3,180,Trimmed T-Shirt-Black,,A,,S,B,,S,,,A,Rock,,Customize,
3,181,Trimmed T-Shirt-Coffee,,S,,B,B,,S,,,S,Rock,,Customize,
,182,,,,,,,,,,,,,,,
,183,,,,,,,,,,,,,,,
,184,,,,,,,,,,,,,,,
,185,,,,,,,,,,,,,,,
,186,,,,,,,,,,,,,,,
,187,,,,,,,,,,,,,,,
,188,,,,,,,,,,,,,,,
,189,,,,,,,,,,,,,,,
,190,,,,,,,,,,,,,,,
,191,,,,,,,,,,,,,,,
,192,,,,,,,,,,,,,,,
,193,,,,,,,,,,,,,,,
,194,,,,,,,,,,,,,,,
,195,,,,,,,,,,,,,,,
,196,,,,,,,,,,,,,,,
,197,,,,,,,,,,,,,,,
,198,,,,,,,,,,,,,,,
,199,,,,,,,,,,,,,,,
3,200,Prosperity,,S,S,,A,,B,,C,,Modern China,Goddess,"Mystery, Fantasy, Misty",
4,201,Prosperity-Rare,S,,SS,,SS,,A,,A,,Modern China,Goddess,"Evolution, Mystery, Fantasy",
5,202,Prosperity-Epic,S,,SS,,SS,,S,,S,,Modern China,Goddess,Evolution,
4,203,Office Lady,,B,SS,,S,,,B,S,,Unisex,,Store,
3,204,Tribal Shawl,,A,,S,,B,,A,S,,,,Contest Store,
5,205,Flower Moon Cloak,,A,S,,SS,,SS,,,A,Modern China,,"Misty, Exchanged using Jade",
3,206,Duo Moon,,A,A,,,S,,S,,A,Classic China,,Misty,
3,207,Azure Garment,,B,S,,A,,,S,,A,Classic China,,Customize,
3,208,Robe of Snow,,A,B,,,S,,S,,A,Classic China,,Customize,
3,209,Bamboo Shadows,,B,S,,A,,,S,,B,Classic China,,Customize,
4,210,Flower Letters,,S,SS,,,A,,A,,A,Classic China,,Misty,
4,211,Camouflage Coat,,A,,SS,B,,SS,,,A,Military,,Recipe,
5,212,Qiuyong Moon,A,,S,,S,,,SS,,S,Classic China,,"Misty, Exchanged using Jade",
6,213,Luster Brocade,,A,SS,,S,,,SS,,A,,,Recipe,
6,214,Luster Brocade-Purple,,A,SS,,SS,,S,,,S,,,Customize,
4,215,Stripe Gentleman-Jacket,,S,SS,,A,,,A,A,,Unisex,,Recipe,
5,216,Galaxy Scarf-Epic,A,,SS,,,S,SS,,,A,,,Evolution,
5,217,Diamond Shadow-Rare,S,,SS,,A,,A,,S,,Unisex,European,Evolution,
3,218,Forest Song,,A,,S,,S,,A,,A,,,"Stage (8-2,m)",
5,219,Sheep Coat-Rare,SS,,,A,,SS,,A,A,,,,Evolution,
4,220,Carefree Youth-Yellow,,A,,SS,,A,,S,B,,,,Association Store,
4,221,Carefree Youth-Green,,A,,A,,S,,SS,A,,,,Customize,
3,222,Mist Forest,A,,S,,S,,A,,,B,,,Recipe,
4,223,Mist Forest-Rare,S,,A,,SS,,A,,,A,,,Evolution,
5,224,Mist Forest-Epic,SS,,SS,,A,,A,,,S,,,Evolution,
5,225,Dark Forest-Epic,S,,A,,SS,,SS,,,A,,,Customize,
4,226,Camellia Brocade,,S,SS,,B,,,A,,S,,,Recipe,
5,227,Camellia Satin-Rare,,SS,SS,,S,,,B,,S,,,Evolution,
,228,,,,,,,,,,,,,,,
,229,,,,,,,,,,,,,,,
3,230,Famous Lady,,S,B,,S,,,B,,A,Gothic,,,
4,231,Famous Lady-Rare,A,,SS,,SS,,,A,,A,Gothic,,,
5,232,Famous Lady-Epic,SS,,A,,SS,,,S,,A,Gothic,,,
3,233,Galaxy Scarf,A,,,S,,A,B,,,S,,,,
4,234,Galaxy Scarf-Rare,A,,,S,,A,A,,,S,,,,
,235,,,,,,,,,,,,,,,
4,236,Sheep Coat,,S,,A,,SS,,A,S,,Winter,Pet,,
,237,,,,,,,,,,,,,,,
,238,,,,,,,,,,,,,,,
4,239,Diamond Shadow,SS,,S,,S,,A,,B,,European,Unisex,Association Store,
,240,,,,,,,,,,,,,,,
,241,,,,,,,,,,,,,,,
,242,,,,,,,,,,,,,,,
4,243,Maple Leaf Coat,,A,SS,,S,,,B,A,,Winter,,,
3,244,Silk Jacket (White) jp,,S,B,,S,,A,,A,,,,jp,
3,245,Silk Jacket (Black) jp,,S,B,,S,,A,,B,,,,jp,
4,246,Lace Jacket (White) jp,,B,SS,,S,,,A,A,,,,jp,
4,247,Lace Jacket (Moon) jp,,A,S,,SS,,,A,A,,,,jp,
4,248,Lace Jacket (Peach) jp,,A,S,,SS,,,A,A,,,,jp,
4,249,Lace Jacket (Black) jp,,A,SS,,S,,,A,A,,,,jp,
,250,,,,,,,,,,,,,,,
2,251,Country Tassel,,S,,A,,B,,S,B,,,,,
3,252,Country Tassel-Rare,A,,S,,,A,,S,B,,,,,
4,253,Country Tassel-Epic,SS,,B,,,A,,SS,A,,,,,
,254,,,,,,,,,,,,,,,
,255,,,,,,,,,,,,,,,
,256,,,,,,,,,,,,,,,
,257,,,,,,,,,,,,,,,
,258,,,,,,,,,,,,,,,
,259,,,,,,,,,,,,,,,
,260,,,,,,,,,,,,,,,
,261,,,,,,,,,,,,,,,
,262,,,,,,,,,,,,,,,
,263,,,,,,,,,,,,,,,
,264,,,,,,,,,,,,,,,
5,265,Mirage Cloak,A,,S,,A,,S,,A,,,,Fantasy,Pigeon - Master Magician
5,266,Snow Shawl,SS,,S,,A,,A,,A,,,,,
,267,,,,,,,,,,,,,,,
,268,,,,,,,,,,,,,,,
4,269,Hot Summer-Red,,A,,SS,,S,,A,,A,,,,
4,270,Hot Summer-Black,,A,B,,S,,SS,,,A,,,,
4,271,Hot Summer - Pink,,A,,S,,SS,,A,,B,,,Customize,
,272,,,,,,,,,,,,,,,
,273,,,,,,,,,,,,,,,
,274,,,,,,,,,,,,,,,
,275,,,,,,,,,,,,,,,
,276,,,,,,,,,,,,,,,
,277,,,,,,,,,,,,,,,
,278,,,,,,,,,,,,,,,
4,279,Memorial Paper,A,,,A,,S,,SS,A,,Modern China,,,
3,280,Sky Blue Cape jp,,S,,B,,B,,S,A,,,,jp,
4,281,Sky Blue Mantle jp,A,,SS,,B,,,S,A,,,,jp,
5,282,Snow Fur Mantle jp,SS,,SS,,A,,,A,S,,,,jp,
,283,,,,,,,,,,,,,,,
,284,,,,,,,,,,,,,,,
,285,,,,,,,,,,,,,,,
,286,,,,,,,,,,,,,,,
,287,,,,,,,,,,,,,,,
,288,,,,,,,,,,,,,,,
,289,,,,,,,,,,,,,,,
,290,,,,,,,,,,,,,,,
,291,,,,,,,,,,,,,,,
,292,,,,,,,,,,,,,,,
,293,,,,,,,,,,,,,,,
,294,,,,,,,,,,,,,,,
,295,,,,,,,,,,,,,,,
,296,,,,,,,,,,,,,,,
5,297,Soft and Warm,A,,SS,,,A,,SS,,A,,,Connect to facebook,Festivals - Pink Wishes
3,298,Cataclysmic Starry Sky jp,S,,S,,B,,,B,,A,,,jp,
,299,,,,,,,,,,,,,,,
4,300,Fur-Collared Jacket jp,A,,SS,,A,,A,,SS,,modern china,,jp,
4,301,New Year's Recollections jp,S,,SS,,A,,A,,A,,modern china,,jp,
,302,,,,,,,,,,,,,,,
,303,,,,,,,,,,,,,,,
,304,,,,,,,,,,,,,,,
,305,,,,,,,,,,,,,,,
,306,,,,,,,,,,,,,,,
,307,,,,,,,,,,,,,,,
,308,,,,,,,,,,,,,,,
,309,,,,,,,,,,,,,,,
,310,,,,,,,,,,,,,,,
,311,,,,,,,,,,,,,,,
,312,,,,,,,,,,,,,,,
,313,,,,,,,,,,,,,,,
,314,,,,,,,,,,,,,,,
,315,,,,,,,,,,,,,,,
3,316,Heartful Vest jp,,S,,B,,A,,S,,A,,,jp event,
,317,,,,,,,,,,,,,,,
,318,,,,,,,,,,,,,,,
,319,,,,,,,,,,,,,,,
,320,,,,,,,,,,,,,,,
,321,,,,,,,,,,,,,,,
,322,,,,,,,,,,,,,,,
,323,,,,,,,,,,,,,,,
,324,,,,,,,,,,,,,,,
,325,,,,,,,,,,,,,,,
,326,,,,,,,,,,,,,,,
,327,,,,,,,,,,,,,,,
,328,,,,,,,,,,,,,,,
,329,,,,,,,,,,,,,,,
,330,,,,,,,,,,,,,,,
,331,,,,,,,,,,,,,,,
,332,,,,,,,,,,,,,,,
,333,,,,,,,,,,,,,,,
5,334,Fool's Happiness jp,SS,,SS,,S,,A,,,A,European,,jp,
5,335,Fool's Sadness jp,SS,,SS,,S,,A,,,A,European,,jp,
,336,,,,,,,,,,,,,,,
,337,,,,,,,,,,,,,,,
,338,,,,,,,,,,,,,,,
,339,,,,,,,,,,,,,,,
,340,,,,,,,,,,,,,,,
,341,,,,,,,,,,,,,,,
,342,,,,,,,,,,,,,,,
,343,,,,,,,,,,,,,,,
,344,,,,,,,,,,,,,,,
,345,,,,,,,,,,,,,,,
,346,,,,,,,,,,,,,,,
,347,,,,,,,,,,,,,,,
,348,,,,,,,,,,,,,,,
,349,,,,,,,,,,,,,,,
,350,,,,,,,,,,,,,,,
,351,,,,,,,,,,,,,,,
,352,,,,,,,,,,,,,,,
,353,Flowers Umbrella,,,,,,,,,,,,,,
,354,Underglaze,,,,,,,,,,,,,,
,355,,,,,,,,,,,,,,,
,356,,,,,,,,,,,,,,,
,357,,,,,,,,,,,,,,,
,358,,,,,,,,,,,,,,,
,359,,,,,,,,,,,,,,,
,360,,,,,,,,,,,,,,,
,361,,,,,,,,,,,,,,,
,362,,,,,,,,,,,,,,,
,363,,,,,,,,,,,,,,,
,364,,,,,,,,,,,,,,,
,365,,,,,,,,,,,,,,,
,366,,,,,,,,,,,,,,,
,367,,,,,,,,,,,,,,,
,368,,,,,,,,,,,,,,,
,369,,,,,,,,,,,,,,,
,370,,,,,,,,,,,,,,,
,371,,,,,,,,,,,,,,,
,372,,,,,,,,,,,,,,,
,373,,,,,,,,,,,,,,,
,374,,,,,,,,,,,,,,,
,375,,,,,,,,,,,,,,,
,376,,,,,,,,,,,,,,,
,377,,,,,,,,,,,,,,,
,378,,,,,,,,,,,,,,,
,379,,,,,,,,,,,,,,,
,380,,,,,,,,,,,,,,,
,381,,,,,,,,,,,,,,,
,382,,,,,,,,,,,,,,,
,383,,,,,,,,,,,,,,,
,384,,,,,,,,,,,,,,,
,385,,,,,,,,,,,,,,,
,386,,,,,,,,,,,,,,,
,387,,,,,,,,,,,,,,,
,388,,,,,,,,,,,,,,,
5,389,Devilish White Coat jp,SS,,SS,,A,,A,,A,,Paramedic,,jp,
,390,,,,,,,,,,,,,,,
,391,,,,,,,,,,,,,,,
,392,,,,,,,,,,,,,,,
,393,,,,,,,,,,,,,,,
,394,,,,,,,,,,,,,,,
,395,,,,,,,,,,,,,,,
,396,,,,,,,,,,,,,,,
,397,,,,,,,,,,,,,,,
,398,,,,,,,,,,,,,,,
,399,,,,,,,,,,,,,,,
,400,,,,,,,,,,,,,,,
,401,,,,,,,,,,,,,,,
,402,,,,,,,,,,,,,,,
,403,,,,,,,,,,,,,,,
,404,,,,,,,,,,,,,,,
,405,,,,,,,,,,,,,,,
,406,,,,,,,,,,,,,,,
,407,,,,,,,,,,,,,,,
,408,,,,,,,,,,,,,,,
,409,,,,,,,,,,,,,,,
,410,,,,,,,,,,,,,,,
,411,,,,,,,,,,,,,,,
,412,,,,,,,,,,,,,,,
,413,,,,,,,,,,,,,,,
,414,,,,,,,,,,,,,,,
,415,,,,,,,,,,,,,,,
,416,,,,,,,,,,,,,,,
3,417,Soft Leather,A,,,B,,SS,S,,S,,Harajuku,,,Apple- Raspberry Pink Rock
,418,,,,,,,,,,,,,,,
5,419,Moon's Camaderie jp,A,,SS,,SS,,,A,A,,Kimono,,jp,
5,420,Moon's Camaderie-Gold jp,S,,A,,,SS,,SS,A,,Kimono,,jp,
5,421,Moon's Camaderie-Blue jp,SS,,SS,,A,,A,,A,,Kimono,,jp,
5,422,River's Name jp,A,,SS,,SS,,A,,S,,Kimono,,jp,
,423,,,,,,,,,,,,,,,
,424,,,,,,,,,,,,,,,
,425,,,,,,,,,,,,,,,
,426,,,,,,,,,,,,,,,
4,427,Script of Destiny jp,SS,,SS,,A,,A,,A,,,,jp,
4,428,Ginkgo Forest jp,A,,SS,,A,,SS,,A,,,,jp,
,429,,,,,,,,,,,,,,,
,430,,,,,,,,,,,,,,,
,431,,,,,,,,,,,,,,,
,432,,,,,,,,,,,,,,,
,433,,,,,,,,,,,,,,,
,434,,,,,,,,,,,,,,,
,435,,,,,,,,,,,,,,,
,436,,,,,,,,,,,,,,,
,437,,,,,,,,,,,,,,,
,438,,,,,,,,,,,,,,,
,439,,,,,,,,,,,,,,,
,440,,,,,,,,,,,,,,,
,441,,,,,,,,,,,,,,,
,442,,,,,,,,,,,,,,,
,443,,,,,,,,,,,,,,,
,444,,,,,,,,,,,,,,,
,445,,,,,,,,,,,,,,,
,446,,,,,,,,,,,,,,,
,447,,,,,,,,,,,,,,,
,448,,,,,,,,,,,,,,,
,449,,,,,,,,,,,,,,,
,450,,,,,,,,,,,,,,,
,451,,,,,,,,,,,,,,,
,452,,,,,,,,,,,,,,,
5,453,Kid's Companion jp,A,,SS,,A,,,SS,,A,,,jp event,
5,454,Promised Wish jp,SS,,SS,,,A,,A,,A,,,jp event,
,455,,,,,,,,,,,,,,,
,456,,,,,,,,,,,,,,,
,457,,,,,,,,,,,,,,,
5,458,Moonshadow (Coat),SS,,A,,A,,SS,,,S,,,jp event,
,459,,,,,,,,,,,,,,,
,460,,,,,,,,,,,,,,,
,461,,,,,,,,,,,,,,,
,462,,,,,,,,,,,,,,,
,463,,,,,,,,,,,,,,,
,464,,,,,,,,,,,,,,,
,465,,,,,,,,,,,,,,,
,466,,,,,,,,,,,,,,,
5,467,When Spring Comes jp,SS,,SS,,,S,,A,,A,Wedding,Kimono,jp event,
,468,,,,,,,,,,,,,,,
4,469,Gentle Dreamy Stole jp,B,,,S,,B,S,,,A,,,jp shop,
,470,,,,,,,,,,,,,,,
,471,,,,,,,,,,,,,,,
,472,,,,,,,,,,,,,,,
,473,,,,,,,,,,,,,,,
,474,,,,,,,,,,,,,,,
,475,,,,,,,,,,,,,,,
,476,,,,,,,,,,,,,,,
,477,,,,,,,,,,,,,,,
,478,,,,,,,,,,,,,,,
,479,,,,,,,,,,,,,,,
,480,,,,,,,,,,,,,,,
5,481,Mantle of Cherry Leaves jp,A,,SS,,,A,,S,,S,,,jp event,
5,482,Inviting Spring Wind jp,S,,SS,,S,,,SS,,S,,,jp event,
,483,,,,,,,,,,,,,,,
,484,,,,,,,,,,,,,,,
,485,,,,,,,,,,,,,,,
,486,,,,,,,,,,,,,,,
,487,,,,,,,,,,,,,,,
,488,,,,,,,,,,,,,,,
5,489,Promised Uniform,A,,SS,,SS,,,S,,A,Preppy,,jp event,
5,490,Truth,A,,SS,,SS,,,S,,S,Preppy,,jp event,
,491,,,,,,,,,,,,,,,
,492,,,,,,,,,,,,,,,
,493,,,,,,,,,,,,,,,
,494,,,,,,,,,,,,,,,
,495,,,,,,,,,,,,,,,
,496,,,,,,,,,,,,,,,
,497,,,,,,,,,,,,,,,
,498,,,,,,,,,,,,,,,
,499,,,,,,,,,,,,,,,
,500,,,,,,,,,,,,,,,
,501,,,,,,,,,,,,,,,
,502,,,,,,,,,,,,,,,
,503,,,,,,,,,,,,,,,
,504,,,,,,,,,,,,,,,
,505,,,,,,,,,,,,,,,
,506,,,,,,,,,,,,,,,
,507,,,,,,,,,,,,,,,
,508,,,,,,,,,,,,,,,
,509,,,,,,,,,,,,,,,
,510,,,,,,,,,,,,,,,
,511,,,,,,,,,,,,,,,
,512,,,,,,,,,,,,,,,
,513,,,,,,,,,,,,,,,
,514,,,,,,,,,,,,,,,
,515,,,,,,,,,,,,,,,
,516,,,,,,,,,,,,,,,
,517,,,,,,,,,,,,,,,
,518,,,,,,,,,,,,,,,
,519,,,,,,,,,,,,,,,
,520,,,,,,,,,,,,,,,
,521,,,,,,,,,,,,,,,
,522,,,,,,,,,,,,,,,
,523,,,,,,,,,,,,,,,
,524,,,,,,,,,,,,,,,
,525,,,,,,,,,,,,,,,
,526,,,,,,,,,,,,,,,
,527,,,,,,,,,,,,,,,
,528,,,,,,,,,,,,,,,
,529,,,,,,,,,,,,,,,
,530,,,,,,,,,,,,,,,
,531,,,,,,,,,,,,,,,
,532,,,,,,,,,,,,,,,
,533,,,,,,,,,,,,,,,
,534,,,,,,,,,,,,,,,
,535,,,,,,,,,,,,,,,
,536,,,,,,,,,,,,,,,
,537,,,,,,,,,,,,,,,
,538,,,,,,,,,,,,,,,
,539,,,,,,,,,,,,,,,
,540,,,,,,,,,,,,,,,
,541,,,,,,,,,,,,,,,
,542,,,,,,,,,,,,,,,
,543,,,,,,,,,,,,,,,
,544,,,,,,,,,,,,,,,
,545,,,,,,,,,,,,,,,
,546,,,,,,,,,,,,,,,
,547,,,,,,,,,,,,,,,
,548,,,,,,,,,,,,,,,
,549,,,,,,,,,,,,,,,
,550,,,,,,,,,,,,,,,
,551,,,,,,,,,,,,,,,
,552,,,,,,,,,,,,,,,
,553,,,,,,,,,,,,,,,
,554,,,,,,,,,,,,,,,
,555,,,,,,,,,,,,,,,
,556,,,,,,,,,,,,,,,
,557,,,,,,,,,,,,,,,
,558,,,,,,,,,,,,,,,
,559,,,,,,,,,,,,,,,
,560,,,,,,,,,,,,,,,
,561,,,,,,,,,,,,,,,
,562,,,,,,,,,,,,,,,
,563,,,,,,,,,,,,,,,
,564,,,,,,,,,,,,,,,
,565,,,,,,,,,,,,,,,
,566,,,,,,,,,,,,,,,
,567,,,,,,,,,,,,,,,
,568,,,,,,,,,,,,,,,
,569,,,,,,,,,,,,,,,
,570,,,,,,,,,,,,,,,
,571,,,,,,,,,,,,,,,
,572,,,,,,,,,,,,,,,
,573,,,,,,,,,,,,,,,
,574,,,,,,,,,,,,,,,
,575,,,,,,,,,,,,,,,
,576,,,,,,,,,,,,,,,
,577,,,,,,,,,,,,,,,
,578,,,,,,,,,,,,,,,
,579,,,,,,,,,,,,,,,
,580,,,,,,,,,,,,,,,
,581,,,,,,,,,,,,,,,
,582,,,,,,,,,,,,,,,
,583,,,,,,,,,,,,,,,
,584,,,,,,,,,,,,,,,
,585,,,,,,,,,,,,,,,
,586,,,,,,,,,,,,,,,
,587,,,,,,,,,,,,,,,
,588,,,,,,,,,,,,,,,
,589,,,,,,,,,,,,,,,
,590,,,,,,,,,,,,,,,
,591,,,,,,,,,,,,,,,
,592,,,,,,,,,,,,,,,
,593,,,,,,,,,,,,,,,
,594,,,,,,,,,,,,,,,
,595,,,,,,,,,,,,,,,
,596,,,,,,,,,,,,,,,
,597,,,,,,,,,,,,,,,
,598,,,,,,,,,,,,,,,
,599,,,,,,,,,,,,,,,
,600,,,,,,,,,,,,,,,
,601,,,,,,,,,,,,,,,
,602,,,,,,,,,,,,,,,
,603,,,,,,,,,,,,,,,
,604,,,,,,,,,,,,,,,
,605,,,,,,,,,,,,,,,
,606,,,,,,,,,,,,,,,
,607,,,,,,,,,,,,,,,
,608,,,,,,,,,,,,,,,
,609,,,,,,,,,,,,,,,
,610,,,,,,,,,,,,,,,
,611,,,,,,,,,,,,,,,
,612,,,,,,,,,,,,,,,
,613,,,,,,,,,,,,,,,
,614,,,,,,,,,,,,,,,
,615,,,,,,,,,,,,,,,
,616,,,,,,,,,,,,,,,
,617,,,,,,,,,,,,,,,
,618,,,,,,,,,,,,,,,
,619,,,,,,,,,,,,,,,
,620,,,,,,,,,,,,,,,
,621,,,,,,,,,,,,,,,
,622,,,,,,,,,,,,,,,
,623,,,,,,,,,,,,,,,
,624,,,,,,,,,,,,,,,
,625,,,,,,,,,,,,,,,
,626,,,,,,,,,,,,,,,
,627,,,,,,,,,,,,,,,
,628,,,,,,,,,,,,,,,
,629,,,,,,,,,,,,,,,
,630,,,,,,,,,,,,,,,
,631,,,,,,,,,,,,,,,
,632,,,,,,,,,,,,,,,
,633,,,,,,,,,,,,,,,
,634,,,,,,,,,,,,,,,
,635,,,,,,,,,,,,,,,
,636,,,,,,,,,,,,,,,
,637,,,,,,,,,,,,,,,
,638,,,,,,,,,,,,,,,
,639,,,,,,,,,,,,,,,
,640,,,,,,,,,,,,,,,
,641,,,,,,,,,,,,,,,
,642,,,,,,,,,,,,,,,
,643,,,,,,,,,,,,,,,
,644,,,,,,,,,,,,,,,
,645,,,,,,,,,,,,,,,
,646,,,,,,,,,,,,,,,
,647,,,,,,,,,,,,,,,
,648,,,,,,,,,,,,,,,
,649,,,,,,,,,,,,,,,
,650,,,,,,,,,,,,,,,
,651,,,,,,,,,,,,,,,
,652,,,,,,,,,,,,,,,
,653,,,,,,,,,,,,,,,
,654,,,,,,,,,,,,,,,
,655,,,,,,,,,,,,,,,
,656,,,,,,,,,,,,,,,
,657,,,,,,,,,,,,,,,
,658,,,,,,,,,,,,,,,
,659,,,,,,,,,,,,,,,
,660,,,,,,,,,,,,,,,
,661,,,,,,,,,,,,,,,
,662,,,,,,,,,,,,,,,
,663,,,,,,,,,,,,,,,
,664,,,,,,,,,,,,,,,
,665,,,,,,,,,,,,,,,
,666,,,,,,,,,,,,,,,
,667,,,,,,,,,,,,,,,
,668,,,,,,,,,,,,,,,
,669,,,,,,,,,,,,,,,
,670,,,,,,,,,,,,,,,
,671,,,,,,,,,,,,,,,
,672,,,,,,,,,,,,,,,
,673,,,,,,,,,,,,,,,
,674,,,,,,,,,,,,,,,
,675,,,,,,,,,,,,,,,
,676,,,,,,,,,,,,,,,
,677,,,,,,,,,,,,,,,
,678,,,,,,,,,,,,,,,
,679,,,,,,,,,,,,,,,
,680,,,,,,,,,,,,,,,
,681,,,,,,,,,,,,,,,
,682,,,,,,,,,,,,,,,
,683,,,,,,,,,,,,,,,
,684,,,,,,,,,,,,,,,
,685,,,,,,,,,,,,,,,
,686,,,,,,,,,,,,,,,
,687,,,,,,,,,,,,,,,
,688,,,,,,,,,,,,,,,
,689,,,,,,,,,,,,,,,
,690,,,,,,,,,,,,,,,
,691,,,,,,,,,,,,,,,
,692,,,,,,,,,,,,,,,
,693,,,,,,,,,,,,,,,
,694,,,,,,,,,,,,,,,
,695,,,,,,,,,,,,,,,
,696,,,,,,,,,,,,,,,
,697,,,,,,,,,,,,,,,
,698,,,,,,,,,,,,,,,
,699,,,,,,,,,,,,,,,
,700,,,,,,,,,,,,,,,
,701,,,,,,,,,,,,,,,
,702,,,,,,,,,,,,,,,
,703,,,,,,,,,,,,,,,
,704,,,,,,,,,,,,,,,
,705,,,,,,,,,,,,,,,
,706,,,,,,,,,,,,,,,
,707,,,,,,,,,,,,,,,
,708,,,,,,,,,,,,,,,
,709,,,,,,,,,,,,,,,
,710,,,,,,,,,,,,,,,
,711,,,,,,,,,,,,,,,
,712,,,,,,,,,,,,,,,
,713,,,,,,,,,,,,,,,
,714,,,,,,,,,,,,,,,
,715,,,,,,,,,,,,,,,
,716,,,,,,,,,,,,,,,
,717,,,,,,,,,,,,,,,
,718,,,,,,,,,,,,,,,
,719,,,,,,,,,,,,,,,
,720,,,,,,,,,,,,,,,
,721,,,,,,,,,,,,,,,
,722,,,,,,,,,,,,,,,
,723,,,,,,,,,,,,,,,
,724,,,,,,,,,,,,,,,
,725,,,,,,,,,,,,,,,
,726,,,,,,,,,,,,,,,
,727,,,,,,,,,,,,,,,
,728,,,,,,,,,,,,,,,
,729,,,,,,,,,,,,,,,
,730,,,,,,,,,,,,,,,
,731,,,,,,,,,,,,,,,
,732,,,,,,,,,,,,,,,
,733,,,,,,,,,,,,,,,
,734,,,,,,,,,,,,,,,
,735,,,,,,,,,,,,,,,
,736,,,,,,,,,,,,,,,
,737,,,,,,,,,,,,,,,
,738,,,,,,,,,,,,,,,
,739,,,,,,,,,,,,,,,
,740,,,,,,,,,,,,,,,
,741,,,,,,,,,,,,,,,
,742,,,,,,,,,,,,,,,
,743,,,,,,,,,,,,,,,
,744,,,,,,,,,,,,,,,
,745,,,,,,,,,,,,,,,
,746,,,,,,,,,,,,,,,
,747,,,,,,,,,,,,,,,
,748,,,,,,,,,,,,,,,
,749,,,,,,,,,,,,,,,
,750,,,,,,,,,,,,,,,
,751,,,,,,,,,,,,,,,
,752,,,,,,,,,,,,,,,
,753,,,,,,,,,,,,,,,
,754,,,,,,,,,,,,,,,
,755,,,,,,,,,,,,,,,
,756,,,,,,,,,,,,,,,
,757,,,,,,,,,,,,,,,
,758,,,,,,,,,,,,,,,
,759,,,,,,,,,,,,,,,
,760,,,,,,,,,,,,,,,
,761,,,,,,,,,,,,,,,
,762,,,,,,,,,,,,,,,
,763,,,,,,,,,,,,,,,
,764,,,,,,,,,,,,,,,
,765,,,,,,,,,,,,,,,
,766,,,,,,,,,,,,,,,
,767,,,,,,,,,,,,,,,
,768,,,,,,,,,,,,,,,
,769,,,,,,,,,,,,,,,
,770,,,,,,,,,,,,,,,
,771,,,,,,,,,,,,,,,
,772,,,,,,,,,,,,,,,
,773,,,,,,,,,,,,,,,
,774,,,,,,,,,,,,,,,
,775,,,,,,,,,,,,,,,
,776,,,,,,,,,,,,,,,
,777,,,,,,,,,,,,,,,
,778,,,,,,,,,,,,,,,
,779,,,,,,,,,,,,,,,
,780,,,,,,,,,,,,,,,
,781,,,,,,,,,,,,,,,
,782,,,,,,,,,,,,,,,
,783,,,,,,,,,,,,,,,
,784,,,,,,,,,,,,,,,
,785,,,,,,,,,,,,,,,
,786,,,,,,,,,,,,,,,
,787,,,,,,,,,,,,,,,
,788,,,,,,,,,,,,,,,
,789,,,,,,,,,,,,,,,
,790,,,,,,,,,,,,,,,
,791,,,,,,,,,,,,,,,
,792,,,,,,,,,,,,,,,
,793,,,,,,,,,,,,,,,
,794,,,,,,,,,,,,,,,
,795,,,,,,,,,,,,,,,
,796,,,,,,,,,,,,,,,
,797,,,,,,,,,,,,,,,
,798,,,,,,,,,,,,,,,
,799,,,,,,,,,,,,,,,
,800,,,,,,,,,,,,,,,
,801,,,,,,,,,,,,,,,
,802,,,,,,,,,,,,,,,
,803,,,,,,,,,,,,,,,
,804,,,,,,,,,,,,,,,
,805,,,,,,,,,,,,,,,
,806,,,,,,,,,,,,,,,
,807,,,,,,,,,,,,,,,
,808,,,,,,,,,,,,,,,
,809,,,,,,,,,,,,,,,
,810,,,,,,,,,,,,,,,
,811,,,,,,,,,,,,,,,
,812,,,,,,,,,,,,,,,
,813,,,,,,,,,,,,,,,
,814,,,,,,,,,,,,,,,
,815,,,,,,,,,,,,,,,
,816,,,,,,,,,,,,,,,
,817,,,,,,,,,,,,,,,
,818,,,,,,,,,,,,,,,
,819,,,,,,,,,,,,,,,
,820,,,,,,,,,,,,,,,
,821,,,,,,,,,,,,,,,
,822,,,,,,,,,,,,,,,
,823,,,,,,,,,,,,,,,
,824,,,,,,,,,,,,,,,
,825,,,,,,,,,,,,,,,
,826,,,,,,,,,,,,,,,
,827,,,,,,,,,,,,,,,
,828,,,,,,,,,,,,,,,
,829,,,,,,,,,,,,,,,
,830,,,,,,,,,,,,,,,
,831,,,,,,,,,,,,,,,
,832,,,,,,,,,,,,,,,
,833,,,,,,,,,,,,,,,
,834,,,,,,,,,,,,,,,
,835,,,,,,,,,,,,,,,
,836,,,,,,,,,,,,,,,
,837,,,,,,,,,,,,,,,
,838,,,,,,,,,,,,,,,
,839,,,,,,,,,,,,,,,
,840,,,,,,,,,,,,,,,
,841,,,,,,,,,,,,,,,
,842,,,,,,,,,,,,,,,
,843,,,,,,,,,,,,,,,
,844,,,,,,,,,,,,,,,
,845,,,,,,,,,,,,,,,
,846,,,,,,,,,,,,,,,
,847,,,,,,,,,,,,,,,
,848,,,,,,,,,,,,,,,
,849,,,,,,,,,,,,,,,
,850,,,,,,,,,,,,,,,
,851,,,,,,,,,,,,,,,
,852,,,,,,,,,,,,,,,
,853,,,,,,,,,,,,,,,
,854,,,,,,,,,,,,,,,
,855,,,,,,,,,,,,,,,
,856,,,,,,,,,,,,,,,
,857,,,,,,,,,,,,,,,
,858,,,,,,,,,,,,,,,
,859,,,,,,,,,,,,,,,
,860,,,,,,,,,,,,,,,
,861,,,,,,,,,,,,,,,
,862,,,,,,,,,,,,,,,
,863,,,,,,,,,,,,,,,
,864,,,,,,,,,,,,,,,
,865,,,,,,,,,,,,,,,
,866,,,,,,,,,,,,,,,
,867,,,,,,,,,,,,,,,
,868,,,,,,,,,,,,,,,
,869,,,,,,,,,,,,,,,
,870,,,,,,,,,,,,,,,
,871,,,,,,,,,,,,,,,
,872,,,,,,,,,,,,,,,
,873,,,,,,,,,,,,,,,
,874,,,,,,,,,,,,,,,
,875,,,,,,,,,,,,,,,
,876,,,,,,,,,,,,,,,
,877,,,,,,,,,,,,,,,
,878,,,,,,,,,,,,,,,
,879,,,,,,,,,,,,,,,
,880,,,,,,,,,,,,,,,
,881,,,,,,,,,,,,,,,
,882,,,,,,,,,,,,,,,
,883,,,,,,,,,,,,,,,
,884,,,,,,,,,,,,,,,
,885,,,,,,,,,,,,,,,
,886,,,,,,,,,,,,,,,
,887,,,,,,,,,,,,,,,
,888,,,,,,,,,,,,,,,
,889,,,,,,,,,,,,,,,
,890,,,,,,,,,,,,,,,
,891,,,,,,,,,,,,,,,
,892,,,,,,,,,,,,,,,
,893,,,,,,,,,,,,,,,
,894,,,,,,,,,,,,,,,
,895,,,,,,,,,,,,,,,
,896,,,,,,,,,,,,,,,
,897,,,,,,,,,,,,,,,
,898,,,,,,,,,,,,,,,
,899,,,,,,,,,,,,,,,
,900,,,,,,,,,,,,,,,
,901,,,,,,,,,,,,,,,
,902,,,,,,,,,,,,,,,
,903,,,,,,,,,,,,,,,
,904,,,,,,,,,,,,,,,
,905,,,,,,,,,,,,,,,
,906,,,,,,,,,,,,,,,
,907,,,,,,,,,,,,,,,
,908,,,,,,,,,,,,,,,
,909,,,,,,,,,,,,,,,
,910,,,,,,,,,,,,,,,
,911,,,,,,,,,,,,,,,
,912,,,,,,,,,,,,,,,
,913,,,,,,,,,,,,,,,
,914,,,,,,,,,,,,,,,
,915,,,,,,,,,,,,,,,
,916,,,,,,,,,,,,,,,
,917,,,,,,,,,,,,,,,
,918,,,,,,,,,,,,,,,
,919,,,,,,,,,,,,,,,
,920,,,,,,,,,,,,,,,
,921,,,,,,,,,,,,,,,
,922,,,,,,,,,,,,,,,
,923,,,,,,,,,,,,,,,
,924,,,,,,,,,,,,,,,
,925,,,,,,,,,,,,,,,
,926,,,,,,,,,,,,,,,
,927,,,,,,,,,,,,,,,
,928,,,,,,,,,,,,,,,
,929,,,,,,,,,,,,,,,
,930,,,,,,,,,,,,,,,
,931,,,,,,,,,,,,,,,
,932,,,,,,,,,,,,,,,
,933,,,,,,,,,,,,,,,
,934,,,,,,,,,,,,,,,
,935,,,,,,,,,,,,,,,
,936,,,,,,,,,,,,,,,
,937,,,,,,,,,,,,,,,
,938,,,,,,,,,,,,,,,
,939,,,,,,,,,,,,,,,
,940,,,,,,,,,,,,,,,
,941,,,,,,,,,,,,,,,
,942,,,,,,,,,,,,,,,
,943,,,,,,,,,,,,,,,
,944,,,,,,,,,,,,,,,
,945,,,,,,,,,,,,,,,
,946,,,,,,,,,,,,,,,
,947,,,,,,,,,,,,,,,
,948,,,,,,,,,,,,,,,
,949,,,,,,,,,,,,,,,
,950,,,,,,,,,,,,,,,
,951,,,,,,,,,,,,,,,
,952,,,,,,,,,,,,,,,
,953,,,,,,,,,,,,,,,
,954,,,,,,,,,,,,,,,
,955,,,,,,,,,,,,,,,
,956,,,,,,,,,,,,,,,
,957,,,,,,,,,,,,,,,
,958,,,,,,,,,,,,,,,
,959,,,,,,,,,,,,,,,
,960,,,,,,,,,,,,,,,
,961,,,,,,,,,,,,,,,
,962,,,,,,,,,,,,,,,
,963,,,,,,,,,,,,,,,
,964,,,,,,,,,,,,,,,
,965,,,,,,,,,,,,,,,
,966,,,,,,,,,,,,,,,
,967,,,,,,,,,,,,,,,
,968,,,,,,,,,,,,,,,
,969,,,,,,,,,,,,,,,
,970,,,,,,,,,,,,,,,
,971,,,,,,,,,,,,,,,
,972,,,,,,,,,,,,,,,
,973,,,,,,,,,,,,,,,
,974,,,,,,,,,,,,,,,
,975,,,,,,,,,,,,,,,
,976,,,,,,,,,,,,,,,
,977,,,,,,,,,,,,,,,
,978,,,,,,,,,,,,,,,
,979,,,,,,,,,,,,,,,
,980,,,,,,,,,,,,,,,
,981,,,,,,,,,,,,,,,
,982,,,,,,,,,,,,,,,
,983,,,,,,,,,,,,,,,
,984,,,,,,,,,,,,,,,
,985,,,,,,,,,,,,,,,
,986,,,,,,,,,,,,,,,
,987,,,,,,,,,,,,,,,
,988,,,,,,,,,,,,,,,
,989,,,,,,,,,,,,,,,
,990,,,,,,,,,,,,,,,
,991,,,,,,,,,,,,,,,
,992,,,,,,,,,,,,,,,
,993,,,,,,,,,,,,,,,
,994,,,,,,,,,,,,,,,
,995,,,,,,,,,,,,,,,
,996,,,,,,,,,,,,,,,
,997,,,,,,,,,,,,,,,
,998,,,,,,,,,,,,,,,
,999,,,,,,,,,,,,,,,
,1000,,,,,,,,,,,,,,,
,1001,,,,,,,,,,,,,,,
,1002,,,,,,,,,,,,,,,
,1003,,,,,,,,,,,,,,,
,1004,,,,,,,,,,,,,,,
,1005,,,,,,,,,,,,,,,
,1006,,,,,,,,,,,,,,,
,1007,,,,,,,,,,,,,,,
,1008,,,,,,,,,,,,,,,
,1009,,,,,,,,,,,,,,,
,1010,,,,,,,,,,,,,,,
,1011,,,,,,,,,,,,,,,
,1012,,,,,,,,,,,,,,,
,1013,,,,,,,,,,,,,,,
,1014,,,,,,,,,,,,,,,
,1015,,,,,,,,,,,,,,,
,1016,,,,,,,,,,,,,,,
,1017,,,,,,,,,,,,,,,
,1018,,,,,,,,,,,,,,,
,1019,,,,,,,,,,,,,,,
,1020,,,,,,,,,,,,,,,
,1021,,,,,,,,,,,,,,,
,1022,,,,,,,,,,,,,,,
,1023,,,,,,,,,,,,,,,
,1024,,,,,,,,,,,,,,,
,1025,,,,,,,,,,,,,,,
,1026,,,,,,,,,,,,,,,
,1027,,,,,,,,,,,,,,,
,1028,,,,,,,,,,,,,,,
,1029,,,,,,,,,,,,,,,
,1030,,,,,,,,,,,,,,,
,1031,,,,,,,,,,,,,,,
,1032,,,,,,,,,,,,,,,
,1033,,,,,,,,,,,,,,,
,1034,,,,,,,,,,,,,,,
,1035,,,,,,,,,,,,,,,
,1036,,,,,,,,,,,,,,,
,1037,,,,,,,,,,,,,,,
,1038,,,,,,,,,,,,,,,
,1039,,,,,,,,,,,,,,,
,1040,,,,,,,,,,,,,,,
,1041,,,,,,,,,,,,,,,
,1042,,,,,,,,,,,,,,,
,1043,,,,,,,,,,,,,,,
,1044,,,,,,,,,,,,,,,
,1045,,,,,,,,,,,,,,,
,1046,,,,,,,,,,,,,,,
,1047,,,,,,,,,,,,,,,
,1048,,,,,,,,,,,,,,,
,1049,,,,,,,,,,,,,,,
,1050,,,,,,,,,,,,,,,
,1051,,,,,,,,,,,,,,,
,1052,,,,,,,,,,,,,,,
,1053,,,,,,,,,,,,,,,
,1054,,,,,,,,,,,,,,,
,1055,,,,,,,,,,,,,,,
,1056,,,,,,,,,,,,,,,
,1057,,,,,,,,,,,,,,,
,1058,,,,,,,,,,,,,,,
,1059,,,,,,,,,,,,,,,
,1060,,,,,,,,,,,,,,,
,1061,,,,,,,,,,,,,,,
,1062,,,,,,,,,,,,,,,
,1063,,,,,,,,,,,,,,,
,1064,,,,,,,,,,,,,,,
,1065,,,,,,,,,,,,,,,
,1066,,,,,,,,,,,,,,,
,1067,,,,,,,,,,,,,,,
,1068,,,,,,,,,,,,,,,
,1069,,,,,,,,,,,,,,,
,1070,,,,,,,,,,,,,,,
,1071,,,,,,,,,,,,,,,
,1072,,,,,,,,,,,,,,,
,1073,,,,,,,,,,,,,,,
,1074,,,,,,,,,,,,,,,
,1075,,,,,,,,,,,,,,,
,1076,,,,,,,,,,,,,,,
,1077,,,,,,,,,,,,,,,
,1078,,,,,,,,,,,,,,,
,1079,,,,,,,,,,,,,,,
,1080,,,,,,,,,,,,,,,
,1081,,,,,,,,,,,,,,,
,1082,,,,,,,,,,,,,,,
,1083,,,,,,,,,,,,,,,
,1084,,,,,,,,,,,,,,,
,1085,,,,,,,,,,,,,,,
,1086,,,,,,,,,,,,,,,
,1087,,,,,,,,,,,,,,,
,1088,,,,,,,,,,,,,,,
,1089,,,,,,,,,,,,,,,
,1090,,,,,,,,,,,,,,,
,1091,,,,,,,,,,,,,,,
,1092,,,,,,,,,,,,,,,
,1093,,,,,,,,,,,,,,,
,1094,,,,,,,,,,,,,,,
,1095,,,,,,,,,,,,,,,
,1096,,,,,,,,,,,,,,,
,1097,,,,,,,,,,,,,,,
,1098,,,,,,,,,,,,,,,
,1099,,,,,,,,,,,,,,,
,1100,,,,,,,,,,,,,,,
,1101,,,,,,,,,,,,,,,
,1102,,,,,,,,,,,,,,,
,1103,,,,,,,,,,,,,,,
,1104,,,,,,,,,,,,,,,
,1105,,,,,,,,,,,,,,,
,1106,,,,,,,,,,,,,,,
,1107,,,,,,,,,,,,,,,
,1108,,,,,,,,,,,,,,,
,1109,,,,,,,,,,,,,,,
,1110,,,,,,,,,,,,,,,
,1111,,,,,,,,,,,,,,,
,1112,,,,,,,,,,,,,,,
,1113,,,,,,,,,,,,,,,
,1114,,,,,,,,,,,,,,,
,1115,,,,,,,,,,,,,,,
,1116,,,,,,,,,,,,,,,
,1117,,,,,,,,,,,,,,,
,1118,,,,,,,,,,,,,,,
,1119,,,,,,,,,,,,,,,
,1120,,,,,,,,,,,,,,,
,1121,,,,,,,,,,,,,,,
,1122,,,,,,,,,,,,,,,
,1123,,,,,,,,,,,,,,,
,1124,,,,,,,,,,,,,,,
,1125,,,,,,,,,,,,,,,
,1126,,,,,,,,,,,,,,,
,1127,,,,,,,,,,,,,,,
,1128,,,,,,,,,,,,,,,
,1129,,,,,,,,,,,,,,,
,1130,,,,,,,,,,,,,,,
,1131,,,,,,,,,,,,,,,
,1132,,,,,,,,,,,,,,,
,1133,,,,,,,,,,,,,,,
,1134,,,,,,,,,,,,,,,
,1135,,,,,,,,,,,,,,,
,1136,,,,,,,,,,,,,,,
,1137,,,,,,,,,,,,,,,
,1138,,,,,,,,,,,,,,,
,1139,,,,,,,,,,,,,,,
,1140,,,,,,,,,,,,,,,
,1141,,,,,,,,,,,,,,,
,1142,,,,,,,,,,,,,,,
,1143,,,,,,,,,,,,,,,
,1144,,,,,,,,,,,,,,,
,1145,,,,,,,,,,,,,,,
,1146,,,,,,,,,,,,,,,
,1147,,,,,,,,,,,,,,,
,1148,,,,,,,,,,,,,,,
,1149,,,,,,,,,,,,,,,
,1150,,,,,,,,,,,,,,,
,1151,,,,,,,,,,,,,,,
,1152,,,,,,,,,,,,,,,
,1153,,,,,,,,,,,,,,,
,1154,,,,,,,,,,,,,,,
,1155,,,,,,,,,,,,,,,
,1156,,,,,,,,,,,,,,,
,1157,,,,,,,,,,,,,,,
,1158,,,,,,,,,,,,,,,
,1159,,,,,,,,,,,,,,,
,1160,,,,,,,,,,,,,,,
,1161,,,,,,,,,,,,,,,
,1162,,,,,,,,,,,,,,,
,1163,,,,,,,,,,,,,,,
,1164,,,,,,,,,,,,,,,
,1165,,,,,,,,,,,,,,,
,1166,,,,,,,,,,,,,,,
,1167,,,,,,,,,,,,,,,
,1168,,,,,,,,,,,,,,,
,1169,,,,,,,,,,,,,,,
,1170,,,,,,,,,,,,,,,
,1171,,,,,,,,,,,,,,,
,1172,,,,,,,,,,,,,,,
,1173,,,,,,,,,,,,,,,
,1174,,,,,,,,,,,,,,,
,1175,,,,,,,,,,,,,,,
,1176,,,,,,,,,,,,,,,
,1177,,,,,,,,,,,,,,,
,1178,,,,,,,,,,,,,,,
,1179,,,,,,,,,,,,,,,
,1180,,,,,,,,,,,,,,,
,1181,,,,,,,,,,,,,,,
,1182,,,,,,,,,,,,,,,
,1183,,,,,,,,,,,,,,,
,1184,,,,,,,,,,,,,,,
,1185,,,,,,,,,,,,,,,
,1186,,,,,,,,,,,,,,,
,1187,,,,,,,,,,,,,,,
,1188,,,,,,,,,,,,,,,
,1189,,,,,,,,,,,,,,,
,1190,,,,,,,,,,,,,,,
,1191,,,,,,,,,,,,,,,
,1192,,,,,,,,,,,,,,,
,1193,,,,,,,,,,,,,,,
,1194,,,,,,,,,,,,,,,
,1195,,,,,,,,,,,,,,,
,1196,,,,,,,,,,,,,,,
,1197,,,,,,,,,,,,,,,
,1198,,,,,,,,,,,,,,,
,1199,,,,,,,,,,,,,,,
,1200,,,,,,,,,,,,,,,
,1201,,,,,,,,,,,,,,,
,1202,,,,,,,,,,,,,,,
,1203,,,,,,,,,,,,,,,
,1204,,,,,,,,,,,,,,,
,1205,,,,,,,,,,,,,,,
,1206,,,,,,,,,,,,,,,
,1207,,,,,,,,,,,,,,,
,1208,,,,,,,,,,,,,,,
,1209,,,,,,,,,,,,,,,
,1210,,,,,,,,,,,,,,,
,1211,,,,,,,,,,,,,,,
,1212,,,,,,,,,,,,,,,
,1213,,,,,,,,,,,,,,,
,1214,,,,,,,,,,,,,,,
,1215,,,,,,,,,,,,,,,
,1216,,,,,,,,,,,,,,,
,1217,,,,,,,,,,,,,,,
,1218,,,,,,,,,,,,,,,
,1219,,,,,,,,,,,,,,,
,1220,,,,,,,,,,,,,,,
,1221,,,,,,,,,,,,,,,
,1222,,,,,,,,,,,,,,,
,1223,,,,,,,,,,,,,,,
,1224,,,,,,,,,,,,,,,
,1225,,,,,,,,,,,,,,,
,1226,,,,,,,,,,,,,,,
,1227,,,,,,,,,,,,,,,
,1228,,,,,,,,,,,,,,,
,1229,,,,,,,,,,,,,,,
,1230,,,,,,,,,,,,,,,
,1231,,,,,,,,,,,,,,,
,1232,,,,,,,,,,,,,,,
,1233,,,,,,,,,,,,,,,
,1234,,,,,,,,,,,,,,,
,1235,,,,,,,,,,,,,,,
,1236,,,,,,,,,,,,,,,
,1237,,,,,,,,,,,,,,,
,1238,,,,,,,,,,,,,,,
,1239,,,,,,,,,,,,,,,
,1240,,,,,,,,,,,,,,,
,1241,,,,,,,,,,,,,,,
,1242,,,,,,,,,,,,,,,
,1243,,,,,,,,,,,,,,,
,1244,,,,,,,,,,,,,,,
,1245,,,,,,,,,,,,,,,
,1246,,,,,,,,,,,,,,,
,1247,,,,,,,,,,,,,,,
,1248,,,,,,,,,,,,,,,
,1249,,,,,,,,,,,,,,,
,1250,,,,,,,,,,,,,,,
,1251,,,,,,,,,,,,,,,
,1252,,,,,,,,,,,,,,,
,1253,,,,,,,,,,,,,,,
,1254,,,,,,,,,,,,,,,
,1255,,,,,,,,,,,,,,,
,1256,,,,,,,,,,,,,,,
,1257,,,,,,,,,,,,,,,
,1258,,,,,,,,,,,,,,,
,1259,,,,,,,,,,,,,,,
,1260,,,,,,,,,,,,,,,
,1261,,,,,,,,,,,,,,,
,1262,,,,,,,,,,,,,,,
,1263,,,,,,,,,,,,,,,
,1264,,,,,,,,,,,,,,,
,1265,,,,,,,,,,,,,,,
,1266,,,,,,,,,,,,,,,
,1267,,,,,,,,,,,,,,,
,1268,,,,,,,,,,,,,,,
,1269,,,,,,,,,,,,,,,
,1270,,,,,,,,,,,,,,,
,1271,,,,,,,,,,,,,,,
,1272,,,,,,,,,,,,,,,
,1273,,,,,,,,,,,,,,,
,1274,,,,,,,,,,,,,,,
,1275,,,,,,,,,,,,,,,
,1276,,,,,,,,,,,,,,,
,1277,,,,,,,,,,,,,,,
,1278,,,,,,,,,,,,,,,
,1279,,,,,,,,,,,,,,,
,1280,,,,,,,,,,,,,,,
,1281,,,,,,,,,,,,,,,
,1282,,,,,,,,,,,,,,,
,1283,,,,,,,,,,,,,,,
,1284,,,,,,,,,,,,,,,
,1285,,,,,,,,,,,,,,,
,1286,,,,,,,,,,,,,,,
,1287,,,,,,,,,,,,,,,
,1288,,,,,,,,,,,,,,,
,1289,,,,,,,,,,,,,,,
,1290,,,,,,,,,,,,,,,
,1291,,,,,,,,,,,,,,,
,1292,,,,,,,,,,,,,,,
,1293,,,,,,,,,,,,,,,
,1294,,,,,,,,,,,,,,,
,1295,,,,,,,,,,,,,,,
,1296,,,,,,,,,,,,,,,
,1297,,,,,,,,,,,,,,,
,1298,,,,,,,,,,,,,,,
,1299,,,,,,,,,,,,,,,
,1300,,,,,,,,,,,,,,,
,1301,,,,,,,,,,,,,,,
,1302,,,,,,,,,,,,,,,
,1303,,,,,,,,,,,,,,,
,1304,,,,,,,,,,,,,,,
,1305,,,,,,,,,,,,,,,
,1306,,,,,,,,,,,,,,,
,1307,,,,,,,,,,,,,,,
,1308,,,,,,,,,,,,,,,
,1309,,,,,,,,,,,,,,,
,1310,,,,,,,,,,,,,,,
,1311,,,,,,,,,,,,,,,
,1312,,,,,,,,,,,,,,,
,1313,,,,,,,,,,,,,,,
,1314,,,,,,,,,,,,,,,
,1315,,,,,,,,,,,,,,,
,1316,,,,,,,,,,,,,,,
,1317,,,,,,,,,,,,,,,
,1318,,,,,,,,,,,,,,,
,1319,,,,,,,,,,,,,,,
,1320,,,,,,,,,,,,,,,
,1321,,,,,,,,,,,,,,,
,1322,,,,,,,,,,,,,,,
,1323,,,,,,,,,,,,,,,
,1324,,,,,,,,,,,,,,,
,1325,,,,,,,,,,,,,,,
,1326,,,,,,,,,,,,,,,
5,1327,Moonlight Serenade ,,S,S,,,A,,B,A,,,,,Festivals - Youth Poem