"Welcome to the spreadsheet! Names of items need to be verified and sources still need to be included. Grey is for numbers that do not correspond to items. Teal is for items that need property data, comment to update it. Thanks for contributing. Gorgeous Simple Elegant Lively Mature Cute Sexy Pure Warm Cool",,,,,,,,,,,,,,,,
Rare,Item,Name,,,,,,,,,,,Tags,Tags 2,Source,Set
2,1,White Chiffon,,A,A,,A,,,A,,A,Goddess,,"Store, Mystery",
2,2,Vivid Night,A,,A,,A,,A,,,A,Goddess,,Customize,
3,3,Champagne,,A,B,,B,,,S,,A,Goddess,,"Stage (3-8,m)",
3,4,White Lotus,,A,S,,C,,,A,,A,Goddess,,Customize,
,5,,,,,,,,,,,,,,,
4,6,That blue dress with the bells,S,,,S,,S,,S,,A,,,,
,7,,,,,,,,,,,,,,,
4,8,Tabby Cat,,A,,A,,S,,S,,A,,,Customize,[Lilith] Tabby Cat
5,9,Fairytale Stars,A,,,A,,S,,S,,S,Lolita,,Mystery,
5,10,Windvally Stars,S,,,A,,SS,,S,,S,Lolita,,Customize,
5,11,Mid-summer Stars,A,,,S,,SS,,S,,S,Lolita,,Customize,[Lilith] Mid-summers Stars
5,12,Chocolate Teddy,SS,,,A,,S,,S,,S,Lolita,Pet,,
5,13,Candy Teddy,S,,,S,,A,,S,,S,Lolita,Pet,,
5,14,Marshmallow Teddy,A,,,S,,S,,SS,,S,Lolita,Pet,,
3,15,Magical Realm Kite Elf,S,,,C,,S,A,,,S,Lolita,Gothic,Recipe,
3,16,Divine Kite Elf,A,,,C,,S,,S,,S,Lolita,,Customize,Divine Kite Elf
3,17,Snow Kite Elf,A,,,A,,S,,A,,A,Lolita,,,
,18,,,,,,,,,,,,,,,
4,19,Fire Goddess,S,,S,,A,,,S,S,,European,,"Store, Mystery, Fantasy",
4,20,Laurel Goddess,A,,S,,A,,,S,A,,European,,,
4,21,Rose Dress,S,,S,,A,,B,,,S,European,Goddess,"Store, Mystery, Fantasy",
4,22,Lily Dress,S,,B,,S,,A,,,S,European,Goddess,,
,23,,,,,,,,,,,,,,,
5,24,Red Witch,S,,SS,,S,,S,,A,,European,,,
3,25,Angel,S,,,A,,S,,S,,B,European,,Recipe,
4,26,Little Snow White,S,,B,,,S,S,,,S,European,Fairy,"Store, Mystery, Fantasy",
4,27,Geriar Red Wine,,S,,A,,S,,S,S,,Apron,,,
4,28,Geriar Fruit Pies,,A,,S,,S,,A,A,,Apron,,,
4,29,Round Table Queen,,,,,,,,,,,,,,
3,30,Athena's Armor Purple,A,,S,,A,,A,,A,,European,,"Store, Fantasy",
3,31,Athena's Armor Yellow,A,,S,,A,,A,,A,,European,,,
4,32,Doll Dress-Pink,S,,S,,,S,,A,B,,European,,Store,
4,33,Doll Dress-Blue,S,,SS,,S,,S,,,B,European,,Customize,
3,34,White Olive Dress,A,,S,,B,,,S,A,,,,"Mystery, Fantasy",
3,35,Bow's Dream-Yellow,A,,A,,A,,,A,,C,European,,"Store, Mystery, Fantasy",
3,36,Bow's Dream- Pink,A,,A,,,A,,A,,C,European,,,
5,37,Fluttering Dress- Blue,S,,S,,,A,S,,,S,European,,Recipe,
5,38,Fluttering Dress-Yellow,SS,,S,,,S,SS,,,S,European,,Recipe,
5,39,Fluttering Dance - Pink,S,,,B,,SS,S,,,S,European,,,
4,40,Startlight Melody - Purple,S,,S,,S,,A,,,S,European,Evening Gown,,
4,41,Startlight Melody - Green,S,,A,,S,,S,,,S,European,Evening Gown,,
4,42,Galaxy Melody-White,S,,S,,S,,A,,,S,European,Evening Gown,Recipe,
,43,,,,,,,,,,,,,,,
2,44,Tranquil Autumn,,A,,A,,A,B,,,A,Apron,,"Store, Mystery",
2,45,Frosty Winter,,A,,A,,A,A,,,A,Apron,,,
2,46,Floral Spring,,A,,B,,A,A,,,A,Apron,,,
2,47,Torrid Summer,,A,,A,,A,A,,,A,Apron,,,
2,48,Teacher's Wardrobe-Blue,,A,A,,,B,,S,,S,,,"Store, Mystery, (3-9,10-8m)",
2,49,Teacher's Wardrobe-Purple,,S,A,,,B,,S,,A,,,Customize,
2,50,Teacher's Wardrobe-Green,,A,A,,,B,,S,,A,,,Customize,
3,51,Diamond Lover-Red,,S,S,,A,,A,,,A,,,Recipe,
3,52,Diamond Lover-Blue,A,,B,,S,,A,,,A,,,,
3,53,Diamond Lover-Black,,S,S,,A,,B,,,A,,,,
3,54,Love of Clover - Pink,A,,,S,,A,,A,,S,,,"Store, Fantasy",
3,55,Love of Clover - Blue,A,,,S,,A,,A,,A,,,,
3,56,Singer - Pink,,S,A,,,A,,A,A,,,,,
3,57,Singer - Purple,,A,A,,A,,,S,A,,,,,
3,58,Singer - White,,A,A,,,S,,S,,S,Floral,,,
3,59,Singer - Green,,S,A,,,S,,S,,A,Floral,,,
4,60,Verdant Willow,,S,S,,,S,,S,,B,Chinese Classical,,"Mystery, Fantasy, Stage (1-7p)",
5,61,Remote Verdant Willow,S,,S,,S,,,SS,,B,Chinese Classical,,Evolution,Green Willow
3,62,Ladies's Dress,,S,A,,S,,A,,A,,Britain,,,
4,63,Angel in White,,S,,S,,A,S,,,A,Paramedics,,Recipe,Angel in White
3,64,Tranquil Rose,S,,S,,,A,,A,A,,Kimono,,"Store, Mystery, Fantasy",
3,65,Aster,S,,B,,,A,,S,B,,Kimono,,Recipe,
4,66,Fragrance Villa,S,,,B,,S,,SS,S,,Kimono,,Recipe,
5,67,Rustling Bamboo,S,,,S,,S,,S,,S,Kimono,,"Store, Mystery, Fantasy",
3,68,Housemaid,,A,,A,,A,A,,,A,Maiden,Apron,"Mystery, Fantasy, Stage (1-2, 1-5p), Exchange",
4,69,Sweet Housmaid,S,,,S,,S,A,,,S,Maiden,Apron,"Evolution, Mystery, Fantasy",
5,70,Chocolate Housemaid,SS,,,S,,S,S,,,S,Maiden,Apron,Evolution,Chocolate Housemaid
3,71,Leopard Print,S,,A,,A,,S,,,B,,,,
3,72,Black and White Style,,A,S,,A,,A,,,S,,,"Mystery, Fantasy",
3,73,Night of Shanghai,A,,,S,A,,A,,,A,Republic of China ,Cheongsam,"Mystery, Fantasy, Stage (3-1,4-5p), Exchange",
4,74,Dream of Shanghai,A,,,A,S,,S,,,A,Republic of China ,Cheongsam,"Evolution, Mystery, Fantasy",
5,75,Story of Shanghai,S,,B,,SS,,S,,,S,Republic of China ,Cheongsam,Evolution,Story of Shanghai
5,76,Dancing Queen,A,,S,,S,,A,,,S,Evening Gown,,"Fantasy, Gift",Dancing Queen
3,77,Realized Dream,S,,A,,A,,,B,,B,Wedding,,Recipe,Realized Dream
3,78,Mori Girl and Deer,,S,,S,,A,,A,A,,Dryad,,"Mystery, Fashion, Stage (2-9p)",
4,79,Mori Girl and Reindeer,,B,,S,,S,,S,S,,Dryad,Pet,Evolution,Apple - Mori Girl and Reindeer
6,80,Star Sea,S,,SS,,S,,A,,,SS,European,,,[Troupe] Star Sea
4,81,Dreamy Barbie,S,,B,,,S,S,,,S,Lolita,,,
4,82,Hollow Flower Night,S,,S,,A,,A,,,S,,,,
3,83,Starry Dress,,S,A,,S,,,A,,A,Floral,,Store,
2,84,Midnight Elf,,A,S,,A,,A,,,A,,,,
2,85,Sommelier,,A,A,,A,,A,,A,,,,"Store, Mystery, Stage (6-1, M)",
3,86,Enchanting Muse,,A,A,,S,,A,,,A,,,"Store, Mystery, Fantasy",
2,87,Cool Summer,,A,A,,C,,,A,,A,,,Store,
3,88,Ambiguity,,A,A,,A,,S,,,S,,,,
,89,,,,,,,,,,,,,,,
3,90,Folk Song,,S,,A,,A,,A,S,,Sun Care,,"Store, Mystery, Fantasy",
,91,,,,,,,,,,,,,,,
2,92,Linen's Smell,,S,C,,,A,,A,A,,Homewear,,Mystery,
4,93,Dreamy Flower Field,A,,,A,,A,,S,,S,Bohemia,Floral,Recipe,
3,94,Cherry Salad,,S,,A,,A,,S,,A,Floral,,Recipe,
3,95,Dark Vortex,,S,S,,,A,A,,,A,,,"Mystery, Fantasy",
3,96,Beautiful Melody,,SS,,B,B,,,B,,SS,,,Store,
2,97,Denim Lady,,S,S,,,C,,B,S,,Denim,,Stage (2-5m),
3,98,Goddess Realm,,SS,,B,,C,S,,,SS,Goddess,,"Store, Mystery, Fantasy",
2,99,Dusty Pink Dress,,A,,A,,B,A,,,S,"Homewear, Pajamas",Pajamas,Mystery,
,100,,,,,,,,,,,,,,,
2,101,Searing Flame,A,,A,,A,,A,,,A,Evening Gown,,Store,
3,102,Dreamy Calico,,A,S,,B,,S,,,A,Bohemia,Floral,Achievement,
,103,,,,,,,,,,,,,,,
2,104,Iris Short Skirt,,A,A,,,A,,A,,A,,,Store,
,105,,,,,,,,,,,,,,,
3,106,Rose Pool,,S,S,,S,,C,,,S,,,,
1,107,Ceramic Craft,,S,B,,A,,B,,B,,Office,,"Store, Mystery",
3,108,Happy Mood,,A,,A,,S,,B,,A,Floral,,"Mystery, Fantasy, Monthly Sign in reward",
3,109,Finance Elite,,B,S,,S,,A,,A,,,,"Store, Mystery, Fantasy",
4,110,Dreamlike Stamens,S,,B,,,S,S,,,S,Floral,,"Store, Mystery, Fantasy",
2,111,Memory of Youth,,A,,B,,B,,A,,S,Homewear,,"Store, Mystery",
1,112,Vagrancy,,A,A,,A,,,A,B,,,,"Store, Mystery, Stage (6-5, M)",
2,113,Pure White,,A,A,,,A,B,,,A,,,Fantasy,
2,114,Composer,,A,A,,A,,A,,A,,,,"Store, Mystery",
2,115,Pink Butterfly,,A,B,,,A,A,,,A,Floral,,"Store, Mystery, Story",
2,116,Emerald Fairy,,S,,A,,A,,C,,A,Homewear,,"Stage (3-1, M)",
1,117,Cloudy Day,,A,B,,,B,,A,,A,,,"Store, Mystery, Stage (6-4, 10-3, 11-6, 14-4, M)",
1,118,Dot,,A,,C,,S,,C,,A,Floral,,"Store, Mystery",
1,119,Picnic Cloth,,A,,C,,A,,A,,B,,,"Mystery, Stage (3-6, 9-3, 13-1, M)",
2,120,Etherealness,,S,A,,C,,,C,,S,Pajamas,,"Store, Mystery, Stage (4-9, 8-5, M)",
2,121,Cartographer,,A,,A,,B,A,,,S,Homewear,,Mystery,
3,122,Innocent Kitten,,A,,A,,A,B,,,S,,,"Store, Mystery, Fantasy",
,123,,,,,,,,,,,,,,,
4,124,Miss Jellyfish,A,,,S,,S,,S,,S,Fairy,,"Mystery, Fantasy, Stage (3-5, P), Association",
5,125,Princess Jellyfish,S,,,S,,S,,S,,S,Fairy,,Evolution,Princess Jellyfish
5,126,Ancient Tomb,S,,S,,S,,,S,S,,Chinese Classical,,Recipe,Dragon Maiden
3,127,Maple Ninja Lady,S,,,A,,S,A,,,A,Kimono,,"Mystery, Fantasy, Stage (1-3, P), Association",
4,128,Maple Tree Ninja,S,,,A,,S,S,,,A,Kimono,,Evolution,
5,129,Maple Leaf Ninja,S,,,S,,S,S,,,S,Kimono,,,[Cloud] Maple Leaf Ninja
3,130,Ghost Flower,,S,,A,,B,S,,,A,Kimono,,"Mystery, Fantasy, Stage (1-6, P), Association",
4,131,Ghost Flower-Rare,,S,,A,,B,SS,,,B,Kimono,,Evolution,
5,132,Ghost Flower-Epic,S,,,S,,A,SS,,,A,Kimono,,jp only???,
,133,,,,,,,,,,,,,,,
5,134,Peafowl Gown,S,,S,,S,,B,,,S,Chinese Classical,Dancer,,
2,135,Blouse Skirt,,A,A,,B,,,B,B,,Chinese Classical,,"Store, Mystery",
5,136,Qing Shadow Flower,SS,,S,,,B,,S,S,,Chinese Classical,,,
4,137,Orchid Dress,,SS,SS,,B,,A,,,B,Chinese Classical,,Recipe,Orchid's Chant
4,138,Apricot Court,S,,,S,,S,,B,,S,Modern China,Sun Care,"Store, Stage (4-12, P)",
3,139,Plain Bath Towel,,A,,A,,S,A,,,A,Shower,,Recipe,
4,140,Transparent Heart-White,S,,,S,,S,,B,,S,Floral,,"Mystery, Fantasy",
4,141,Transparent Heart-Green,,A,,S,,S,,C,,S,Floral,,Customize,
,142,,,,,,,,,,,,,,,
3,143,Miss Apron,,S,A,,,B,,A,S,,Winter,Apron,"Mystery, Fantasy",
,144,,,,,,,,,,,,,,,
,145,,,,,,,,,,,,,,,
3,146,Chic Plaid,,S,B,,S,,B,,,S,,,Fantasy,
3,147,Indoors Girl,,S,,A,B,,S,,,A,Unisex,,Recipe,
3,148,Secret of Dandelion,C,,A,,A,,A,,,S,Floral,,Store,
3,149,Secret of Snow,,S,,S,,S,,B,,S,Floral,,Customize,
2,150,Obedient Girl-White,,A,C,,,S,,A,,A,Unisex,,"Store, Mystery, Stage (5-1, M)",
2,151,Obedient Girl-Blue,,A,,C,,B,,S,S,,Unisex,,,
3,152,War Spirit,,S,,A,,A,A,,,A,Pajamas,,"Stage (1-1, M)",
3,153,Boundless Night,,A,A,,A,,A,,,A,,,Store,
,154,,,,,,,,,,,,,,,
2,155,Warm Autumn-Yellow,,S,A,,,A,B,,A,,Homewear,Winter,"Stage (1-4, M)",
2,156,Warm Autumn-Brown,,A,A,,A,,B,,A,,Homewear,Winter,Customize,
3,157,Snow Ears,,A,,S,,S,,C,,S,,,"Store, Mystery, Fantasy",
3,158,Kind Heart ,,S,,A,,A,,S,,A,,,"Mystery, Fantasy",
3,159,Mocha,,S,B,,,A,,A,S,,Unisex,,"Mystery, Fantasy",
3,160,Broken Wings,,S,S,,B,,S,,,S,Unisex,,"Store, Mystery, Fantasy",
,161,,,,,,,,,,,,,,,
2,162,Mist,,B,S,,,C,S,,,S,Bohemia,,"Store, Mystery",
3,163,Dreamy Rose,,B,SS,,C,,S,,,S,Bohemia,,,
,164,,,,,,,,,,,,,,,
4,165,Bunny Girl,,A,A,,B,,S,,,SS,Bunny,,Recipe,Bunny Girl
5,166,Bright Galaxy,A,,,A,,A,,A,,S,Lady,Lolita,7 day log in reward,Bright Galaxy
4,167,Hibernation ,,A,,S,,A,,A,S,,Winter,Modern China,Recipe,
,168,,,,,,,,,,,,,,,
4,169,Cake Manor,A,,,S,,S,,A,,A,Apron,,Achievement,Cake Manor
4,170,Mechanical Red,SS,,A,,,B,,B,S,,European,,,
3,171,Candy Heart,,S,,A,,A,,S,,A,Lolita,,Recipe,
3,172,Cream Puff Girl,S,,,B,,S,,A,A,,Lolita,,,
5,173,Tarot Master,SS,,B,,,S,S,,A,,Fairy,,,
4,174,Goldenleaf,S,,S,,A,,S,,,S,Evening Gown,,,
,175,,,,,,,,,,,,,,,
4,176,Pigeon Manor,B,,SS,,S,,B,,SS,,,,Store,
4,177,Classical Gold,S,,S,,S,,A,,A,,European,,,
5,178,Western Treasure ,S,,S,,S,,B,,S,,,,Fantasy,
3,179,Warm Dance,,B,A,,B,,B,,C,,European,,"Stage (2-9 M, 3-8 P), Association",
4,180,Nikki's Dance,A,,S,,S,,A,,S,,European,,Evolution,
4,181,Narr,,S,SS,,A,,B,,S,,European,,Mystery. Fantasy,
,182,,,,,,,,,,,,,,,
4,183,Monotone Flower,S,,S,,A,,S,,A,,European,,,
4,184,Grace,S,,S,,A,,,A,S,,European,,,
3,185,Female Coach,,A,S,,S,,,A,A,,,,"Store, Mystery, Fantasy",
,186,,,,,,,,,,,,,,,
3,187,Shallow Sky,,A,S,,,A,,S,A,,Sun care,Denim,"Mystery, Fantasy",
4,188,blue sky,S,,,S,,S,,S,B,,Suncare,,,
3,189,tea party,S,,C,,,S,,S,,S,Fairy,,store,
,190,,,,,,,,,,,,,,,
,191,,,,,,,,,,,,,,,
3,192,Vivid Strawberries,,A,A,,,S,,A,,A,,,"Mystery, Fantasy ",
,193,,,,,,,,,,,,,,,
3,194,Magic Dust,,A,,S,,A,,A,,A,,,"Mystery, Fantasy",
3,195,First Date,,S,B,,,S,C,,,S,,,,
3,196,Opera House,,S,S,,C,,S,,,B,,,Evolution,
3,197,Stolen Heart-Green,,SS,,B,,B,S,,,S,Floral,,"Mystery, Fantasy",
3,198,Stolen Heart,S,,,B,,B,S,,,SS,Floral,,Customize,
2,199,Sleet,,A,,C,,S,,A,,A,Homewear,,Store,
2,200,Flowerrain-Pink,,A,,A,,A,,A,,A,Homewear,Floral,Customize,
2,201,Flowerrain-Purple,,A,,C,,A,,S,,A,Homewear,Floral,Customize,
,202,,,,,,,,,,,,,,,
4,203,Seer's Wardrobe,,S,SS,,,B,A,,S,,Evening Gown,European,Recipe,
2,204,Shepherd's Pipe,,S,,A,,A,,C,,A,Pajama,,,
2,205,Sunset,,A,,A,,A,B,,,A,,,"VIP, Fantasy",
3,206,Masked Queen,S,,,A,,A,A,,,A,,,,
3,207,Bicolor Sweet Cone,,A,A,,A,,S,,,B,Office,,"Store. Mystery, Fantasy",
,208,,,,,,,,,,,,,,,
3,209,Marshmallow,,A,S,,,S,,A,A,,,,,
5,210,Cinnabar Cloud,,A,C,,S,,A,,,A,,,Monthly sign in reward,Cinnabar Cloud
,211,,,,,,,,,,,,,,,
4,212,Winery Lady,S,,A,,S,,S,,S,,,,Fantasy,
,213,,,,,,,,,,,,,,,
4,214,In the Mist,,S,,S,,B,S,,,S,,,,
2,215,Nightingale,,A,A,,A,,C,,A,,Preppy,Suncare,"Store, Mystery",
,216,,,,,,,,,,,,,,,
,217,,,,,,,,,,,,,,,
2,218,Lightened Stars ,,A,C,,,A,,A,A,,,,Store,
4,219,Dark Sculpture,,S,S,,A,,,B,A,,Evening Gown,,,
3,220,Black & White Galaxy,B,,,S,,S,A,,,S,,,Recipe,
3,221,flowers in memory,,S,,S,,B,,B,,S,,,"mystery, fantasy",
3,222,old photos,,S,,A,,A,,S,,A,,,recipe,
3,223,little daisy,,S,SS,,B,,C,,,S,Floral,,"mystery, fantasy",
2,224,Chorus,,A,,S,,A,C,,,A,,,Mystery,
3,225,Beloved ,,S,S,,,A,,B,,S,Floral,,"Mystery, Fantasy",
3,226,Thrill,,S,A,,A,,A,,,A,,,"Mystery, Fantasy",
2,227,Family Tutor,,A,,A,,B,,A,B,,Sun Care,,"Store, Mystery, Stage (4-4 M)",
2,228,word quiz,,A,,A,,A,,A,,B,,,mystery,
3,229,spring,,S,,S,,S,B,,,A,Floral,,store,
3,230,Traveling Philosophy,,S,,S,B,,,S,,B,Pet,,Fantasy,
,231,,,,,,,,,,,,,,,
3,232,Cherry Season,A,,,A,,A,,S,,A,Floral,,"Mystery, Fantasy",
2,233,Postcard,,A,,A,,A,,A,,A,,,"Store, Mystery",
5,234,madam butterfly,SS,,B,,,A,S,,,S,Fairy,,achievement,madam butterfly (pigeon)
4,235,snow pear soup,A,,,A,,SS,,B,,SS,,,fantasy,
3,236,excellent student,,S,,S,,A,,B,,A,,,store,
3,237,blue maid,,A,,S,,S,A,,,A,,,Stage (8-1m),
3,238,Scarlet Sea,,A,,A,,A,,C,,S,,,suit complete,
4,239,Snow White Waitress,S,,S,,,S,,A,,A,Maiden,,store,
,240,,,,,,,,,,,,,,,
4,241,glossing rose,A,,,S,,A,,S,,S,Lolita,,fantasy,glossing rose (lilith)
4,242,Dreamland Teatime,A,,A,,,S,,S,,S,Lolita,,Fantasy,Dreamland Teatime (Lilith)
4,243,night lolita,A,,S,,,S,,S,A,,Gothic,Lolita,fantasy,night lolita (lilth)
,244,,,,,,,,,,,,,,,
4,245,Locco's Tea Party,A,,S,,,S,,A,A,,Lolita,,Mystery,Locco's Tea Party (Lilith)
3,246,Wilds Flower,S,,S,,C,,,S,,S,Bohemia,,Recipe,Wilds Flower
4,247,afterglow,S,,S,,,A,,A,S,,Lolita,,Recipe,afterglow (cloud)
4,248,obscurity,S,,S,,,S,,S,A,,Lolita,,recipe,
5,249,Winter Angel,,S,B,,S,,,A,A,,,,First Recharge,Apple - Winter Angel
4,250,,,,,,,,,,,,,,,
4,251,Winter Angel-Pink,S,,S,,,A,,A,S,,,,Suit Completed,
,252,,,,,,,,,,,,,,,
5,253,Mirry,A,,,A,,A,,A,,A,,,Fantasy,
4,254,Sheer Dance,B,,SS,,,B,,S,,A,,,unavailable,sheer dance (apple)
,255,,,,,,,,,,,,,,,
4,256,childe,,S,A,,B,,,S,B,,Unisex,,recipe,romeo (troupe)
,257,,,,,,,,,,,,,,,
,258,,,,,,,,,,,,,,,
4,259,Dance of Venus,,S,S,,S,,S,,,S,Evening Gown,,Store,
2,260,Cloud Girl,,C,A,,A,,,A,,B,Chinese Classical,,"Store, Mystery",
3,261,Luxury Bathrobe,,A,,B,,A,S,,,S,Shower,,"Stage (3-6 M), Association",
3,262,blue fish,,B,,A,,S,,A,,S,Swimsuit,,"store, mystery, fantasy",
3,263,Sukumizu,,B,,A,,S,,A,,S,Swimsuit,,"Stage (4-2 M), Association",
4,264,Beach Dress,,A,S,,A,,,S,,A,Swimsuit,Modern China,Stage (6-5 P),
2,265,Radio Song,,A,A,,A,,A,,,A,,,"Mystery, Stage (2-6 P)",
2,266,Leno Red Satin,,A,A,,A,,,A,A,,Chinese Classical,,Stage (3-10 M),
2,267,caved magnolia,,A,A,,B,,,A,B,,Chinese Classical,,customize,
2,268,yellow bud,,A,B,,,B,,S,S,,Chinese Classical,,customize,
2,269,teabowl satin,,A,A,,B,,,A,A,,Chinese Classical,,customize,
3,270,Lovelorn Dream,,S,S,,,B,,S,A,,Chinese Classical,,"Store, Misty",
3,271,white clouds,,S,C,,S,,,S,S,,Chinese Classical,,customize,
3,272,aromatic wine,,S,B,,S,,,S,B,,Chinese Classical,,customize,
3,273,crab soup,,B,S,,,C,,S,S,,Chinese Classical,,customize,
3,274,Golden Screen,,S,S,,,B,,A,S,,Chinese Classical,,"Misty, Stage (6-10 M, 9-9 M, 10-6 M)",
3,275,clouds drift,,S,S,,,C,,S,A,,Chinese Classical,,customize,
3,276,railing candle,,B,A,,S,,,A,S,,Chinese Classical,,customize,
3,277,charming beauty,,A,A,,,A,,S,S,,Chinese Classical,,customize,
4,278,Shadow Pavilion,B,,S,,S,,,S,S,,Chinese Classical,,"Store, Misty",
4,279,dyed clouds,C,,S,,S,,,S,S,,Chinese Classical,,customize,
4,280,Red Shadow,S,,S,,S,,,B,S,,Chinese Classical,,Customize,
4,281,water sleeves,B,,SS,,S,,,S,B,,Chinese Classical,,customize,
3,282,Westlake Moon,,S,S,,S,,B,,,S,Republic of China,Cheongsam,"Misty, Stage (4-12 M)",
3,283,emerald cheongsam,,A,A,,A,,B,,,S,Republic of China,Cheongsam,customize,
3,284,crimson bud,,S,S,,S,,C,,,S,Republic of China,Cheongsam,customize,
3,285,colored cheongsam,,S,A,,A,,A,,,A,Republic of China,Cheongsam,customize,
3,286,Night Chill,,A,A,,A,,S,,,S,Republic of China,Cheongsam,"Misty, Stage (4-9 M)",
3,287,green peak,,S,A,,A,,A,,,S,Republic of China,Cheongsam,customize,
3,288,porcelain arrogance,,C,S,,S,,S,,,S,Republic of China,Cheongsam,Customize,
3,289,Solitary Return,,C,S,,S,,S,,,S,Republic of China,Cheongsam,Customize,
,290,,,,,,,,,,,,,,,
4,291,jade night,,B,S,,S,,B,,,SS,Republic of China,Cheongsam,store,
4,292,ridge plum,,B,S,,S,,S,,,S,Republic of China,Cheongsam,customize,
4,293,shallow grass,,S,B,,SS,,B,,,SS,Republic of China,Cheongsam,customize,
4,294,fallen petals,,S,S,,,A,A,,,S,Republic of China,Cheongsam,customize,
3,295,Apricot Leaves,B,,S,,B,,,S,S,,Chinese Classical,,"Misty, Stage (5-6 M)",
3,296,oriole,,S,S,,B,,,S,S,,Chinese Classical,,customize,
3,297,mulberry leaf,,S,B,,B,,,S,S,,Chinese Classical,,customize,
4,298,serenade,,A,A,,S,,A,,,S,,,store,
3,299,inspiration,B,,S,,S,,B,,,S,,,store,
4,300,ablaze night,,B,SS,,S,,B,,,S,Dancer,,"exchange, suit complete",
2,301,Newborn Wine,,S,A,,S,,C,,,A,Dancer,,Stage (4-3 M),
2,302,chanel,,A,A,,A,,,A,,A,,,store,
3,303,Leopard Allure-Gold,,S,B,,S,,S,,,B,,,Store,
3,304,Leopard Allure-Silver,,S,B,,S,,S,,,C,,,customize,
5,305,blue & white porcelain,S,,S,,,S,,S,,S,,,exchange,
4,306,shanghai alley,,B,SS,,B,,S,,,S,Republic of China,Cheongsam,store,
3,307,Peony Chant,,S,S,,B,,B,,,S,Republic of China,,"Misty, Stage (6-9 M)",
4,308,peony chant-rare,,A,SS,,A,,B,,,SS,Republic of China,Cheongsam,evolution,
2,309,waterside pavilion,,S,A,,C,,,A,,S,Republic of China,Cheongsam,suit complete,
3,310,sapphire mien,,A,B,,A,,S,,S,,,,store,
,311,,,,,,,,,,,,,,,
,312,,,,,,,,,,,,,,,
,313,,,,,,,,,,,,,,,
3,314,ladies's dress-brown,,S,S,,A,,,S,A,,Britain,,customize,
3,315,ladies's dress-white,,A,S,,B,,,S,A,,Britain,,customize,
3,316,aster-fish,B,,SS,,B,,,S,B,,Kimono,,customize,
3,317,aster-yellow,B,,S,,B,,,S,S,,Kimono,,customize,
3,318,aster-flower,B,,B,,S,,,S,S,,Kimono,,customize,
3,319,tranquil emerald,A,,A,,S,,,A,S,,Kimono,,customize,
3,320,tranquil ocean,A,,A,,S,,,A,A,,Kimono,,customize,
3,321,tranquil bud,A,,C,,S,,,S,S,,Kimono,,customize,
5,322,rustling bamboo-tea,S,,,S,,S,S,,,B,Kimono,,customize,
5,323,rustling bamboo-flower,S,,,S,,S,SS,,,B,Kimono,,customize,
5,324,rustling bamboo-poem,S,,,A,,SS,SS,,,B,Kimono,,customize,
4,325,fragrance villa-dream,S,,S,,B,,,B,S,,Kimono,,customize,
4,326,fragrance villa-daisy,A,,S,,A,,,S,S,,Kimono,,customize,
4,327,fragrance villa-ink,S,,S,,S,,,A,S,,Kimono,,customize,
3,328,Plain Bathrobe,,SS,,B,,B,,B,,SS,Kimono,,Store,
,329,,,,,,,,,,,,,,,
2,330,Hollow Flower,,S,S,,C,,C,,,S,,,Stage (1-2 M),
4,331,Nikki's Dress,B,,,S,,S,B,,,S,,,Store,
,332,,,,,,,,,,,,,,,
,333,,,,,,,,,,,,,,,
,334,,,,,,,,,,,,,,,
,335,,,,,,,,,,,,,,,
,336,,,,,,,,,,,,,,,
5,337,crystal rose,S,,S,,A,,S,,A,,,,,
5,338,let's go to the amusment park!,S,,,A,,S,A,,,A,,,jp event (looks inspired by minnie mouse),
5,339,primary school girl dream,B,,,A,,A,,A,,B,,,jp event,
4,340,timi's uniform-blue,,S,SS,,S,,,A,A,,Britain,,store,
4,341,timi's uniform-tartan,,A,S,,S,,,SS,A,,Britain,,customize,
6,342,black swan,S,,SS,,A,,SS,,,A,Dancer,,evolve,black swan
5,343,White Swan,A,,S,,,A,,SS,,B,Dancer,,Event,White Swan
,344,,,,,,,,,,,,,,,
,345,,,,,,,,,,,,,,,
,346,,,,,,,,,,,,,,,
3,347,timi's uniform-red,,A,S,,,B,,SS,A,,Britain,,customize,
3,348,timi's uniform-green,,B,S,,,B,,S,A,,Britain,,customize,
3,349,uniform skirt,,B,S,,A,,,S,B,,Britain,,store,
3,350,gym class,,B,,S,,A,,S,,A,Britain,,store,
3,351,silk pajamas-white,,B,,A,,A,,S,,S,Pajama,,"Stage (7-1,11-2,12-2m)",
3,352,silk pajamas-pink,,A,,B,,S,,A,,S,Pajama,,customize,
3,353,silk pajamas-blue,,A,,B,,A,,S,,S,Pajama,,customize,
3,354,silk pajamas-black,,B,,A,B,,S,,,S,Pajama,,customize,
5,355,Flower in Mirror,A,,SS,,S,,S,,,S,Modern China,Evening Gown,Misty,Flower in Mirror
4,356,floating shadow-grey,,B,S,,A,,,SS,,S,Evening Gown,,store,
4,357,floating shadow-purple,,A,S,,B,,SS,,,B,Evening Gown,,customize,
4,358,floating shadow-red,,A,,S,B,,,SS,,A,Evening Gown,,customize,
,359,,,,,,,,,,,,,,,
,360,,,,,,,,,,,,,,,
,361,,,,,,,,,,,,,,,
,362,,,,,,,,,,,,,,,
3,363,young princess-pink,A,,,A,,S,,S,,B,Dancer,,store,
3,364,young princess-green,A,,,B,,S,,S,,A,Dancer,,customize,
3,365,young princess-blue,A,,B,,,S,,S,,A,Dancer,,customize,
3,366,young princess-purple,B,,S,,,S,,B,,A,Dancer,,customize,
,367,,,,,,,,,,,,,,,
,368,,,,,,,,,,,,,,,
3,369,seafarer-blue,,A,,S,,A,,S,,B,Navy,,"store, Stage(7-6p)",
3,370,seafarer-grey,,A,,S,,A,,S,,B,Navy,,customize,
2,371,felucca,,B,,B,,S,,S,,B,Navy,,Stage (7-5m),
4,372,sailor girl-white,,A,,SS,,A,,S,,A,Navy,Sports,store,
4,373,sailor girl-grey,,A,,S,,A,,S,,B,Navy,,customize,
3,374,maiden's heart-blue,,Ｓ,,SS,,B,,B,,A,Denim,,Stage (7-6m),
3,375,maiden's heart-flower,,A,,S,,S,,B,,B,Floral,,customize,
3,376,maiden's heart-daisy,,B,,S,,A,,S,,A,Floral,,customize,
3,377,first encounter,,A,S,,,B,,S,,A,Chinese Classical,,misty,
3,378,teardrops,,B,S,,A,,,SS,,B,Chinese Classical,,customize,
3,379,flower rain,,B,S,,A,,,S,,B,Chinese Classical,,customize,
3,380,moon night,,B,S,,,A,,S,,B,Chinese Classical,,customize,
4,381,sentimental regret,A,,A,,,SS,,S,,B,Chinese Classical,,misty,
4,382,sea cranes,S,,SS,,S,,,B,,A,Chinese Classical,,customize,
4,383,city of gold,B,,SS,,S,,,A,,A,Chinese Classical,,customize,
3,384,Kapok,A,,S,,,S,,A,,B,Chinese Classical,,Misty,
3,385,fragrant scent,B,,S,,S,,,A,,A,Chinese Classical,,customize,
3,386,blue ice yarn,A,,S,,S,,,A,,B,Chinese Classical,,customize,
4,387,Jade Yard,SS,,A,,A,,,S,,A,Chinese Classical,,Misty,
4,388,spilled tea,S,,B,,,A,,SS,,A,Chinese Classical,,customize,
4,389,rippled waves,S,,A,,,SS,,A,,B,Chinese Classical,,customize,
3,390,blue lily,A,,A,,,S,,B,B,,European,,Stage (4-11 P),
4,391,Blue Lily-Rare,A,,A,,,S,,B,B,,European,,evolution,
3,392,ink orchid,S,,S,,A,,,B,,A,Modern China,Evening Gown,recipe,ink orchid-cloud
4,393,Cloud Dance-Red,,S,SS,,,A,,A,,A,Modern China,,Misty,
4,394,Cloud Dance-Blue,,,,,,,,,,,Modern China,,Customize,
5,395,Moon in Water,SS,,A,,,A,,SS,,A,Chinese Classical,,Misty,
,396,,,,,,,,,,,,,,,
6,397,stunning beauty,SS,,A,,A,,,SS,S,,Chinese Classical,,recipe,stunning beauty-cloud
6,398,stunning beauty-ink,A,,SS,,S,,SS,,S,,Chinese Classical,,customize,
4,399,ink wash painting,S,,SS,,A,,A,,,B,Modern China,Evening Gown,recipe,ink wash painting-apple
5,400,mori girl-epic,S,,SS,,,SS,,A,B,,Dryad,Pet,evolution,
4,401,Garden Tour-Yellow,,S,,SS,,B,,A,,B,Sports,Floral,Association,
4,402,garden tour-pink,,A,,S,,SS,,B,,A,Sports,Floral,customize,
4,403,garden tour-black,,SS,,A,S,,A,,,A,Sports,,customize,
4,404,garden tour-purple,,S,,A,,A,,SS,,A,Sports,Floral,customize,
,405,,,,,,,,,,,,,,,
5,406,queen of deer elf,,ss,,,ss,,,,,,,,recipe,queen of deer elf-pigeon
2,407,miss anna,,?,?,,,,,,,,,,unavailable,
3,408,miss anna-rare,,,?,,,?,,,,,,,evolution,
4,409,miss anna-epic,,,?,,?,,,,,,,,evolution,miss anna-pigeon
3,410,polychrome,B,,S,,A,,,S,B,,Chinese Classical,,Stage (8-.3p),
4,411,polychrome-rare,S,,S,,A,,,A,A,,Chinese Classical,,evolution,
5,412,polychrome-epic,SS,,SS,,S,,,B,A,,Chinese Classical,,evolution,polychrome-cloud
4,413,spring camellia,,S,S,,,A,,A,,A,Chinese Classical,,recipe,
5,414,spring camellia-rare,A,,S,,,S,,SS,,A,Chinese Classical,,evolution,spring camellia-cloud
3,415,light fairy,,S,B,,A,,,SS,,B,European,Goddess,recipe,
4,416,light fairy-rare,A,,A,,S,,,SS,,B,European,Goddess,evolution,
5,417,light fairy-epic,S,,A,,A,,,SS,,A,European,Goddess,evolution,light fairy-pigeon
5,418,dark elf-epic,SS,,S,,A,,SS,,,A,European,Goddess,customize,
4,419,fluffy dress,A,,,B,,SS,A,,SS,,Winter,,Stage (8-.1p),
5,420,fluffy dress-rare,A,,,A,,SS,A,,S,,Winter,,evolution,
,421,,,,,,,,,,,,,,,
,422,,,,,,,,,,,,,,,
,423,,,,,,,,,,,,,,,
,424,,,,,,,,,,,,,,,
,425,,,,,,,,,,,,,,,
,426,,,,,,,,,,,,,,,
,427,,,,,,,,,,,,,,,
3,428,nice summer,,S,S,,,B,,A,,B,,,jp,
,429,,,,,,,,,,,,,,,
,430,,,,,,,,,,,,,,,
,431,,,,,,,,,,,,,,,
3,432,socialite,B,,S,,B,,S,,,A,Gothic,,reconstruction,
4,433,socialite-rare,A,,SS,,A,,S,,,B,Gothic,,evolution,
5,434,socialite-epic,SS,,SS,,A,,A,,,A,Gothic,Evening Gown,evolution,
3,435,mori girl,,S,B,,,B,,SS,B,,Winter,Dryad,,
4,436,mori girl-rare,,A,SS,,,A,,S,A,,Winter,Dryad,evolution,
,437,,,,,,,,,,,,,,,
,438,,,,,,,,,,,,,,,
3,439,lucid stream,,S,B,,,B,,S,,B,,,reconstruction,
,440,,,,,,,,,,,,,,,
,441,,,,,,,,,,,,,,,
,442,,,,,,,,,,,,,,,
,443,,,,,,,,,,,,,,,
,444,,,,,,,,,,,,,,,
3,445,red sandalwood,,S,A,,B,,S,,,B,,,reconstruction,
,446,,,,,,,,,,,,,,,
,447,,,,,,,,,,,,,,,
,448,,,,,,,,,,,,,,,
,449,,,,,,,,,,,,,,,
,450,,,,,,,,,,,,,,,
3,451,houndstooth,,A,,S,,S,B,,,A,,,reconstruction,
,452,,,,,,,,,,,,,,,
,453,,,,,,,,,,,,,,,
,454,,,,,,,,,,,,,,,
,455,,,,,,,,,,,,,,,
3,456,autumn wind,,S,S,,A,,,B,,B,,,reconstruction,
,457,,,,,,,,,,,,,,,
,458,,,,,,,,,,,,,,,
,459,,,,,,,,,,,,,,,
4,460,twigs,A,,S,,,A,,SS,,A,Cheongsam,Modern China,reconstruction,
,461,,,,,,,,,,,,,,,
,462,,,,,,,,,,,,,,,
,463,,,,,,,,,,,,,,,
,464,,,,,,,,,,,,,,,
,465,,,,,,,,,,,,,,,
,466,,,,,,,,,,,,,,,
,467,,,,,,,,,,,,,,,
,468,,,,,,,,,,,,,,,
,469,,,,,,,,,,,,,,,
,470,,,,,,,,,,,,,,,
,471,,,,,,,,,,,,,,,
,472,,,,,,,,,,,,,,,
3,473,green apple soda,,S,A,,A,,,B,,A,,,Stage (9-6m),
3,474,abstract black 'n white,,A,S,,S,,,B,,B,,,customize,
3,475,low-profile skirt,,S,S,,A,,,A,,B,,,customize,
3,476,library girl,,S,S,,B,,,A,,A,,,Stage (9-1m),
3,477,girl next door,,B,S,,A,,,S,,A,,,customize,
3,478,adolescent,,A,S,,S,,,B,,B,,,customize,
3,479,candy doll,,A,B,,,S,,S,,A,Lolita,,Stage (9-4p),
4,480,candy doll-rare,A,,A,,,SS,,SS,,B,Lolita,,evolution,
5,481,candy doll-epic,SS,,A,,,S,,A,,S,Lolita,,evolution,candy doll (lilith)
3,482,prayer's voice,,S,SS,,B,,,A,,B,,,Stage (9-9p),
4,483,prayer's voice-rare,,S,SS,,S,,,B,B,,,,evolution,
5,484,prayer's voice-epic,,SS,S,,S,,,A,A,,,,evolution,
4,485,future space,A,,,S,,S,A,,,A,Futuristic,,recipe,future space-ruin
4,486,futer space-rosy,B,,,S,,A,SS,,,A,Futuristic,,customize,
4,487,maple leaf-red,,A,S,,SS,,,B,A,,Winter,,recipe,maple leaf-north
4,488,maple leaf-blue,,S,SS,,A,,,B,A,,Winter,,customize,
4,489,assassin faith,B,,,S,A,,SS,,,A,Swordsman,European,recipe,
5,490,assassin faith-rare,S,,,SS,A,,SS,,,A,Swordsman,European,evolution,assassin's faith-pigeon
5,491,assassin-wine,SS,,,A,A,,SS,,,A,Swordsman,European,customize,
5,492,dark leader,SS,,A,,SS,,A,,A,,European,,jp,
5,493,dark leader-day,S,,SS,,A,,A,,A,,European,,jp,
5,494,dark leader-night,S,,SS,,S,,A,,S,,European,,jp,
5,495,holly angel,SS,,SS,,A,,A,,A,,European,,jp,
4,496,rural pearl-red,A,,,S,,SS,,A,A,,European,,jp,
4,497,rural pearl-green,A,,,SS,,B,,S,A,,European,,jp,
4,498,rural pearl-blue,A,,,S,,S,,A,A,,European,,jp,
3,499,beige elegance,,S,S,,B,,,B,,A,,,jp,
3,500,pink elegance,,S,S,,A,,,A,,B,,,jp,
3,501,blue elegance,,S,S,,A,,,B,,A,,,jp,
3,502,navy elegance,,S,S,,A,,,B,,B,,,jp,
4,503,light feather-grey,,A,B,,SS,,S,,,A,,,jp,
4,504,light feather-pink,,A,A,,SS,,S,,,A,,,jp,
4,505,light feather-green,,A,A,,S,,S,,,A,,,jp,
4,506,light feather-navy,,B,B,,S,,SS,,,S,,,jp,
4,507,Sinful Flower (white),,A,SS,,S,,,A,A,,,,jp,
4,508,Sinful Flower (blue),,A,SS,,S,,,A,A,,,,jp,
4,509,Sinful Flower (red),,A,SS,,SS,,,A,B,,,,jp,
,510,,,,,,,,,,,,,,,
3,511,moonlight,,S,S,,A,,B,,,B,,,jp,
,512,,,,,,,,,,,,,,,
,513,,,,,,,,,,,,,,,
2,514,deer elf,B,,,B,,S,,S,B,,Dryad,,unavailable,
3,515,deer elf-rare,B,,,A,,S,,S,A,,Dryad,,evolution,
4,516,deer elf-epic,SS,,,A,,B,,S,A,,Dryad,,evolution,deer elf-apple
5,517,nightly spirit,S,,S,,A,,SS,,A,,European,,recipe,nightly spirit-pigeon
,518,,,,,,,,,,,,,,,
,519,,,,,,,,,,,,,,,
,520,,,,,,,,,,,,,,,
,521,,,,,,,,,,,,,,,
,522,,,,,,,,,,,,,,,
,523,,,,,,,,,,,,,,,
,524,,,,,,,,,,,,,,,
,525,,,,,,,,,,,,,,,
,526,,,,,,,,,,,,,,,
,527,,,,,,,,,,,,,,,
,528,,,,,,,,,,,,,,,
,529,,,,,,,,,,,,,,,
,530,,,,,,,,,,,,,,,
,531,,,,,,,,,,,,,,,
,532,,,,,,,,,,,,,,,
,533,,,,,,,,,,,,,,,
,534,,,,,,,,,,,,,,,
5,535,Marriage Embroidery,SS,,SS,,A,,A,,A,,Wedding,Classical China,jp,
4,536,Wisteria Vow,SS,,S,,,A,,A,A,,Wedding,,jp,
5,537,Immature Love,S,,,S,,SS,,A,A,,Wedding,Lolita,jp,
3,538,pink gauze dress,B,,S,,,S,,A,B,,,,fantasy,
3,539,date dress,A,,A,,,S,,S,A,,,,customize,
3,540,coffee dress,B,,,S,,S,,A,B,,,,customize,
5,541,snow lotus elf,B,,A,,SS,,S,,A,,,,fantasy,snow lotus-pigeon
,542,,,,,,,,,,,,,,,
,543,,,,,,,,,,,,,,,
,544,,,,,,,,,,,,,,,
,545,,,,,,,,,,,,,,,
,546,,,,,,,,,,,,,,,
,547,,,,,,,,,,,,,,,
,548,,,,,,,,,,,,,,,
,549,,,,,,,,,,,,,,,
,550,,,,,,,,,,,,,,,
4,551,Tsundere,,S,SS,,,A,,A,A,,,,jp,
,552,,,,,,,,,,,,,,,
,553,,,,,,,,,,,,,,,
,554,,,,,,,,,,,,,,,
,555,,,,,,,,,,,,,,,
,556,,,,,,,,,,,,,,,
,557,,,,,,,,,,,,,,,
,558,,,,,,,,,,,,,,,
,559,,,,,,,,,,,,,,,
,560,,,,,,,,,,,,,,,
,561,,,,,,,,,,,,,,,
,562,,,,,,,,,,,,,,,
,563,,,,,,,,,,,,,,,
,564,,,,,,,,,,,,,,,
,565,,,,,,,,,,,,,,,
,566,,,,,,,,,,,,,,,
,567,,,,,,,,,,,,,,,
,568,,,,,,,,,,,,,,,
,569,,,,,,,,,,,,,,,
4,570,yoko's dress,A,,,A,,S,,SS,,B,,,fantasy workshop,fairy tale cutie-4 seasons
4,571,song of lotus,A,,S,,A,,,SS,,B,Chinese Classical,,fantasy workshop,pure lotus-4 seasons
,572,,,,,,,,,,,,,,,
,573,,,,,,,,,,,,,,,
,574,,,,,,,,,,,,,,,
,575,,,,,,,,,,,,,,,
,576,,,,,,,,,,,,,,,
,577,,,,,,,,,,,,,,,
,578,,,,,,,,,,,,,,,
,579,,,,,,,,,,,,,,,
,580,,,,,,,,,,,,,,,
,581,,,,,,,,,,,,,,,
,582,,,,,,,,,,,,,,,
,583,,,,,,,,,,,,,,,
5,584,Best Peony,SS,,SS,,A,,,A,A,,Chinese Classical,,,
5,585,Female Heavenly Emperor,A,,SS,,SS,,A,,A,,Chinese Classical,,,
,586,,,,,,,,,,,,,,,
,587,,,,,,,,,,,,,,,
,588,,,,,,,,,,,,,,,
,589,,,,,,,,,,,,,,,
,590,,,,,,,,,,,,,,,
,591,,,,,,,,,,,,,,,
,592,,,,,,,,,,,,,,,
,593,,,,,,,,,,,,,,,
,594,,,,,,,,,,,,,,,
,595,,,,,,,,,,,,,,,
5,596,Flowers and Vines,SS,,A,,A,,S,,,A,,,jp,
3,597,Blue Butterfly Flower,B,,S,,A,,,S,,B,Modern China,,jp,
5,598,Pink Gift,B,,A,,,SS,,SS,,A,,,Connect to facebook,Festivals - Pink Wishes
3,599,Fading,B,,S,,S,,,B,,A,,,jp,
,600,,,,,,,,,,,,,,,
,601,,,,,,,,,,,,,,,
4,602,Docile,B,,SS,,SS,,B,,A,,Modern China,,,
,603,,,,,,,,,,,,,,,
4,604,sword girl,B,,A,,S,,SS,,A,,Swordsman,European,jp,
4,605,Rules of Falling in Love,B,,,A,,SS,,SS,,B,,,jp,
,606,,,,,,,,,,,,,,,
,607,,,,,,,,,,,,,,,
5,608,luxury beauty,SS,,SS,,A,,,S,,A,Goddess,,unavailable,princess azhar-festivals
,609,,,,,,,,,,,,,,,
,610,,,,,,,,,,,,,,,
,611,,,,,,,,,,,,,,,
,612,,,,,,,,,,,,,,,
,613,,,,,,,,,,,,,,,
,614,,,,,,,,,,,,,,,
,615,,,,,,,,,,,,,,,
,616,,,,,,,,,,,,,,,
5,617,Dissappointment,B,,S,,A,,,SS,,B,,,jp,
,618,,,,,,,,,,,,,,,
,619,,,,,,,,,,,,,,,
,620,,,,,,,,,,,,,,,
,621,,,,,,,,,,,,,,,
,622,,,,,,,,,,,,,,,
,623,,,,,,,,,,,,,,,
,624,,,,,,,,,,,,,,,
,625,,,,,,,,,,,,,,,
,626,,,,,,,,,,,,,,,
,627,,,,,,,,,,,,,,,
4,628,Thorn of Rose,SS,,SS,,B,,,A,,A,Evening Gown,,jp,
,629,,,,,,,,,,,,,,,
,630,,,,,,,,,,,,,,,
,631,,,,,,,,,,,,,,,
,632,,,,,,,,,,,,,,,
,633,,,,,,,,,,,,,,,
3,634,Sweet Whisper,A,,,S,,S,,B,,A,,,jp,
,635,,,,,,,,,,,,,,,
,636,,,,,,,,,,,,,,,
,637,,,,,,,,,,,,,,,
,638,,,,,,,,,,,,,,,
,639,,,,,,,,,,,,,,,
,640,,,,,,,,,,,,,,,
,641,,,,,,,,,,,,,,,
,642,,,,,,,,,,,,,,,
4,643,Sword Girl-Dark Purple,B,,S,,SS,,S,,,B,Swordsman,European,jp,
4,644,How to Fall in Love (one piece),B,,,S,,S,,A,,A,,,jp,
,645,,,,,,,,,,,,,,,
,646,,,,,,,,,,,,,,,
,647,,,,,,,,,,,,,,,
,648,,,,,,,,,,,,,,,
,649,,,,,,,,,,,,,,,
,650,,,,,,,,,,,,,,,
,651,,,,,,,,,,,,,,,
,652,,,,,,,,,,,,,,,
5,653,Ties,S,,SS,,A,,A,,,A,Wedding,,jp,
,654,,,,,,,,,,,,,,,
,655,,,,,,,,,,,,,,,
,656,,,,,,,,,,,,,,,
,657,,,,,,,,,,,,,,,
,658,,,,,,,,,,,,,,,
,659,,,,,,,,,,,,,,,
,660,,,,,,,,,,,,,,,
,661,,,,,,,,,,,,,,,
,662,,,,,,,,,,,,,,,
,663,,,,,,,,,,,,,,,
,664,,,,,,,,,,,,,,,
,665,,,,,,,,,,,,,,,
,666,,,,,,,,,,,,,,,
,667,,,,,,,,,,,,,,,
5,668,star yarn,,,,,,,,,,,,,unavailable,
,669,,,,,,,,,,,,,,,
5,670,clown's diamond disguise,SS,,S,,S,,S,,,A,European,,jp,
,671,,,,,,,,,,,,,,,
,672,,,,,,,,,,,,,,,
,673,,,,,,,,,,,,,,,
,674,,,,,,,,,,,,,,,
,675,,,,,,,,,,,,,,,
,676,,,,,,,,,,,,,,,
,677,,,,,,,,,,,,,,,
,678,,,,,,,,,,,,,,,
,679,,,,,,,,,,,,,,,
,680,,,,,,,,,,,,,,,
,681,,,,,,,,,,,,,,,
,682,,,,,,,,,,,,,,,
,683,,,,,,,,,,,,,,,
,684,,,,,,,,,,,,,,,
,685,,,,,,,,,,,,,,,
,686,,,,,,,,,,,,,,,
,687,,,,,,,,,,,,,,,
,688,,,,,,,,,,,,,,,
,689,,,,,,,,,,,,,,,
,690,,,,,,,,,,,,,,,
,691,,,,,,,,,,,,,,,
,692,,,,,,,,,,,,,,,
,693,,,,,,,,,,,,,,,
,694,,,,,,,,,,,,,,,
,695,,,,,,,,,,,,,,,
,696,,,,,,,,,,,,,,,
,697,,,,,,,,,,,,,,,
,698,,,,,,,,,,,,,,,
,699,,,,,,,,,,,,,,,
,700,,,,,,,,,,,,,,,
5,701,Rose Aria,S,,A,,,S,,SS,,A,,,jp,
,702,,,,,,,,,,,,,,,
,703,,,,,,,,,,,,,,,
,704,,,,,,,,,,,,,,,
5,705,Melody of Youth,B,,S,,B,,,S,,B,Britain,,60 friends,Youth Poem
,706,,,,,,,,,,,,,,,
,707,,,,,,,,,,,,,,,
,708,,,,,,,,,,,,,,,
5,709,lotus complex,?,,?,,,,,,,,,,VIP,Umbrella Memory-Cloud
5,710,machinist witch,,,,,?,,?,,,,,,VIP,Wings of Steam-Pigeon
5,711,anna's party,?,,?,,,,,,,,,,VIP,Anna's Party-Pigeon
5,712,love and peace,?,,?,,,,,,,,,,VIP,Crystal Lady-Pigeon
5,713,silent night,,,,,?,,?,,,,,,VIP,Magnificent Flower-Pigeon
5,714,elegant blossom,,,,,?,,?,,,,,,VIP,Suit Complete
,715,,,,,,,,,,,,,,,
,716,,,,,,,,,,,,,,,
,717,,,,,,,,,,,,,,,
,718,,,,,,,,,,,,,,,
,719,,,,,,,,,,,,,,,
,720,,,,,,,,,,,,,,,
,721,,,,,,,,,,,,,,,
,722,,,,,,,,,,,,,,,
,723,,,,,,,,,,,,,,,
,724,,,,,,,,,,,,,,,
,725,,,,,,,,,,,,,,,
,726,,,,,,,,,,,,,,,
,727,,,,,,,,,,,,,,,
,728,,,,,,,,,,,,,,,
,729,,,,,,,,,,,,,,,
,730,,,,,,,,,,,,,,,
,731,,,,,,,,,,,,,,,
,732,,,,,,,,,,,,,,,
,733,,,,,,,,,,,,,,,
,734,,,,,,,,,,,,,,,
,735,,,,,,,,,,,,,,,
,736,,,,,,,,,,,,,,,
,737,,,,,,,,,,,,,,,
,738,,,,,,,,,,,,,,,
,739,,,,,,,,,,,,,,,
,740,,,,,,,,,,,,,,,
,741,,,,,,,,,,,,,,,
,742,,,,,,,,,,,,,,,
,743,,,,,,,,,,,,,,,
,744,,,,,,,,,,,,,,,
,745,,,,,,,,,,,,,,,
,746,,,,,,,,,,,,,,,
,747,,,,,,,,,,,,,,,
,748,,,,,,,,,,,,,,,
,749,,,,,,,,,,,,,,,
,750,,,,,,,,,,,,,,,
,751,,,,,,,,,,,,,,,
,752,,,,,,,,,,,,,,,
,753,,,,,,,,,,,,,,,
,754,,,,,,,,,,,,,,,
,755,,,,,,,,,,,,,,,
,756,,,,,,,,,,,,,,,
,757,,,,,,,,,,,,,,,
,758,,,,,,,,,,,,,,,
,759,,,,,,,,,,,,,,,
,760,,,,,,,,,,,,,,,
,761,,,,,,,,,,,,,,,
,762,,,,,,,,,,,,,,,
,763,,,,,,,,,,,,,,,
5,764,Momoko's Uniform,S,,A,,SS,,SS,,A,,Paramedics,,jp event,
5,765,impish nurse,B,,,S,,SS,,S,A,,Paramedics,,jp event,
,766,,,,,,,,,,,,,,,
5,767,Devilish Doctor,S,,SS,,SS,,A,,,B,Paramedics,,jp event,
,768,,,,,,,,,,,,,,,
,769,,,,,,,,,,,,,,,
,770,,,,,,,,,,,,,,,
,771,,,,,,,,,,,,,,,
,772,,,,,,,,,,,,,,,
,773,,,,,,,,,,,,,,,
,774,,,,,,,,,,,,,,,
,775,,,,,,,,,,,,,,,
,776,,,,,,,,,,,,,,,
,777,,,,,,,,,,,,,,,
,778,,,,,,,,,,,,,,,
,779,,,,,,,,,,,,,,,
,780,,,,,,,,,,,,,,,
,781,,,,,,,,,,,,,,,
,782,,,,,,,,,,,,,,,
,783,,,,,,,,,,,,,,,
,784,,,,,,,,,,,,,,,
,785,,,,,,,,,,,,,,,
,786,,,,,,,,,,,,,,,
,787,,,,,,,,,,,,,,,
,788,,,,,,,,,,,,,,,
,789,,,,,,,,,,,,,,,
,790,,,,,,,,,,,,,,,
,791,,,,,,,,,,,,,,,
,792,,,,,,,,,,,,,,,
,793,,,,,,,,,,,,,,,
,794,,,,,,,,,,,,,,,
,795,,,,,,,,,,,,,,,
5,796,Shepherd Girl & Lamb,?,,,,,,,?,,,?,?,suit complete,
5,797,Maiden of Satiroth,S,,A,,,A,,SS,,A,Lolita,Apron,Event,Satiroth's Sheep
,798,,,,,,,,,,,,,,,
,799,,,,,,,,,,,,,,,
,800,,,,,,,,,,,,,,,
4,801,White Tea Porcelain,,,,,,?,,?,,,,,unavailable,Rabbit and Camellias-Lilith
,802,,,,,,,,,,,,,,,
,803,,,,,,,,,,,,,,,
5,804,Dream of Angelica,A,,,B,,SS,SS,,,S,Futuristic,,jp,
5,805,Angelica's Dream,A,,,A,,SS,SS,,,A,Futuristic,,jp,
5,806,Sactions,B,,,S,SS,,SS,,,S,Futuristic,,jp,
5,807,Soldier Rukia,SS,,,SS,A,,B,,,S,Futuristic,,jp,
,808,,,,,,,,,,,,,,,
,809,,,,,,,,,,,,,,,
,810,,,,,,,,,,,,,,,
,811,,,,,,,,,,,,,,,
,812,,,,,,,,,,,,,,,
,813,,,,,,,,,,,,,,,
,814,,,,,,,,,,,,,,,
,815,,,,,,,,,,,,,,,
,816,,,,,,,,,,,,,,,
,817,,,,,,,,,,,,,,,
,818,,,,,,,,,,,,,,,
,819,,,,,,,,,,,,,,,
,820,,,,,,,,,,,,,,,
,821,,,,,,,,,,,,,,,
,822,,,,,,,,,,,,,,,
,823,,,,,,,,,,,,,,,
,824,,,,,,,,,,,,,,,
,825,,,,,,,,,,,,,,,
,826,,,,,,,,,,,,,,,
,827,,,,,,,,,,,,,,,
,828,,,,,,,,,,,,,,,
,829,,,,,,,,,,,,,,,
,830,,,,,,,,,,,,,,,
,831,,,,,,,,,,,,,,,
,832,,,,,,,,,,,,,,,
,833,,,,,,,,,,,,,,,
,834,,,,,,,,,,,,,,,
,835,,,,,,,,,,,,,,,
,836,,,,,,,,,,,,,,,
,837,,,,,,,,,,,,,,,
,838,,,,,,,,,,,,,,,
,839,,,,,,,,,,,,,,,
,840,,,,,,,,,,,,,,,
,841,,,,,,,,,,,,,,,
,842,,,,,,,,,,,,,,,
,843,,,,,,,,,,,,,,,
5,844,Koi and Clear Stream,A,,SS,,SS,,,S,A,,Kimono,,jp,
5,845,Koi and Clear Stream-Blue,B,,S,,,SS,,SS,S,,Kimono,,jp,
5,846,Koi and Clear Stream-Gold,A,,SS,,SS,,,A,S,,Kimono,,jp,
,847,,,,,,,,,,,,,,,
,848,,,,,,,,,,,,,,,
,849,,,,,,,,,,,,,,,
5,850,Legendary Medium-Flower,A,,S,,SS,,S,,A,,Kimono,,jp,
5,851,Legendary Medium,SS,,S,,A,,A,,A,,Kimono,,jp,
,852,,,,,,,,,,,,,,,
,853,,,,,,,,,,,,,,,
,854,,,,,,,,,,,,,,,
,855,,,,,,,,,,,,,,,
,856,,,,,,,,,,,,,,,
,857,,,,,,,,,,,,,,,
,858,,,,,,,,,,,,,,,
4,859,graceful falling leaves,B,,SS,,SS,,A,,B,,,,jp,
,860,,,,,,,,,,,,,,,
,861,,,,,,,,,,,,,,,
,862,,,,,,,,,,,,,,,
,863,,,,,,,,,,,,,,,
,864,,,,,,,,,,,,,,,
,865,,,,,,,,,,,,,,,
,866,,,,,,,,,,,,,,,
5,867,snow princess,S,,SS,,SS,,A,,,A,Kimono,,jp,
,868,,,,,,,,,,,,,,,
,869,,,,,,,,,,,,,,,
,870,,,,,,,,,,,,,,,
,871,,,,,,,,,,,,,,,
,872,,,,,,,,,,,,,,,
,873,,,,,,,,,,,,,,,
,874,,,,,,,,,,,,,,,
,875,,,,,,,,,,,,,,,
,876,,,,,,,,,,,,,,,
5,877,Cherry Merch,SS,,,SS,,A,,A,,C,Lolita,,jp,
5,878,Naïve Request,SS,,,S,,A,,A,,A,Lolita,,jp,
,879,,,,,,,,,,,,,,,
,880,,,,,,,,,,,,,,,
,881,,,,,,,,,,,,,,,
,882,,,,,,,,,,,,,,,
,883,,,,,,,,,,,,,,,
,884,,,,,,,,,,,,,,,
,885,,,,,,,,,,,,,,,
,886,,,,,,,,,,,,,,,
,887,,,,,,,,,,,,,,,
,888,,,,,,,,,,,,,,,
,889,,,,,,,,,,,,,,,
,890,,,,,,,,,,,,,,,
,891,,,,,,,,,,,,,,,
,892,,,,,,,,,,,,,,,
,893,,,,,,,,,,,,,,,
,894,,,,,,,,,,,,,,,
,895,,,,,,,,,,,,,,,
,896,,,,,,,,,,,,,,,
,897,,,,,,,,,,,,,,,
,898,,,,,,,,,,,,,,,
,899,,,,,,,,,,,,,,,
,900,,,,,,,,,,,,,,,
,901,,,,,,,,,,,,,,,
,902,,,,,,,,,,,,,,,
,903,,,,,,,,,,,,,,,
,904,,,,,,,,,,,,,,,
,905,,,,,,,,,,,,,,,
,906,,,,,,,,,,,,,,,
,907,,,,,,,,,,,,,,,
,908,,,,,,,,,,,,,,,
,909,,,,,,,,,,,,,,,
,910,,,,,,,,,,,,,,,
,911,,,,,,,,,,,,,,,
,912,,,,,,,,,,,,,,,
,913,,,,,,,,,,,,,,,
,914,,,,,,,,,,,,,,,
,915,,,,,,,,,,,,,,,
,916,,,,,,,,,,,,,,,
,917,,,,,,,,,,,,,,,
,918,,,,,,,,,,,,,,,
,919,,,,,,,,,,,,,,,
,920,,,,,,,,,,,,,,,
5,921,protective god,A,,,A,,SS,,SS,,A,Kimono,,jp,
5,922,mysterious nextdoor neighbour,S,,,S,,B,,SS,,S,Kimono,,jp,
5,923,hermit goblin,SS,,A,,A,,SS,,A,,Kimono,,jp,
5,924,iron feathered goblin,S,,A,,S,,SS,,A,,Kimono,,jp,
5,925,metamorphosis,SS,,,SS,,A,,A,,A,Kimono,,jp,
5,926,foliage,SS,,SS,,,A,,A,,S,Kimono,,jp,
5,927,final banquet,SS,,S,,A,,SS,,A,,Kimono,,jp,
5,928,Song of Eccentricity,SS,,A,,A,,SS,,,A,Ethnic,,jp,
,929,,,,,,,,,,,,,,,
,930,,,,,,,,,,,,,,,
5,931,red leaf banquet,SS,,A,,SS,,A,,,S,Ethnic,,,
,932,,,,,,,,,,,,,,,
,933,,,,,,,,,,,,,,,
,934,,,,,,,,,,,,,,,
,935,,,,,,,,,,,,,,,
5,936,red spider lily's song,A,,S,,SS,,SS,,,A,Ethnic,,,
,937,,,,,,,,,,,,,,,
,938,,,,,,,,,,,,,,,
,939,,,,,,,,,,,,,,,
,940,,,,,,,,,,,,,,,
,941,,,,,,,,,,,,,,,
,942,,,,,,,,,,,,,,,
,943,,,,,,,,,,,,,,,
,944,,,,,,,,,,,,,,,
,945,,,,,,,,,,,,,,,
,946,,,,,,,,,,,,,,,
,947,,,,,,,,,,,,,,,
,948,,,,,,,,,,,,,,,
,949,,,,,,,,,,,,,,,
,950,,,,,,,,,,,,,,,
,951,,,,,,,,,,,,,,,
,952,,,,,,,,,,,,,,,
,953,,,,,,,,,,,,,,,
,954,,,,,,,,,,,,,,,
,955,,,,,,,,,,,,,,,
,956,,,,,,,,,,,,,,,
,957,,,,,,,,,,,,,,,
,958,,,,,,,,,,,,,,,
,959,,,,,,,,,,,,,,,
,960,,,,,,,,,,,,,,,
,961,,,,,,,,,,,,,,,
,962,,,,,,,,,,,,,,,
,963,,,,,,,,,,,,,,,
,964,,,,,,,,,,,,,,,
5,965,Early Blooming Cherry Blossom,S,,SS,,S,,,S,,A,Wedding,Kimono,jp,
5,966,To My Beloved,S,,A,,,A,,SS,,A,Wedding,Kimono,jp,
,967,,,,,,,,,,,,,,,
,968,,,,,,,,,,,,,,,
,969,,,,,,,,,,,,,,,
,970,,,,,,,,,,,,,,,
,971,,,,,,,,,,,,,,,
,972,,,,,,,,,,,,,,,
,973,,,,,,,,,,,,,,,
,974,,,,,,,,,,,,,,,
,975,,,,,,,,,,,,,,,
,976,,,,,,,,,,,,,,,
,977,,,,,,,,,,,,,,,
,978,,,,,,,,,,,,,,,
,979,,,,,,,,,,,,,,,
,980,,,,,,,,,,,,,,,
,981,,,,,,,,,,,,,,,
,982,,,,,,,,,,,,,,,
,983,,,,,,,,,,,,,,,
,984,,,,,,,,,,,,,,,
,985,,,,,,,,,,,,,,,
,986,,,,,,,,,,,,,,,
5,987,Hanami Cherry Princess,S,,SS,,A,,,SS,,A,Kimono,,jp,
5,988,SenbonZakura,A,,SS,,A,,,SS,,A,Kimono,,jp,
5,989,Cherry Mochi Girl,S,,,A,,SS,,SS,,A,,,jp,
5,990,Cherry-ish feelings,A,,A,,,SS,,SS,,A,Lolita,,jp,
,991,,,,,,,,,,,,,,,
,992,,,,,,,,,,,,,,,
,993,,,,,,,,,,,,,,,
,994,,,,,,,,,,,,,,,
,995,,,,,,,,,,,,,,,
,996,,,,,,,,,,,,,,,
,997,,,,,,,,,,,,,,,
,998,,,,,,,,,,,,,,,
,999,,,,,,,,,,,,,,,
,1000,,,,,,,,,,,,,,,
,1001,,,,,,,,,,,,,,,
,1002,,,,,,,,,,,,,,,
,1003,,,,,,,,,,,,,,,
5,1004,Unwavering Promise,A,,SS,,SS,,,A,,A,Preppy,,jp,
,1005,,,,,,,,,,,,,,,
,1006,,,,,,,,,,,,,,,
,1007,,,,,,,,,,,,,,,
,1008,,,,,,,,,,,,,,,
,1009,,,,,,,,,,,,,,,
,1010,,,,,,,,,,,,,,,
,1011,,,,,,,,,,,,,,,
,1012,,,,,,,,,,,,,,,
,1013,,,,,,,,,,,,,,,
,1014,,,,,,,,,,,,,,,
,1015,,,,,,,,,,,,,,,
,1016,,,,,,,,,,,,,,,
,1017,,,,,,,,,,,,,,,
,1018,,,,,,,,,,,,,,,
,1019,,,,,,,,,,,,,,,
5,1020,Koi Patterned Kimono,S,,S,,SS,,,A,A,,Kimono,,jp,
5,1021,Koi Patterned Kimono-Blue,A,,A,,,SS,,SS,S,,Kimono,,jp,
5,1022,Koi Patterned Kimono-Gold,A,,SS,,S,,,SS,A,,Kimono,,jp,
,1023,,,,,,,,,,,,,,,
,1024,,,,,,,,,,,,,,,
,1025,,,,,,,,,,,,,,,