"Welcome to the spreadsheet!Please help add sources and check names. Grey is for numbers that do not correspond to items. Teal is for items that need attribute data, comment to add. Thanks for contributing. Gorgeous Simple Elegant Lively Mature Cute Sexy Pure Warm Cool",,,,,,,,,,,,,,,,
Rare,Item,Name,,,,,,,,,,,Tags,,Sources,Set
2,1,Simple Sandals-Black,,A,,A,A,,,A,,A,,,"Store, Mystery",
2,2,Simple Sandals-Blue,,A,,A,,A,,A,,A,,,Customize,
4,3,Assistant-Boots,S,,,A,A,,,S,S,,Britain,,Exchange Mystery,
3,4,Polka Sandals - Blue,,S,,A,,A,,A,,S,Lady,,"Store, Mystery, Fantasy",
3,5,Polka Sandals-white,,S,,A,,A,,A,,S,Lady,,Customize,
3,6,Polka Sandals-pink,,S,,A,,A,,A,,A,Lady,,Customize,
3,7,Meteor,,S,C,,,S,,S,,S,,,"Store, Mystery, Fantasy",
4,8,Joyful Childhood - Pink,S,,,A,,S,,S,A,,,,"Recipe, Reward (3-8M)",
4,9,Childhood-Purple,S,,,A,,S,,A,S,,,,Customize,
4,10,Childhood-Blue,A,,,S,,S,,S,A,,,,Customize,
4,11,Childhood-Beige,A,,,S,,S,,S,A,,,,Customize,
4,12,Trident Knight,S,,,S,,S,,A,S,,,,"Mystery, Fantasy",
2,13,Purple Cloth Sandals,,B,,S,,A,,A,,A,,,"Store, Mystery",
2,14,Pearl Tears - Pink,,A,A,,,B,,S,,S,,,"Store, Mystery",
2,15,Pearl Tears-Black,,S,B,,A,,,S,,B,,,Customize,
2,16,Pearl Tears - White,,A,A,,A,,,A,,A,,,"Customize, Prologue",
3,17,Little Gentlemen,,B,S,,S,,,S,,B,Unisex,Britain,"Store, Mystery, Fantasy",
3,18,Coquettish Knight,,B,S,,S,,,S,,B,Unisex,Britain,Customize,
3,19,Courtesy,,B,S,,SS,,,S,,B,Unisex,Britain,Customize,
3,20,Nipped Boots,,S,,A,S,,,A,A,,Unisex,,Stage (4-1 M),
3,21,Nipped Boots-Brown,,A,,A,S,,,A,A,,Unisex,,Customize,
,22,,,,,,,,,,,,,,,
3,23,Nipped Boots-Leopard,A,,,A,S,,,A,S,,Unisex,,Customize,
3,24,Cross-Country Shoes,,S,,S,S,,,A,A,,Unisex,,"Mystery, Fantasy",
2,25,Ordinary Canvas Shoes,,A,,A,,B,,A,A,,Unisex,,"Mystery, Stage (3-7, 10-9, 13-5 M)",
2,26,Undying Dream,,B,,A,,A,,A,S,,Unisex,,Customize,
2,27,Flash Man,,A,,A,,B,,A,B,,Unisex,,Customize,
2,28,Gentle Breath,,A,,A,,A,,A,A,,Unisex,,Customize,
3,29,Obedience,,S,,B,,A,,S,,A,,,Mystery,
3,30,Cinnabar,,S,,B,,S,,S,,A,,,Customize,
3,31,Corundum,,S,,B,,S,,A,,S,,,Customize,Tabby Cat (Lilith)
5,32,Stars-Pink,S,,B,,,S,,S,,S,,,Mystery,
5,33,Stars-Green,S,,,A,,S,,S,,S,,,Customize,
5,34,Stars-Blue,S,,,S,,SS,,S,,S,,,Customize,Mid-Summer Stars (Lilith)
5,35,Sweet Teddy-Black,S,,,S,,S,,S,,S,Pet,,Mystery,
5,36,Sweet Teddy-Colors,S,,,S,,A,,S,,A,Pet,,Customize,
5,37,Sweet Teddy-White,SS,,,S,,S,,S,,S,Pet,,Customize,Marshmallow Teddy (Lilith)
3,38,Kite trail-Black,S,,C,,,A,S,,,S,,,Recipe,
3,39,Kite Trail-Blue,S,,B,,,B,S,,,S,,,Customize,
3,40,Kite Trail-White,S,,C,,S,,,S,,S,,,Customize,
3,41,Kite Trail-Pink,S,,B,,,S,,S,,S,,,Customize,
,42,,,,,,,,,,,,,,,
,43,,,,,,,,,,,,,,,
,44,,,,,,,,,,,,,,,
,45,,,,,,,,,,,,,,,
,46,,,,,,,,,,,,,,,
,47,,,,,,,,,,,,,,,
4,48,Glamour-Brown,S,,S,,C,,,S,,S,Europe,,Fantasy,
4,49,Glamour-Pink,SS,,,B,,A,,S,,S,Europe,,Customize,
4,50,Rose Heart,S,,,A,,S,,S,,A,Lolita,,Reward (4-.3 P),
4,51,Magic Machinery,S,,,s,,A,,S,S,,Europe,,Exchange Mystery,
4,52,The Heiress,A,,S,,S,,,B,,SS,Europe,,Fantasy,Duke's Daughter (Pigeon)
4,53,Glamorous Lady,B,,S,,A,,S,,,S,Europe,,Fantasy,The Gentle Madam (Pigeon)
4,54,Elf's Whisper,SS,,,A,,A,,B,,S,,,Recipe,Lily Fairy (Pigeon)
3,55,Peep-toe Sandals - White,,A,S,,,C,,A,,S,,,"Store, Mystery, Fantasy",
3,56,Peep-toe Sandals - Black,,A,S,,S,,B,,,A,,,Customize,
3,57,Peep-toe Sandals - Red,,S,S,,,B,,A,,S,,,Customize,
,58,,,,,,,,,,,,,,,
4,59,the cougar,,S,S,,A,,,S,,A,,,"mystery, fantasy",
3,60,joanna,,S,A,,S,,B,,,A,Office,,,
4,61,Swaying Willow,,S,S,,,S,,S,,S,Classical China,,"Mystery, Fantasy, Misty, Stage (6-5 P)",
5,62,Swaying Willow - Rare,,B,SS,,,S,,SS,,S,Classical China,,Evolve,
3,63,brushing past,,SS,A,,B,,,B,,B,Britain,,,
2,64,Nurse Shoes,,S,,B,,A,,A,,B,Paramedics,,Achievement,Apple - Angel in White
2,65,heart firework,,A,A,,,A,,S,,B,Kimono,,,
3,66,drunken dream,A,,S,,A,,A,,,S,Kimono,,recipe,
3,67,forging ahead,S,,A,,A,,A,,,A,Rock,,Stage p,
4,68,forging ahead-rare,A,,SS,,S,,S,,,S,Rock,,evolution,
3,69,sweet chocolate,,A,S,,A,,A,,,S,Office,,Stage p,
4,70,sweet chocolate-rare,,S,S,,S,,S,,,S,,,evolution,
5,71,sweet chocolate-epic,S,,S,,S,,S,,,S,,,evolution,
3,72,Music Box - Brown,,SS,A,,B,,B,,S,,Britain,,"Mystery, Fantasy",
3,73,flower fall,,SS,S,,B,,C,,,S,,,stage p,
4,74,flower fall-rare,S,,SS,,B,,B,,,S,,,evolution,
5,75,flower fall-epic,SS,,S,,B,,,B,,SS,,,evolution,
3,76,Panda Pajamas - Slippers,,A,,A,,A,,S,A,,Pajamas,Pet,Recipe,Apple - Panda Dreamland
3,77,heart pajama slipper,,A,,A,,A,,S,A,,Pajamas,,customize,
3,78,wars-black,B,,,S,B,,S,,S,,Rock,,,
,79,extreme luxury,?,,,,,,?,,,,,,"VIP, fantasy (lo)",dancing queen apple
4,80,floral bride,S,,S,,,A,,B,,SS,wedding,,,
4,81,fresh snow boots,,A,,S,,S,,A,S,,Dryad,winter,,
6,82,sea of stars,S,,S,,S,,S,,,S,,,,
,83,,,,,,,,,,,,,,,
4,84,night gothic,S,,S,,,S,,B,A,,gothic,,,
5,85,orchid dream-epic,S,,,A,,A,S,,,S,Classical China,,,
,86,,,,,,,,,,,,,,,
5,87,white brocade shoes,,S,SS,,B,,,S,,SS,Classical China,,,
3,88,orchid moon,,A,S,,C,,,S,,S,Classical China,,,ink orchid-cloud
3,89,maple ninja,S,,,A,,A,,A,,S,Swordsman,,,
4,90,maple ninja rare,SS,,,S,A,,,A,,SS,Swordsman,,,
5,91,maple ninja epic,SS,,,SS,S,,,A,,SS,Swordsman,,,
3,92,firelight,,A,,B,,S,,S,,S,Kimono,Shower,,
4,93,firelight rare,B,,S,,,A,,S,,S,Kimono,,,
5,94,firelight epic,SS,,,B,,S,,S,,S,Kimono,,,
,95,,,,,,,,,,,,,,,
3,96,orchid dream,,A,S,,,A,A,,,S,Classical China,,,
4,97,orchid dream-rare,S,,A,,,S,S,,,S,Classical China,,,
5,98,finch's beak,S,,S,,S,,S,,,A,Classical China,,,
4,99,warrior,,S,,S,,B,,S,S,,Unisex,,,
3,100,fleeting clouds,,a,s,,,a,,a,,a,Modern China,preppy,store,tender april cloud
3,101,mild beauty,,S,B,,,S,,S,,S,,,,
5,102,emerald flag,A,,SS,,,A,S,,S,,Classical China,,,
3,103,graceful orchid,,S,S,,,C,,S,,A,Classical China,,,
4,104,floral shadow,,C,S,,,S,,S,,S,,,,
2,105,jade slippers,,A,,A,,A,,A,,A,Shower,,,
3,106,leather shoes,,S,,S,,S,,S,,A,Lolita,,,
4,107,leather shoes-rare,,A,,A,,S,,S,,S,Lolita,,,
5,108,leather shoes-epic,S,,,S,,S,,S,,S,Lolita,,,
4,109,sunny day-green,,C,S,,,S,,SS,,S,,,,
4,110,sunny day-pink,C,,,S,,S,,S,,S,,,,
3,111,student shoes-brown,,B,A,,,S,,S,,S,Britain,,,
3,112,exquisite slippers,,A,,A,,S,,S,,S,Swimsuit,Shower,,
,113,,,,,,,,,,,,,,,
,114,,,,,,,,,,,,,,,
3,115,tassel shoes,S,,C,,,S,,A,S,,,,,
,116,,,,,,,,,,,,,,,
,117,,,,,,,,,,,,,,,
3,118,furred shoes,,A,,A,,S,,S,S,,Winter,,,
2,119,leather high heels-black,,A,A,,A,,A,,,A,,,,
2,120,leather high heels-red,,A,A,,A,,A,,,A,,,,
,121,,,,,,,,,,,,,,,
2,122,leather high heels-purple,,S,A,,A,,,B,,S,,,,
3,123,White High Heels,,A,A,,A,,A,,,A,,,Stage (1-3 M),
3,124,zebra footprint,,C,S,,A,,S,,,S,,,,
3,125,leopard high heels-silver,,B,B,,S,,S,,,S,Floral,,,
3,126,leopard high heels-yellow,S,,B,,S,,S,,,A,Floral,,,
,127,,,,,,,,,,,,,,,
,128,,,,,,,,,,,,,,,
3,129,buds ball white,,S,B,,B,,,S,,S,,,,
3,130,buds ball blue,,S,S,,,S,,S,,S,,,,
3,131,buds ball dark blue,,S,A,,A,,,A,,A,,,,
3,132,walking poetry white,,S,,B,,S,B,,,S,,,store,
3,133,walking poetry brown,,S,A,,,C,S,,,A,,,customize,
3,134,walking poetry yellow,,S,,S,,S,B,,,S,,,customize,
3,135,plaid impression-red,,S,A,,A,,A,,,A,,,store,
3,136,plaid impression-blue,,A,A,,S,,A,,,A,,,customize,
,137,,,,,,,,,,,,,,,
3,138,ankles's allure white,,B,S,,S,,S,,,S,,,,
3,139,ankles's allure pattern,,C,S,,S,,S,,,S,,,,
3,140,Joyful Bunny,,A,,A,,A,,A,,S,Pet,,Stage (2-7 M),
,141,,,,,,,,,,,,,,,
3,142,candy shoes yellow,,B,S,,,B,,S,,S,,,,
3,143,candy shoes blue,,S,S,,,B,,S,,S,,,,
3,144,candy shoes red,,S,B,,,B,,S,,S,,,,
4,145,secret of bloch,A,,S,,,S,,S,,S,,,,
,146,,,,,,,,,,,,,,,
2,147,Gray Board Shoes,,S,,B,,A,,A,,B,,,"Store, Mystery, Stage (4-7 M)",
2,148,studded skateboard,,A,,A,,A,,A,,A,,,,
2,149,green plaid shoes,,A,,A,,A,,A,,A,,,,
,150,,,,,,,,,,,,,,,
,151,,,,,,,,,,,,,,,
5,152,gommino,,S,,A,,A,,S,,A,,,,
,153,,,,,,,,,,,,,,,
,154,,,,,,,,,,,,,,,
3,155,purple potato,,,,,?,,?,,,,,,unavailable,
3,156,chocolate sauce,,SS,B,,B,,,B,,SS,,,,
1,157,highheels black,,C,A,,A,,,C,,A,,,,
1,158,high heels blue,,S,C,,C,,,S,,A,,,,
1,159,high heels cinnamon,,C,A,,B,,,S,,A,,,,
1,160,high heels pink,,S,C,,C,,,A,,A,,,,
,161,,,,,,,,,,,,,,,
,162,,,,,,,,,,,,,,,
3,163,black platform shoes,,S,,S,,C,,S,,S,,,,
3,164,strapped platform,,S,,S,,C,,A,,S,,,,
,165,,,,,,,,,,,,,,,
,166,,,,,,,,,,,,,,,
3,167,transparent shoes,S,,A,,,C,,S,,S,,,,
,168,,,,,,,,,,,,,,,
1,169,Homely Slippers - White,,B,,B,,A,,A,B,,Pajamas,Shower,"Store, Mystery, Stage (1-3 M, 8-3 M, 9-2 M, 12-4 M)",
,170,,,,,,,,,,,,,,,
1,171,Homely Slippers - Red,,A,,A,,A,,A,B,,Pajamas,Shower,Customize,
3,172,Europa - Black,,S,,S,,S,,B,B,,,,Store,
3,173,Europa - Brown,,SS,,A,,A,,A,A,,,,Customize,
3,174,Europa - Blue,,A,SS,,,A,,A,A,,,,Customize,
3,175,Europa - Red,,S,,S,,S,,S,B,,,,Customize,
,176,,,,,,,,,,,,,,,
,177,,,,,,,,,,,,,,,
3,178,neon,A,,A,,A,,,S,,A,,,,
3,179,navy,,S,A,,,B,,S,,A,,,,
,180,,,,,,,,,,,,,,,
,181,,,,,,,,,,,,,,,
,182,,,,,,,,,,,,,,,
,183,,,,,,,,,,,,,,,
3,184,absolute angle-black,,S,A,,A,,S,,,S,office,,,
3,185,absolute angle-purple,,S,A,,A,,A,,,A,office,,,
3,186,pointed pearl,,B,B,,B,,,SS,,SS,,,,
,187,,,,,,,,,,,,,,,
,188,,,,,,,,,,,,,,,
,189,,,,,,,,,,,,,,,
,190,,,,,,,,,,,,,,,
,191,,,,,,,,,,,,,,,
,192,,,,,,,,,,,,,,,
,193,,,,,,,,,,,,,,,
,194,,,,,,,,,,,,,,,
2,195,the pavilion,,B,S,,S,,C,,,S,,,,
,196,,,,,,,,,,,,,,,
,197,,,,,,,,,,,,,,,
,198,,,,,,,,,,,,,,,
,199,,,,,,,,,,,,,,,
,200,,,,,,,,,,,,,,,
,201,,,,,,,,,,,,,,,
,202,,,,,,,,,,,,,,,
,203,,,,,,,,,,,,,,,
,204,,,,,,,,,,,,,,,
,205,,,,,,,,,,,,,,,
,206,,,,,,,,,,,,,,,
4,207,camouflage deceit,,B,SS,,,S,,A,,SS,,,,
,208,,,,,,,,,,,,,,,
,209,,,,,,,,,,,,,,,
3,210,bloch's labryinth brown,,C,S,,A,,,A,S,,POP,,,
3,211,bloch's labyrinth white,,B,B,,S,,,B,SS,,POP,,,
3,212,british shoes-white,,S,,B,,S,,S,A,,,,,
,213,,,,,,,,,,,,,,,
3,214,british shoes-grey,,B,S,,,A,,S,S,,,,,
3,215,british shoes-brown,,C,S,,,S,,S,A,,,,,
,216,,,,,,,,,,,,,,,
2,217,peep toe heels-grey,,B,S,,S,,,B,,S,,,,
2,218,peep toe heels-red,,C,S,,S,,,C,,S,,,,
,219,,,,,,,,,,,,,,,
2,220,Sneakers - Green,,A,,A,,A,,A,A,,unisex,,"Store, Mystery,  Stage (5-12 M, 11-3 M, 13-3 M)",
2,221,Sneakers - Purple,,S,,A,,A,,A,A,,Unisex,,Customize,
2,222,running shoes-white,,A,,A,,A,,A,A,,Sports,,,
,223,,,,,,,,,,,,,,,
,224,,,,,,,,,,,,,,,
2,225,running shoes-red,,B,,S,,A,,A,B,,Sports,,,
3,226,rubber boots-pink,,B,,S,B,,,S,S,,Sports,,,
3,227,rubber boots-pruple,,A,,S,B,,,S,S,,Sports,,,
,228,,,,,,,,,,,,,,,
2,229,beach sandal-red,,A,,A,,A,,A,,A,Shower,pajamas,,
2,230,beach sandal-black,,A,,A,,A,,S,,A,Shower,pajamas,,
,231,,,,,,,,,,,,,,,
,232,,,,,,,,,,,,,,,
,233,,,,,,,,,,,,,,,
,234,,,,,,,,,,,,,,,
2,235,diamond glint,,S,A,,B,,,A,,S,,,,
,236,,,,,,,,,,,,,,,
,237,,,,,,,,,,,,,,,
,238,,,,,,,,,,,,,,,
,239,,,,,,,,,,,,,,,
3,240,Riveting Flames,,S,,S,B,,B,,,S,,,,
,241,,,,,,,,,,,,,,,
3,242,Silent Years,,S,S,,A,,A,,,S,,,Stage (3-5 M),
,243,,,,,,,,,,,,,,,
,244,,,,,,,,,,,,,,,
,245,,,,,,,,,,,,,,,
,246,,,,,,,,,,,,,,,
3,247,kimis rose black,S,,S,,S,,S,,,B,,,,
3,248,kimis rose white,S,,S,,S,,B,,,B,,,,
3,249,lace,,S,,A,A,,A,,,S,,,,
3,250,snakes of temptation,,S,A,,A,,A,,,S,,,,
,251,,,,,,,,,,,,,,,
,252,,,,,,,,,,,,,,,
3,253,Heart High Heels,,S,,B,,S,B,,,S,,,,
,254,,,,,,,,,,,,,,,
,255,,,,,,,,,,,,,,,
,256,,,,,,,,,,,,,,,
,257,,,,,,,,,,,,,,,
,258,,,,,,,,,,,,,,,
,259,,,,,,,,,,,,,,,
3,260,crocs blue,,A,,S,,A,,A,,A,POP,,,
,261,,,,,,,,,,,,,,,
,262,,,,,,,,,,,,,,,
3,263,crocs pink,,A,,S,,S,,A,,S,POP,,,
,264,,,,,,,,,,,,,,,
,265,,,,,,,,,,,,,,,
,266,,,,,,,,,,,,,,,
,267,,,,,,,,,,,,,,,
,268,,,,,,,,,,,,,,,
,269,,,,,,,,,,,,,,,
3,270,Paper plane,,S,,S,C,,,S,,S,,,,
,271,,,,,,,,,,,,,,,
,272,,,,,,,,,,,,,,,
,273,,,,,,,,,,,,,,,
,274,,,,,,,,,,,,,,,
3,275,gem sandals silver,A,,,A,,B,A,,,S,,,,
3,276,gem sandals-gold,B,,,A,,A,S,,,S,,,,
2,277,cozy shoes,,A,B,,,A,,B,,A,,,,
,278,,,,,,,,,,,,,,,
2,279,Short snow boots brown（茶）,,A,,A,,A,,S,A,,winter,,,
2,280,short snow boots grey,,S,,B,,A,,A,A,,winter,,,
3,281,long snow boots brown,,A,,S,,A,,S,A,,winter,,,
3,282,long snow boots white,,A,,A,,S,,A,A,,winter,,,
3,283,snow boots,,S,C,,,S,,A,S,,winter,,,
,284,,,,,,,,,,,,,,,
,285,,,,,,,,,,,,,,,
,286,,,,,,,,,,,,,,,
,287,,,,,,,,,,,,,,,
,288,,,,,,,,,,,,,,,
,289,,,,,,,,,,,,,,,
,290,,,,,,,,,,,,,,,
,291,,,,,,,,,,,,,,,
4,292,black diamond,S,,B,,S,,S,,S,,,,,
,293,,,,,,,,,,,,,,,
3,294,over-knee boots,,S,A,,A,,A,,S,,,,,
4,295,fold over boots,,SS,S,,,A,,B,SS,,,,,
,296,,,,,,,,,,,,,,,
,297,,,,,,,,,,,,,,,
,298,,,,,,,,,,,,,,,
,299,,,,,,,,,,,,,,,
,300,,,,,,,,,,,,,,,
3,301,Deciduous ,B,,,B,,B,,SS,S,,Lolita,,,
3,302,Maple Grove,S,,,A,,A,,A,S,,Lolita,,,
3,303,Nougat,,S,,A,,A,,A,S,,Lolita,,,
,304,,,,,,,,,,,,,,,
,305,,,,,,,,,,,,,,,
,306,,,,,,,,,,,,,,,
,307,,,,,,,,,,,,,,,
,308,,,,,,,,,,,,,,,
,309,,,,,,,,,,,,,,,
,310,,,,,,,,,,,,,,,
,311,,,,,,,,,,,,,,,
,312,,,,,,,,,,,,,,,
,313,,,,,,,,,,,,,,,
,314,,,,,,,,,,,,,,,
,315,,,,,,,,,,,,,,,
,316,,,,,,,,,,,,,,,
,317,,,,,,,,,,,,,,,
,318,,,,,,,,,,,,,,,
,319,,,,,,,,,,,,,,,
,320,,,,,,,,,,,,,,,
,321,,,,,,,,,,,,,,,
,322,,,,,,,,,,,,,,,
3,323,preimer's objection,,,,,,?,,?,,,,,unavialable,
3,324,doll shoes white,,A,,A,,A,,A,,A,,,,
3,325,doll shoes pink,,S,B,,,S,,S,,S,,,,
,326,,,,,,,,,,,,,,,
3,327,doll shoes pink,,S,,S,,B,,A,,S,,,,
,328,,,,,,,,,,,,,,,
,329,,,,,,,,,,,,,,,
,330,,,,,,,,,,,,,,,
,331,,,,,,,,,,,,,,,
,332,,,,,,,,,,,,,,,
,333,,,,,,,,,,,,,,,
,334,,,,,,,,,,,,,,,
,335,,,,,,,,,,,,,,,
,336,,,,,,,,,,,,,,,
,337,,,,,,,,,,,,,,,
,338,,,,,,,,,,,,,,,
,339,,,,,,,,,,,,,,,
4,340,mousse,A,,,S,,S,,S,,S,Lolita,,,
4,341,mousse grey,A,,S,,,A,,S,,S,Lolita,,,
4,342,mousse green,A,,S,,,S,,A,,S,Lolita,,,
4,343,mousee black,S,,,S,,A,,S,,A,Lolita,,,
2,344,gentle waiter shoes,,A,A,,B,,,S,,A,Unisex,Britain,,
2,345,polite waiter shoes,,B,A,,A,,,A,,A,Unisex,Britain,,
,346,,,,,,,,,,,,,,,
,347,,,,,,,,,,,,,,,
4,348,bunny high heels,,S,S,,S,,A,,,S,,,,
5,349,Array of Stars,,C,S,,S,,A,,,A,,,Login,Apple - Bright Galaxy
3,350,cloud furry boots,,C,,A,,S,,S,A,,Winter,,,
3,351,pastoral pizza,,A,,A,,A,,A,A,,Europe,,,
3,352,doctor shoes,,S,A,,S,,A,,,S,,,,
4,353,rabbit hole,S,,,S,,S,,S,,A,Fairy,,,
4,354,oceans conquer blue,,A,,S,,S,,S,S,,Unisex,,,
4,355,devout flower shoe,,S,,A,,S,,S,,S,Lolita,Lady,fantasy,
4,356,adolescence,A,,,S,,S,,S,,A,Lolita,Britain,,
3,357,princess time,A,,,S,,A,,S,,A,Lolita,,,
4,358,proaing metal,,S,S,,,S,,A,A,,Europe,,,
3,359,candy heart shoes,A,,,A,,S,,A,,A,Lolita,,,
5,360,nectar,B,,,B,,B,,B,,B,Lolita,,,
3,361,cream puff,A,,S,,,A,,A,S,,Lolita,,,
5,362,augur of spirit,S,,,B,,S,,S,,S,,,,
4,363,golden leaves,S,,SS,,,A,S,,,S,,,,
,364,,,,,,,,,,,,,,,
4,365,Studded Boots,S,,,S,A,,S,,,S,Rock,,"Store, Mystery, Fantasy",Apple - Rock Singer
,366,,,,,,,,,,,,,,,
,367,,,,,,,,,,,,,,,
5,368,sweet zong,A,,S,,A,,,A,B,,,,,
,369,sweet syrup,,,,?,,?,,,,,,,"Vip, fantasy (lo)",cutie strawberry lilith
3,370,lace sandals,,A,A,,A,,A,,,A,,,,
,371,,,,,,,,,,,,,,,
3,372,trendsetter slippers,,S,,A,B,,,A,,S,,,,
4,373,star wish,,A,S,,,S,,A,,S,,,,
,374,,,,,,,,,,,,,,,
,375,,,,,,,,,,,,,,,
,376,,,,,,,,,,,,,,,
,377,,,,,,,,,,,,,,,
3,378,cheese stick,,S,S,,B,,B,,,S,,,,
2,379,Pandora's Box,,B,S,,S,,B,,,S,,,Store,
,380,,,,,,,,,,,,,,,
,381,,,,,,,,,,,,,,,
2,382,starfish sandals,,A,,A,,A,,A,,A,,,,
2,383,pink sandals,,A,,A,,A,,A,,A,,,,
5,384,butterfly dream,SS,,A,,B,,SS,,,S,Fairy,,,
3,385,snow poetry,,S,A,,,A,S,,,B,,,,
3,386,pink dancing shoes,,S,,A,,A,,S,,A,Lady,,,
3,387,print flats,,A,A,,,S,,A,,S,,,,
4,388,splendid rose,A,,A,,,S,,A,,S,Lolita,,,
4,389,dream garden,S,,S,,C,,S,,,A,Lolita,,,
4,390,dark night gothic,S,,S,,,A,,A,S,,Gothic,Lolita,,
,391,,,,,,,,,,,,,,,
3,392,prime secretary shoe,S,,S,,,C,A,,,S,,,,
4,393,locco shoe cabinet,S,,B,,,S,,S,A,,Lolita,,,
3,394,wasteland sandals,SS,,B,,B,,S,,,S,Bohemia,,,
4,395,super agent shoes,C,,S,,SS,,S,,S,,Swordsman,Rock,,
4,396,sunset scenery,,C,SS,,S,,,S,,S,Modern China,,,
4,397,misty rain,,C,S,,S,,,S,,S,Modern China,,,
5,398,Long Snow Boots,,A,S,,,A,,S,B,,,,Recharge,Apple - Winter Angel
,399,,,,,,,,,,,,,,,
3,400,black patent leather,,A,A,,A,,A,,A,,,,,
3,401,red patent leather,,A,A,,A,,S,,A,,,,,
5,402,cradle of snow,S,,,A,,S,,S,,C,,,,
2,403,cradle of snow-blue,A,,A,,,A,,A,,A,,,,
,404,,,,,,,,,,,,,,,
2,405,cradle of snow-black,A,,A,,,A,,A,,A,,,,
,406,,,,,,,,,,,,,,,
,407,,,,,,,,,,,,,,,
,408,,,,,,,,,,,,,,,
,409,,,,,,,,,,,,,,,
4,410,chiffon shoes,A,,,A,,S,S,,,B,,,,
,411,,,,,,,,,,,,,,,
,412,,,,,,,,,,,,,,,
4,413,chiffon shoes-white,,,?,,,?,,,,,,,unavail,
5,414,the empress,,,?,,?,,,,,,,,"Vip, fantasy (lo)",epic empress cloud
2,415,緑葉レインシューズ,,B,,B,B,,,B,,S,Rainy Day,,jp,
,416,,,,,,,,,,,,,,,
,417,,,,,,,,,,,,,,,
,418,,,,,,,,,,,,,,,
2,419,ハイカットシューズ,,A,A,,A,,A,,A,,,,jp,
2,420,models swagger,,C,A,,S,,A,,S,,,,,
4,421,bone ink,S,,A,,A,,S,,,S,,,,
3,422,high realm-black,,B,S,,S,,S,,,S,,,,
3,423,high realm-rosy,,C,S,,S,,A,,,S,,,,
2,424,enchanting purple,,A,A,,A,,A,,,A,,,,
3,425,Night Tusk,B,,S,,S,,A,,,S,,,"Store, Stage (1-8 M)",
4,426,winding flower,?,,?,,,,,,,,,,unavailable,
,427,,,,,,,,,,,,,,,
,428,,,,,,,,,,,,,,,
,429,,,,,,,,,,,,,,,
,430,,,,,,,,,,,,,,,
,431,,,,,,,,,,,,,,,
3,432,studnet shoes black,,S,B,,,B,,S,B,,Britain,,,
,433,,,,,,,,,,,,,,,
,434,,,,,,,,,,,,,,,
2,435,white snow shoes,,A,A,,,A,,A,,A,,,jp?,
,436,,,,,,,,,,,,,,,
,437,,,,,,,,,,,,,,,
,438,,,,,,,,,,,,,,,
,439,,,,,,,,,,,,,,,
,440,,,,,,,,,,,,,,,
,441,,,,,,,,,,,,,,,
,442,,,,,,,,,,,,,,,
,443,,,,,,,,,,,,,,,
,444,,,,,,,,,,,,,,,
,445,,,,,,,,,,,,,,,
3,446,bud balls pink,,B,S,,,S,B,,,S,,,,
3,447,walkign poetry blue,,B,S,,,S,B,,,S,,,,
3,448,dark blue secrets,,A,S,,A,,A,,,S,,,,
4,449,a maiden heart-pink,S,,B,,S,,,S,B,,,,,
4,450,a maiden heart-red,S,,B,,S,,,S,B,,,,,
,451,,,,,,,,,,,,,,,
3,452,round and fluffy-black,B,,S,,S,,,S,B,,,,,
3,453,round and fluffy-pink,A,,SS,,B,,,SS,B,,,,,
2,454,round and fluffy0red,B,,A,,,B,,SS,A,,,,,
,455,,,,,,,,,,,,,,,
3,456,bellona,,B,A,,S,,A,,A,,,,,
,457,,,,,,,,,,,,,,,
3,458,music box black,,S,,B,S,,,B,S,,Britain,,,
,459,,,,,,,,,,,,,,,
,460,,,,,,,,,,,,,,,
,461,,,,,,,,,,,,,,,
,462,,,,,,,,,,,,,,,
,463,,,,,,,,,,,,,,,
,464,,,,,,,,,,,,,,,
,465,,,,,,,,,,,,,,,
,466,,,,,,,,,,,,,,,
,467,,,,,,,,,,,,,,,
3,468,wars brown,A,,,C,S,,S,,S,,Rock,,,
,469,,,,,,,,,,,,,,,
4,470,oceans conquer white,,A,,S,,S,,S,S,,Unisex,,,
4,471,oceans conquer black,,S,,A,,S,,S,S,,Unisex,,,
4,472,oceans conquer grey,,A,,S,,A,,A,S,,Unisex,,,
,473,,,,,,,,,,,,,,,
,474,,,,,,,,,,,,,,,
,475,,,,,,,,,,,,,,,
,476,,,,,,,,,,,,,,,
,477,,,,,,,,,,,,,,,
5,478,Ice Roses,S,,A,,,S,A,,B,,,,Achievement,Pigeon - Crystal Rose
5,479,遊びに行こう,,S,S,,,S,,S,,A,,,,
5,480,ピンクうさぎ,,B,,A,,S,,S,,A,,,,
6,481,wild dance,S,,A,,A,,S,,,S,,,,
5,482,snowy wings,A,,S,,A,,A,,,S,,,,
3,483,learning journey,,S,,S,,A,,A,,B,Sports,,,
,484,,,,,,,,,,,,,,,
3,485,seashore sandals,,A,,S,,A,,S,,A,Navy,,,
3,486,rainy season,,A,,B,,S,,A,,S,,,,
3,487,primitive tribe,A,,,S,,B,,A,S,,エスニック,,,
3,488,ink riding boots,,S,,S,B,,,A,,A,modern china,swordsman,,
2,489,azure flower,,S,S,,A,,B,,,B,,,,
3,490,azure flower-rare,,S,S,,,B,A,,,B,Europe,,,
3,491,orchid touch,S,,A,,B,,S,,,A,Modern China,,,
4,492,blue poreclain shoes,,A,S,,SS,,,A,,A,Modern China,,,
4,493,cloud dance shoes,,A,S,,SS,,,A,,B,Modern China,,,
5,494,Floral Brocade,S,,S,,S,,S,,,S,Modern China,,"Misty, Jade",Cloud - Flower in Mirror
4,495,northern soldier booots,,A,,S,A,,SS,,,A,Military,,,
,496,limpid tears,,,,,?,,?,,,,,,"vip, low fantasy",diamond mermaid apple
6,497,embroidered shoes,SS,,SS,,A,,,S,,S,,,,
6,498,embroidered shoes-blue,A,,A,,,SS,SS,,,S,,,,
4,499,blue and white shoes,,SS,S,,A,,B,,,A,,,,
4,500,gentleman of bloch,,S,A,,SS,,,A,B,,Unisex,,,
,501,,,,,,,,,,,,,,,
5,502,thief's boots rare,B,,SS,,SS,,A,,A,,Unisex,Europe,,
5,503,sheep boots rare,S,,SS,,,SS,,A,A,,Pet,,,
4,504,lotus heels,A,,SS,,,A,,S,A,,,,,
4,505,prance,SS,,B,,,S,,A,A,,,,,
4,506,high top flats-yellow,,S,,A,,A,,S,A,,,,,
4,507,high top flats-pink,,SS,,A,,S,,A,A,,,,,
4,508,high top flats-black,,S,,SS,,A,,A,A,,,,,
,509,,,,,,,,,,,,,,,
5,510,deer antler,,,?,,,,?,,,,,,recipe,queen of deer elf pigeon
2,511,pink doll,,,,,,?,,?,,,,,unavailable,
3,512,pink doll-rare,,,,,,?,,?,,,,,evolution,
4,513,pink doll-epic,,,,,,?,,?,,,,,evolution,miss anna pigeon
3,514,crímson shoes,,S,B,,,A,,S,,A,,,,
4,515,crimson shoes-rare,,SS,A,,,A,,S,,A,,,,
5,516,crimson shoes-epic,,SS,A,,,A,,SS,,A,,,,polychrome cloud
4,517,hope spring,,S,A,,,A,,S,,A,,,,
5,518,hope spring-rare,A,,S,,,A,,SS,,S,,,,
4,519,lop princess,S,,A,,,SS,,B,B,,,,,
5,520,lop princess-rare,SS,,S,,,SS,,A,S,,Pet,,,
3,521,fashion ol,,S,S,,B,,,B,,A,,,,
3,522,水玉リボン,,B,S,,,S,,B,,B,,,,
,523,,,,,,,,,,,,,,,
,524,,,,,,,,,,,,,,,
,525,,,,,,,,,,,,,,,
3,526,hidden buckle,,S,S,,,A,,B,,A,Gothic,,,
4,527,hidden buckle-rare,,SS,S,,,A,,A,,A,Gothic,,,
5,528,hidden buckle-epic,S,,SS,,,S,,S,A,,Gothic,,,
4,529,sheep boots,,SS,A,,,SS,,B,A,,,,,
,530,,,,,,,,,,,,,,,
,531,,,,,,,,,,,,,,,
4,532,thief boots,A,,S,,S,,A,,A,,Unisex,,,
3,533,condensed cloud,,S,A,,S,,B,,,B,,,,
2,534,fruit sugar,,S,B,,,S,,B,,B,,,,
3,535,fruit sugar-rare,B,,A,,,S,,S,,B,,,,
4,536,fruit sugar-epic,A,,B,,,SS,,SS,,A,,,,
2,537,holy notes,,S,S,,A,,,A,,B,,,,
3,538,holy notes-rare,,B,S,,A,,,S,,A,,,,
4,539,holy notes-epic,A,,SS,,S,,,A,,A,,,,
4,540,metal airspace,A,,S,,SS,,B,,,A,近未来,,,
4,541,metal airspace-rose,A,,S,,,SS,B,,,A,Futuristic,,,
4,542,maple woods,S,,SS,,S,,A,,,A,,,,
4,543,carp joy,A,,S,,,A,,S,,A,,,,
3,544,sword shadow,,S,A,,S,,,A,,B,Swordsman,,,
4,545,sword shadow-rare,A,,S,,A,,S,,A,,Swordsman,,,
4,546,sword shadow-tile,A,,SS,,SS,,A,,B,,Swordsman,,,
5,547,地獄のグルニエ,A,,SS,,A,,SS,,A,,,,jp?,
5,548,天国への梯子,S,,SS,,A,,SS,,,S,,,jp?,
4,549,牧歌（茶）,B,,SS,,,S,,A,A,,,,jp?,
4,550,牧歌（緑）,A,,SS,,,SS,,A,A,,,,jp?,
4,551,牧歌（青）,A,,SS,,,S,,A,B,,,,jp?,
4,552,濃厚ココア,A,,S,,SS,,A,,A,,,,jp?,
3,553,青色淑女,,S,A,,S,,B,,,B,,,jp?,
4,554,赤ビジューサンダル,,S,A,,S,,S,,,A,,,jp?,
,555,,,,,,,,,,,,,,,
5,556,夢世界の使い,SS,,,S,,SS,S,,S,,,,jp?,
5,557,夢世界の使い（青）,SS,,,S,,SS,,S,S,,,,jp?,
5,558,夢世界の使い（緋）,S,,,S,,SS,,SS,S,,,,jp?,
2,559,tassel boots,,S,B,,S,,A,,B,,,,event,
3,560,tassel boots-rare,S,,B,,S,,A,,A,,,,evolution,
4,561,tassel boots-epic,SS,,,B,,S,,A,A,,,,evolution,deer elf apple
5,562,dark swings,A,,SS,,A,,SS,,A,,,,,
,563,,,,,,,,,,,,,,,
,564,,,,,,,,,,,,,,,
,565,,,,,,,,,,,,,,,
,566,,,,,,,,,,,,,,,
,567,,,,,,,,,,,,,,,
,568,,,,,,,,,,,,,,,
,569,,,,,,,,,,,,,,,
,570,,,,,,,,,,,,,,,
,571,,,,,,,,,,,,,,,
,572,,,,,,,,,,,,,,,
,573,,,,,,,,,,,,,,,
,574,,,,,,,,,,,,,,,
,575,,,,,,,,,,,,,,,
,576,,,,,,,,,,,,,,,
,577,,,,,,,,,,,,,,,
,578,,,,,,,,,,,,,,,
,579,,,,,,,,,,,,,,,
,580,,,,,,,,,,,,,,,
5,581,無邪気な恋,S,,A,,A,,SS,,A,,,,,
4,582,藤の絆,A,,SS,,,A,,S,A,,,,,
5,583,惹かれる距離,A,,,SS,,SS,,S,S,,,,,
3,584,damask high heels,,B,S,,,B,S,,A,,,,,
5,585,magic boots,A,,A,,S,,SS,,A,,,,,
5,586,lotus step,A,,A,,SS,,SS,,,A,,,,
,587,,,,,,,,,,,,,,,
,588,,,,,,,,,,,,,,,
4,589,strawberry pudding,A,,,SS,,SS,,B,,B,,,,
4,590,black forest,,S,,A,SS,,S,,,B,,,,
4,591,delicate macaron,A,,,B,,S,,SS,,S,,,,
,592,,,,,,,,,,,,,,,
,593,,,,,,,,,,,,,,,
,594,,,,,,,,,,,,,,,
,595,,,,,,,,,,,,,,,
,596,,,,,,,,,,,,,,,
4,597,キャラメル・マキアート,,S,,SS,,A,,A,A,,,,,
,598,,,,,,,,,,,,,,,
,599,,,,,,,,,,,,,,,
,600,,,,,,,,,,,,,,,
,601,,,,,,,,,,,,,,,
,602,,,,,,,,,,,,,,,
,603,,,,,,,,,,,,,,,
,604,,,,,,,,,,,,,,,
,605,,,,,,,,,,,,,,,
,606,,,,,,,,,,,,,,,
,607,,,,,,,,,,,,,,,
,608,,,,,,,,,,,,,,,
,609,,,,,,,,,,,,,,,
,610,,,,,,,,,,,,,,,
,611,,,,,,,,,,,,,,,
,612,,,,,,,,,,,,,,,
,613,,,,,,,,,,,,,,,
,614,,,,,,,,,,,,,,,
,615,,,,,,,,,,,,,,,
4,616,dreamy shoes,A,,SS,,,A,,S,,B,,,,
3,617,yoko's shoes,,S,S,,,A,,A,,B,,,,
4,618,cyan ink,A,,,A,,S,,S,A,,Modern China,,,
3,619,lotus fragrance,A,,S,,B,,,S,,B,Classical China,,,
3,620,party life,,S,,S,,A,,A,B,,,,,azhaaradadrar
4,621,グラデーション・ロング,B,,,SS,A,,,S,A,,,,,
5,622,風雪のロングブーツ,A,,SS,,SS,,,A,A,,,,,
,623,,,,,,,,,,,,,,,
,624,,,,,,,,,,,,,,,
,625,,,,,,,,,,,,,,,
,626,,,,,,,,,,,,,,,
,627,,,,,,,,,,,,,,,
,628,,,,,,,,,,,,,,,
,629,,,,,,,,,,,,,,,
4,630,ハイカットスニーカー,A,,,SS,,S,A,,,B,,,,
,631,,,,,,,,,,,,,,,
,632,,,,,,,,,,,,,,,
,633,,,,,,,,,,,,,,,
,634,,,,,,,,,,,,,,,
5,635,心宿・月の縁,SS,,SS,,A,,,A,A,,,,,
5,636,吉祥の雲,SS,,A,,SS,,A,,S,,,,,
,637,,,,,,,,,,,,,,,
,638,,,,,,,,,,,,,,,
,639,,,,,,,,,,,,,,,
,640,,,,,,,,,,,,,,,
,641,,,,,,,,,,,,,,,
,642,,,,,,,,,,,,,,,
,643,,,,,,,,,,,,,,,
,644,,,,,,,,,,,,,,,
,645,,,,,,,,,,,,,,,
5,646,花蔓の礼靴,B,,SS,,SS,,A,,,S,,,,
3,647,青花靴,B,,S,,S,,,B,,A,,,,
5,648,Sweet Honey,,A,SS,,,A,,S,,A,,,Connect to Facebook,Festivals - Pink Wishes
3,649,ブラックホール,S,,SS,,SS,,,A,A,,,,,
,650,,,,,,,,,,,,,,,
,651,,,,,,,,,,,,,,,
4,652,金ボタンハイヒール,A,,S,,A,,A,,S,,,,,
4,653,花の回廊,A,,,S,,S,,A,A,,Modern China,,,
,654,,,,,,,,,,,,,,,
4,655,女剣士のブーツ,A,,B,,SS,,SS,,A,,,,,
4,656,恋愛の法則-靴,A,,,A,,SS,,S,,B,,,,
,657,,,,,,,,,,,,,,,
,658,,,,,,,,,,,,,,,
,659,,,,,,,,,,,,,,,
5,660,金の棘,A,,SS,,A,,,SS,,S,,,,
,661,,,,,,,,,,,,,,,
,662,,,,,,,,,,,,,,,
,663,,,,,,,,,,,,,,,
,664,,,,,,,,,,,,,,,
,665,,,,,,,,,,,,,,,
,666,,,,,,,,,,,,,,,
,667,,,,,,,,,,,,,,,
,668,,,,,,,,,,,,,,,
5,669,Truly Icy Snow Spirit,A,,SS,,A,,,S,,B,,,,
,670,,,,,,,,,,,,,,,
,671,,,,,,,,,,,,,,,
,672,,,,,,,,,,,,,,,
,673,,,,,,,,,,,,,,,
,674,,,,,,,,,,,,,,,
,675,,,,,,,,,,,,,,,
,676,,,,,,,,,,,,,,,
,677,,,,,,,,,,,,,,,
,678,,,,,,,,,,,,,,,
,679,,,,,,,,,,,,,,,
,680,,,,,,,,,,,,,,,
,681,,,,,,,,,,,,,,,
4,682,Burning Affection,,A,A,,S,,S,,,S,,,,
,683,,,,,,,,,,,,,,,
,684,,,,,,,,,,,,,,,
,685,,,,,,,,,,,,,,,
,686,,,,,,,,,,,,,,,
,687,,,,,,,,,,,,,,,
,688,,,,,,,,,,,,,,,
,689,,,,,,,,,,,,,,,
3,690,Heart High Heels,,S,,B,,A,,S,,B,,,again?,
,691,,,,,,,,,,,,,,,
,692,,,,,,,,,,,,,,,
,693,,,,,,,,,,,,,,,
,694,,,,,,,,,,,,,,,
,695,,,,,,,,,,,,,,,
,696,,,,,,,,,,,,,,,
,697,,,,,,,,,,,,,,,
,698,,,,,,,,,,,,,,,
,699,,,,,,,,,,,,,,,
4,700,女剣士のブーツ（濃紫）,A,,A,,S,,SS,,A,,,,,
4,701,恋愛指南書-靴,A,,,S,,SS,,B,,A,,,,
,702,,,,,,,,,,,,,,,
,703,,,,,,,,,,,,,,,
,704,,,,,,,,,,,,,,,
,705,,,,,,,,,,,,,,,
,706,,,,,,,,,,,,,,,
,707,,,,,,,,,,,,,,,
,708,,,,,,,,,,,,,,,
,709,,,,,,,,,,,,,,,
,710,,,,,,,,,,,,,,,
,711,,,,,,,,,,,,,,,
,712,,,,,,,,,,,,,,,
,713,,,,,,,,,,,,,,,
,714,,,,,,,,,,,,,,,
,715,,,,,,,,,,,,,,,
5,716,愛の鍵,S,,A,,SS,,SS,,,A,,,,
,717,,,,,,,,,,,,,,,
,718,,,,,,,,,,,,,,,
,719,,,,,,,,,,,,,,,
,720,,,,,,,,,,,,,,,
,721,,,,,,,,,,,,,,,
,722,,,,,,,,,,,,,,,
,723,,,,,,,,,,,,,,,
,724,,,,,,,,,,,,,,,
,725,,,,,,,,,,,,,,,
,726,,,,,,,,,,,,,,,
,727,,,,,,,,,,,,,,,
,728,,,,,,,,,,,,,,,
,729,,,,,,,,,,,,,,,
,730,,,,,,,,,,,,,,,
5,731,butterfly star,,,?,,?,,,,,,,,unavailabe,
,732,,,,,,,,,,,,,,,
,733,,,,,,,,,,,,,,,
5,734,ハートの冒険,,S,,SS,,SS,,S,,A,,,,
5,735,運命の導き,S,,S,,SS,,S,,,A,,,,
,736,,,,,,,,,,,,,,,
,737,,,,,,,,,,,,,,,
,738,,,,,,,,,,,,,,,
,739,,,,,,,,,,,,,,,
,740,,,,,,,,,,,,,,,
,741,,,,,,,,,,,,,,,
,742,,,,,,,,,,,,,,,
,743,,,,,,,,,,,,,,,
,744,,,,,,,,,,,,,,,
,745,,,,,,,,,,,,,,,
,746,,,,,,,,,,,,,,,
,747,,,,,,,,,,,,,,,
,748,,,,,,,,,,,,,,,
,749,,,,,,,,,,,,,,,
,750,,,,,,,,,,,,,,,
,751,,,,,,,,,,,,,,,
,752,,,,,,,,,,,,,,,
,753,,,,,,,,,,,,,,,
,754,,,,,,,,,,,,,,,
,755,,,,,,,,,,,,,,,
,756,,,,,,,,,,,,,,,
,757,,,,,,,,,,,,,,,
,758,,,,,,,,,,,,,,,
,759,,,,,,,,,,,,,,,
,760,,,,,,,,,,,,,,,
,761,,,,,,,,,,,,,,,
,762,,,,,,,,,,,,,,,
,763,,,,,,,,,,,,,,,
,764,,,,,,,,,,,,,,,
,765,,,,,,,,,,,,,,,
,766,,,,,,,,,,,,,,,
,767,,,,,,,,,,,,,,,
5,768,氷蝶の舞,A,,SS,,,A,,SS,,A,,,,
,769,,,,,,,,,,,,,,,
,770,,,,,,,,,,,,,,,
,771,,,,,,,,,,,,,,,
,772,,,,,,,,,,,,,,,
5,773,Minuet,s,,S,,,B,,A,B,,Britain,,,
,774,,,,,,,,,,,,,,,
,775,,,,,,,,,,,,,,,
,776,,,,,,,,,,,,,,,
,777,,,,,,,,,,,,,,,
,778,,,,,,,,,,,,,,,
,779,butterfly shoes,,,,,,,,,,,,,vip,
,780,true love,,,,,,,,,,,,,vip,
,781,night curtain,,,,,,,,,,,,,vip,
,782,,,,,,,,,,,,,,,
,783,,,,,,,,,,,,,,,
,784,,,,,,,,,,,,,,,
,785,,,,,,,,,,,,,,,
,786,,,,,,,,,,,,,,,
,787,,,,,,,,,,,,,,,
,788,,,,,,,,,,,,,,,
,789,,,,,,,,,,,,,,,
,790,,,,,,,,,,,,,,,
,791,,,,,,,,,,,,,,,
,792,,,,,,,,,,,,,,,
,793,,,,,,,,,,,,,,,
,794,,,,,,,,,,,,,,,
,795,,,,,,,,,,,,,,,
,796,,,,,,,,,,,,,,,
,797,,,,,,,,,,,,,,,
,798,,,,,,,,,,,,,,,
,799,,,,,,,,,,,,,,,
,800,,,,,,,,,,,,,,,
,801,,,,,,,,,,,,,,,
,802,,,,,,,,,,,,,,,
,803,,,,,,,,,,,,,,,
,804,,,,,,,,,,,,,,,
,805,,,,,,,,,,,,,,,
,806,,,,,,,,,,,,,,,
,807,,,,,,,,,,,,,,,
,808,,,,,,,,,,,,,,,
,809,,,,,,,,,,,,,,,
,810,,,,,,,,,,,,,,,
,811,,,,,,,,,,,,,,,
,812,,,,,,,,,,,,,,,
,813,,,,,,,,,,,,,,,
,814,,,,,,,,,,,,,,,
,815,,,,,,,,,,,,,,,
,816,,,,,,,,,,,,,,,
,817,,,,,,,,,,,,,,,
,818,,,,,,,,,,,,,,,
,819,,,,,,,,,,,,,,,
,820,,,,,,,,,,,,,,,
,821,,,,,,,,,,,,,,,
,822,,,,,,,,,,,,,,,
,823,,,,,,,,,,,,,,,
,824,,,,,,,,,,,,,,,
,825,,,,,,,,,,,,,,,
,826,,,,,,,,,,,,,,,
,827,,,,,,,,,,,,,,,
,828,,,,,,,,,,,,,,,
,829,,,,,,,,,,,,,,,
,830,,,,,,,,,,,,,,,
5,831,白十字靴,A,,,SS,,SS,,A,S,,Paramedics,,,
5,832,グレーの使徒,A,,A,,SS,,SS,,A,,Paramedics,,,
,833,,,,,,,,,,,,,,,
,834,,,,,,,,,,,,,,,
,835,,,,,,,,,,,,,,,
,836,,,,,,,,,,,,,,,
,837,,,,,,,,,,,,,,,
,838,,,,,,,,,,,,,,,
,839,,,,,,,,,,,,,,,
,840,,,,,,,,,,,,,,,
,841,,,,,,,,,,,,,,,
,842,,,,,,,,,,,,,,,
,843,,,,,,,,,,,,,,,
,844,,,,,,,,,,,,,,,
,845,,,,,,,,,,,,,,,
,846,,,,,,,,,,,,,,,
,847,,,,,,,,,,,,,,,
,848,,,,,,,,,,,,,,,
,849,,,,,,,,,,,,,,,
,850,,,,,,,,,,,,,,,
,851,,,,,,,,,,,,,,,
,852,golden beach,,,,,,,,,,,,,,
,853,,,,,,,,,,,,,,,
,854,,,,,,,,,,,,,,,
,855,,,,,,,,,,,,,,,
,856,,,,,,,,,,,,,,,
,857,,,,,,,,,,,,,,,
,858,,,,,,,,,,,,,,,
,859,,,,,,,,,,,,,,,
,860,,,,,,,,,,,,,,,
,861,,,,,,,,,,,,,,,
,862,,,,,,,,,,,,,,,
,863,,,,,,,,,,,,,,,
,864,,,,,,,,,,,,,,,
,865,satir's shoes,,,,,,,,,,,,,buy set,satiroth's sheep lilith
,866,,,,,,,,,,,,,,,
,867,,,,,,,,,,,,,,,
,868,cute tea cup rabbit,,,,,,,,,,,,,unavailable,
,869,,,,,,,,,,,,,,,
,870,,,,,,,,,,,,,,,
,871,,,,,,,,,,,,,,,
5,872,かわいいは正義,S,,,A,S,,SS,,,A,Futuristic,,,
5,873,空舞う靴,A,,,A,SS,,S,,,A,Futuristic,,,
,874,,,,,,,,,,,,,,,
,875,,,,,,,,,,,,,,,
,876,,,,,,,,,,,,,,,
,877,,,,,,,,,,,,,,,
,878,,,,,,,,,,,,,,,
,879,,,,,,,,,,,,,,,
,880,,,,,,,,,,,,,,,
,881,,,,,,,,,,,,,,,
,882,,,,,,,,,,,,,,,
,883,,,,,,,,,,,,,,,
,884,,,,,,,,,,,,,,,
3,885,Brown Loafers,,A,S,,,A,,A,,A,Preppy,,,
,886,,,,,,,,,,,,,,,
,887,,,,,,,,,,,,,,,
,888,,,,,,,,,,,,,,,
,889,,,,,,,,,,,,,,,
,890,,,,,,,,,,,,,,,
,891,,,,,,,,,,,,,,,
,892,,,,,,,,,,,,,,,
,893,,,,,,,,,,,,,,,
,894,,,,,,,,,,,,,,,
,895,,,,,,,,,,,,,,,
,896,,,,,,,,,,,,,,,
,897,,,,,,,,,,,,,,,
,898,,,,,,,,,,,,,,,
,899,,,,,,,,,,,,,,,
,900,,,,,,,,,,,,,,,
,901,,,,,,,,,,,,,,,
,902,,,,,,,,,,,,,,,
,903,,,,,,,,,,,,,,,
,904,,,,,,,,,,,,,,,
,905,,,,,,,,,,,,,,,
4,906,fashion trend,b,,,s,,ss,a,,,a,harajuku,,login,raspberry pink rock apple
,907,,,,,,,,,,,,,,,
,908,,,,,,,,,,,,,,,
,909,,,,,,,,,,,,,,,
,910,,,,,,,,,,,,,,,
5,911,菖蒲の下駄,S,,S,,SS,,,S,A,,Kimono,,,
5,912,菖蒲の下駄（青）,,SS,A,,,A,,S,,A,Kimono,,,
5,913,菖蒲の下駄（金）,A,,SS,,S,,A,,S,,Kimono,,,
,914,,,,,,,,,,,,,,,
,915,,,,,,,,,,,,,,,
,916,,,,,,,,,,,,,,,
5,917,桜の期待,S,,S,,SS,,A,,A,,Kimono,,,
,918,,,,,,,,,,,,,,,
,919,,,,,,,,,,,,,,,
,920,,,,,,,,,,,,,,,
,921,,,,,,,,,,,,,,,
,922,,,,,,,,,,,,,,,
,923,,,,,,,,,,,,,,,
4,924,Road of Return,A,,SS,,A,,S,,A,,,,,
,925,,,,,,,,,,,,,,,
,926,,,,,,,,,,,,,,,
,927,,,,,,,,,,,,,,,
,928,,,,,,,,,,,,,,,
,929,,,,,,,,,,,,,,,
,930,,,,,,,,,,,,,,,
,931,,,,,,,,,,,,,,,
,932,,,,,,,,,,,,,,,
,933,,,,,,,,,,,,,,,
,934,,,,,,,,,,,,,,,
5,935,Snowy Hinderance,S,,SS,,S,,,A,,A,,,,
,936,,,,,,,,,,,,,,,
,937,,,,,,,,,,,,,,,
,938,,,,,,,,,,,,,,,
,939,,,,,,,,,,,,,,,
,940,,,,,,,,,,,,,,,
,941,,,,,,,,,,,,,,,
5,942,Rinley's Present,S,,A,,,A,,SS,,A,,,,
,943,,,,,,,,,,,,,,,
,944,,,,,,,,,,,,,,,
,945,,,,,,,,,,,,,,,
,946,,,,,,,,,,,,,,,
,947,,,,,,,,,,,,,,,
,948,,,,,,,,,,,,,,,
,949,,,,,,,,,,,,,,,
,950,,,,,,,,,,,,,,,
,951,,,,,,,,,,,,,,,
,952,,,,,,,,,,,,,,,
,953,,,,,,,,,,,,,,,
,954,,,,,,,,,,,,,,,
,955,,,,,,,,,,,,,,,
,956,,,,,,,,,,,,,,,
,957,,,,,,,,,,,,,,,
,958,,,,,,,,,,,,,,,
,959,,,,,,,,,,,,,,,
,960,,,,,,,,,,,,,,,
,961,,,,,,,,,,,,,,,
,962,,,,,,,,,,,,,,,
,963,,,,,,,,,,,,,,,
,964,,,,,,,,,,,,,,,
,965,,,,,,,,,,,,,,,
4,966,Holy Night's Powdered Snow,,S,,A,,A,,S,,S,,,,
,967,,,,,,,,,,,,,,,
,968,,,,,,,,,,,,,,,
,969,,,,,,,,,,,,,,,
,970,,,,,,,,,,,,,,,
,971,,,,,,,,,,,,,,,
,972,,,,,,,,,,,,,,,
,973,,,,,,,,,,,,,,,
,974,,,,,,,,,,,,,,,
,975,,,,,,,,,,,,,,,
,976,,,,,,,,,,,,,,,
,977,,,,,,,,,,,,,,,
,978,,,,,,,,,,,,,,,
,979,,,,,,,,,,,,,,,
,980,,,,,,,,,,,,,,,
,981,,,,,,,,,,,,,,,
,982,,,,,,,,,,,,,,,
,983,,,,,,,,,,,,,,,
,984,,,,,,,,,,,,,,,
,985,,,,,,,,,,,,,,,
,986,,,,,,,,,,,,,,,
,987,,,,,,,,,,,,,,,
,988,,,,,,,,,,,,,,,
,989,,,,,,,,,,,,,,,
,990,,,,,,,,,,,,,,,
,991,,,,,,,,,,,,,,,
,992,,,,,,,,,,,,,,,
5,993,The Day we Drifted Apart,A,,,SS,,A,,SS,,S,Kimono,,,
5,994,烏天狗の下駄,S,,A,,S,,S,,A,,Kimono,,,
5,995,元気娘の下駄,,SS,,SS,,A,,S,,S,Kimono,,,
,996,,,,,,,,,,,,,,,
,997,,,,,,,,,,,,,,,
,998,,,,,,,,,,,,,,,
,999,,,,,,,,,,,,,,,
,1000,,,,,,,,,,,,,,,
5,1001,血塗られた惨劇,A,,S,,SS,,SS,,,A,エスニック,,,
,1002,,,,,,,,,,,,,,,
,1003,,,,,,,,,,,,,,,
,1004,,,,,,,,,,,,,,,
4,1005,Blue Recollections,,SS,,B,,A,,S,,A,,,,
,1006,,,,,,,,,,,,,,,
,1007,,,,,,,,,,,,,,,
5,1008,Wheel of Fortune (Tarot),S,,A,,SS,,SS,,,S,エスニック,,,
,1009,,,,,,,,,,,,,,,
,1010,,,,,,,,,,,,,,,
,1011,,,,,,,,,,,,,,,
,1012,,,,,,,,,,,,,,,
,1013,,,,,,,,,,,,,,,
,1014,,,,,,,,,,,,,,,
,1015,,,,,,,,,,,,,,,
,1016,,,,,,,,,,,,,,,
,1017,,,,,,,,,,,,,,,
,1018,,,,,,,,,,,,,,,
,1019,,,,,,,,,,,,,,,
,1020,,,,,,,,,,,,,,,
,1021,,,,,,,,,,,,,,,
,1022,,,,,,,,,,,,,,,
5,1023,Cherry Blossom Aroma,A,,S,,,SS,,SS,,A,Kimono,,,
4,1024,Mild Winter,A,,,S,,S,,A,,A,,,,
,1025,,,,,,,,,,,,,,,
,1026,,,,,,,,,,,,,,,
,1027,,,,,,,,,,,,,,,
,1028,,,,,,,,,,,,,,,
,1029,,,,,,,,,,,,,,,
,1030,,,,,,,,,,,,,,,
,1031,,,,,,,,,,,,,,,
,1032,,,,,,,,,,,,,,,
,1033,,,,,,,,,,,,,,,
,1034,,,,,,,,,,,,,,,
,1035,,,,,,,,,,,,,,,
,1036,,,,,,,,,,,,,,,
,1037,,,,,,,,,,,,,,,
,1038,,,,,,,,,,,,,,,
,1039,,,,,,,,,,,,,,,
,1040,,,,,,,,,,,,,,,
,1041,,,,,,,,,,,,,,,
,1042,,,,,,,,,,,,,,,
,1043,,,,,,,,,,,,,,,
,1044,,,,,,,,,,,,,,,
,1045,,,,,,,,,,,,,,,
,1046,,,,,,,,,,,,,,,
,1047,,,,,,,,,,,,,,,
5,1048,桜色のぽっくり,A,,S,,SS,,,S,,A,Kimono,,,
5,1049,桜色のぽっくり（ポーズ付き）,SS,,A,,A,,,SS,,S,Kimono,,,
5,1050,春色散歩,A,,,SS,,SS,,A,,A,,,,
5,1051,春探し,A,,SS,,,S,,SS,,A,Lolita,,,
,1052,,,,,,,,,,,,,,,
,1053,,,,,,,,,,,,,,,
,1054,,,,,,,,,,,,,,,
,1055,,,,,,,,,,,,,,,
,1056,,,,,,,,,,,,,,,
,1057,,,,,,,,,,,,,,,
,1058,,,,,,,,,,,,,,,
,1059,,,,,,,,,,,,,,,
,1060,,,,,,,,,,,,,,,
,1061,,,,,,,,,,,,,,,
,1062,,,,,,,,,,,,,,,
,1063,,,,,,,,,,,,,,,
,1064,,,,,,,,,,,,,,,
,1065,,,,,,,,,,,,,,,
,1066,,,,,,,,,,,,,,,
,1067,,,,,,,,,,,,,,,
,1068,,,,,,,,,,,,,,,
,1069,,,,,,,,,,,,,,,
,1070,,,,,,,,,,,,,,,
5,1071,グレイクロウの過去,A,,S,,SS,,SS,,,A,Preppy,,,
5,1072,突然の終わり,,A,SS,,,A,,SS,,A,Preppy,,,
5,1073,席替え,,SS,,A,,A,,SS,,A,,,,
,1074,,,,,,,,,,,,,,,
,1075,,,,,,,,,,,,,,,